player_id,player_name,primary_position,team_name,competition_name,cluster,pca_x,pca_y,tsne_x,tsne_y
4633,Magdalena Lilly Eriksson,Left Center Back,Chelsea FCW,FA Women's Super League,7,0.22739845857880464,2.683587093305878,3.3435838,58.920555
4636,Maria Thorisdottir,Right Center Midfield,Chelsea FCW,FA Women's Super League,7,0.7272431040411744,1.8752407810015734,12.328812,47.982094
4638,Drew Spence,Left Center Midfield,Chelsea FCW,FA Women's Super League,1,1.799746953486187,-0.709088204542903,32.191982,-21.222242
4640,Rut Hedvig Lindahl,Goalkeeper,Chelsea FCW,FA Women's Super League,0,-3.5548168321535796,1.054472880041997,-41.21045,36.53822
4641,Francesca Kirby,Left Center Forward,Chelsea FCW,FA Women's Super League,3,2.259297737637045,-3.535507110945019,32.741543,-50.261925
4642,Millie Bright,Center Back,Chelsea FCW,FA Women's Super League,7,1.4385349749922975,3.6092449267941706,6.454463,61.241608
4647,So-Yun Ji,Center Midfield,Chelsea FCW,FA Women's Super League,7,3.9994551365858015,0.8442819237264432,27.35918,56.33049
4657,Anita Amma Ankyewah Asante,Center Back,Chelsea FCW,FA Women's Super League,2,-0.4474940928725994,0.8344109493893551,-0.8576818,11.750574
4659,Ramona Bachmann,Right Center Forward,Chelsea FCW,FA Women's Super League,4,2.5742193558258477,-2.5543256035979907,30.224394,-41.975937
4660,Erin Cuthbert,Right Center Midfield,Chelsea FCW,FA Women's Super League,4,3.802465461445978,-1.9046412893387936,50.849888,-31.435974
5088,Crystal Alyssia Dunn Soubrier,Left Midfield,Chelsea FCW,FA Women's Super League,4,2.0949044878729377,-1.209051921468454,31.837603,-35.337124
10395,Maren Nævdal Mjelde,Left Center Midfield,Chelsea FCW,FA Women's Super League,7,0.8046700417897251,2.4482616978488427,4.4595046,58.48743
17275,Hannah Jayne Blundell,Right Midfield,Chelsea FCW,FA Women's Super League,7,2.801165435991508,2.9198833441805796,17.908398,55.069183
4637,Ellie Roebuck,Goalkeeper,Manchester City WFC,FA Women's Super League,0,-2.9098108682022277,2.006711779530314,-41.96071,33.784805
4643,Georgia Stanway,Left Center Midfield,Manchester City WFC,FA Women's Super League,4,2.9304425822971156,-2.0715631110517787,30.7534,-51.96535
4645,Isobel Mary Christiansen,Left Center Midfield,Manchester City WFC,FA Women's Super League,7,1.211519635931423,0.7175040363804207,21.830431,47.993366
4646,Claire Emslie,Left Wing,Manchester City WFC,FA Women's Super League,4,0.9576260479301113,-2.577303661233226,29.98854,-35.383286
4648,Abbie McManus,Right Center Back,Manchester City WFC,FA Women's Super League,7,0.8005388002398581,3.214114649471855,5.878423,54.40355
4649,Esme Beth Morgan,Right Back,Manchester City WFC,FA Women's Super League,7,0.9544325470129222,2.9198182179154,4.378038,49.474663
4650,Nadia Nadim,Center Forward,Manchester City WFC,FA Women's Super League,3,0.4388398277581613,-4.300731901964151,3.38569,-47.341393
4651,Demi Stokes,Left Back,Manchester City WFC,FA Women's Super League,7,2.0184538489997936,2.576775933672346,17.51695,52.109245
4653,Jane Ross,Center Forward,Manchester City WFC,FA Women's Super League,6,0.15399229407996087,-3.2082122233069987,5.548862,-52.82757
4654,Nikita Parris,Right Wing,Manchester City WFC,FA Women's Super League,3,2.610952530463239,-5.413976020772706,16.88652,-66.2635
4658,Keira Walsh,Center Midfield,Manchester City WFC,FA Women's Super League,7,2.251723437759002,2.671045531301809,18.408583,53.063572
10172,Jill Scott,Right Center Midfield,Manchester City WFC,FA Women's Super League,1,2.1275518568913547,0.3161095807601098,33.22843,-16.766426
17524,Jennifer Patricia Beattie,Left Center Back,Manchester City WFC,FA Women's Super League,7,1.3640180908000485,4.236693450305541,5.9325,65.43653
4940,Andi Sullivan,Center Defensive Midfield,Washington Spirit,NWSL,1,1.1645528435837138,0.09915317545170112,22.65548,20.720427
4941,Taylor Smith,Right Back,Washington Spirit,NWSL,1,1.2592901896554485,0.8538241501277894,44.311325,5.2256875
4943,Estelle Johnson,Left Center Back,Washington Spirit,NWSL,1,-0.302437573525041,1.0392718783879822,6.959323,5.37842
4945,Havana Solaun,Right Center Midfield,Washington Spirit,NWSL,4,1.790457370849235,-1.691083927443091,25.377506,-37.212753
4946,Joanna Lohman,Right Center Midfield,Washington Spirit,NWSL,2,-2.0661598844159,-0.0866739792711067,-47.104782,0.9157551
4950,Whitney Church,Right Center Back,Washington Spirit,NWSL,2,-1.6923606173927492,1.0189654974962983,-20.137035,24.0423
4956,Mallory Eubanks,Left Wing,Washington Spirit,NWSL,1,1.2424341226204696,0.39567701403906713,32.395157,-0.15136777
4962,Caprice Dydasco,Left Back,Washington Spirit,NWSL,7,1.0155128259221824,1.8635786372756327,12.352773,42.6651
4964,Ashley Hatch,Center Forward,Washington Spirit,NWSL,6,-0.9206239786295424,-3.507402911269872,2.7754421,-51.240963
5022,Francisca Ordega,Right Wing,Washington Spirit,NWSL,4,1.6150829153363448,-2.312855422622063,17.064926,-17.177732
5023,Mallory Pugh,Left Center Midfield,Washington Spirit,NWSL,4,1.1111316446891273,-2.80066530523964,36.239494,-42.85497
5025,Aubrey Renee Kingsbury,Goalkeeper,Washington Spirit,NWSL,0,-4.542784797114107,0.29568807449223844,-80.40413,-18.330647
5026,Meggie Dougherty Howard,Left Wing,Washington Spirit,NWSL,2,-0.3926362811521276,0.47710636212848934,-15.524401,7.9228706
5029,Tori Huster,Left Center Midfield,Washington Spirit,NWSL,1,0.8853580662660598,0.3784241547660063,2.5640557,13.058081
21057,DiDi Haracic,0,Washington Spirit,NWSL,0,-5.230709438885542,-0.5979796949459034,-71.388565,-26.15156
5034,Jessica McDonald,Right Center Forward,North Carolina Courage,NWSL,3,1.1011909120988372,-4.615034131127223,9.625466,-55.203903
5036,Darian Jenkins,Right Center Forward,North Carolina Courage,NWSL,4,3.6997750446698983,-2.729853883725878,49.244835,-40.99051
5037,Abby Erceg,Left Center Back,North Carolina Courage,NWSL,2,-0.9604299385630191,0.9876805228534408,-35.07991,11.738573
5038,Allysha Lyn Chapman,Right Back,North Carolina Courage,NWSL,2,-0.050169348593886484,1.8515838682453747,8.095175,29.798367
5041,Cari Roccaro,0,North Carolina Courage,NWSL,1,0.6704434195339859,1.3702390753826272,8.602686,9.371975
5047,Jaelene McKenzie Daniels,Left Back,North Carolina Courage,NWSL,1,2.6079330870221407,1.1697550809563315,51.638874,-11.157665
5048,Katelyn Rowland,0,North Carolina Courage,NWSL,0,-4.369245124975733,0.6947719257091038,-72.41573,-2.0199418
5050,Meredith Speck,Left Center Midfield,North Carolina Courage,NWSL,1,0.1576512031737124,1.3318870965895049,22.643425,7.362985
5055,Lynn Raenie Williams,Left Center Forward,North Carolina Courage,NWSL,3,2.7286076164625945,-7.385195166931649,16.431187,-67.77499
5057,Kaleigh Kurtz,0,North Carolina Courage,NWSL,2,-0.6876723596574211,2.309183223487905,-35.83059,15.463087
5080,Kristen Hamilton,Left Wing,North Carolina Courage,NWSL,3,-0.3099294892504879,-4.32393352250817,16.308054,-55.9428
5081,Abby Dahlkemper,Right Center Back,North Carolina Courage,NWSL,7,0.07906504438278254,3.354084241114641,4.594849,54.30036
5083,Merritt Mathias,Right Back,North Carolina Courage,NWSL,1,0.7003272798910876,0.9616004556920328,12.845333,14.502509
5084,Denise O'Sullivan,Right Center Midfield,North Carolina Courage,NWSL,1,2.866869523149114,-0.03223188911572039,34.482006,9.18801
5087,Samantha June Mewis,0,North Carolina Courage,NWSL,3,2.535865292628844,-2.551703990584329,31.526255,-53.207726
5091,McCall Zerboni,Left Center Midfield,North Carolina Courage,NWSL,1,3.154842472363334,0.5965998969210823,43.077,16.04517
5102,Sabrina D’Angelo,Goalkeeper,North Carolina Courage,NWSL,0,-4.596895924579107,0.3767142413887279,-71.80718,-7.812255
4994,Nahomi Kawasumi,Left Wing,OL Reign,NWSL,5,4.111328093540678,-0.41802506012760077,49.58921,-7.952405
4997,Alyssa Kleiner,Right Back,OL Reign,NWSL,5,4.752671298058118,-0.3840708565276963,51.162766,5.4513526
4998,Rumi Utsugi,Left Center Midfield,OL Reign,NWSL,1,2.529929731143294,0.2976654481288425,41.494934,16.981134
5000,Stephanie-Elise Catley,Left Back,OL Reign,NWSL,7,-0.018832598497072684,1.3003097574307438,-7.8676634,42.64394
5001,Allie Long,Right Center Midfield,OL Reign,NWSL,7,1.3330643087239211,1.179043440922837,20.591112,45.599754
5002,Jodie Taylor,Center Forward,OL Reign,NWSL,3,-0.6760195010927035,-4.894005835881966,8.063645,-60.10513
5006,Beverly Yanez,Right Wing,OL Reign,NWSL,6,0.25913206223413443,-2.3231961326196027,1.5440668,-34.3858
5007,Megan Montefusco,Right Center Back,OL Reign,NWSL,2,-1.0991308150427037,2.160448919107515,-14.801342,39.414577
5008,Kristen McNabb,Left Center Back,OL Reign,NWSL,2,-2.6424823583059927,0.31792434831946065,-29.292934,31.322891
5016,Jessica Fishlock,Center Attacking Midfield,OL Reign,NWSL,1,1.2035898947785273,-0.3844388502997885,30.28016,-20.810703
5017,Christen Westphal,Right Back,OL Reign,NWSL,2,-0.9967592717742618,0.6339445211754037,-21.689547,-15.086662
5019,Michelle Betos,Goalkeeper,OL Reign,NWSL,0,-4.410903841111191,0.6792585433110031,-78.40613,-3.6719391
5065,Lauren Barnes,0,OL Reign,NWSL,7,-0.05184806186413508,2.905801598216995,5.605026,54.502777
5066,Lydia Grace Yilkari Williams,0,OL Reign,NWSL,0,-3.5592333761504777,1.8747162180736667,-74.165924,10.686677
5069,Theresa Nielsen,0,OL Reign,NWSL,7,0.7796575639970863,2.4256260744906535,13.831762,32.700157
5075,Elizabeth Addo,0,OL Reign,NWSL,4,1.9864236996663456,-1.6490164943274086,25.95836,-38.16095
4995,Celeste Boureille,Right Defensive Midfield,Portland Thorns,NWSL,2,-1.278005647478383,1.0828470049761487,-25.45905,31.810291
4999,Lindsey Michelle Horan,Left Defensive Midfield,Portland Thorns,NWSL,3,4.437603249837535,-1.987951365407522,31.923132,-52.953564
5003,Emily Ann Sonnett,Center Back,Portland Thorns,NWSL,1,0.6213231154070147,1.6203679793858854,9.972848,10.689693
5005,Britt Eckerstrom,Goalkeeper,Portland Thorns,NWSL,0,-5.198962024209061,-0.47189979862363746,-70.98323,-24.23086
5009,Margaret Purce,Right Midfield,Portland Thorns,NWSL,5,3.552558969045507,0.030333446863117133,53.878124,-4.6568947
5010,Mallory Weber,Left Center Forward,Portland Thorns,NWSL,4,1.5548709267780005,-4.186331563189137,18.163204,-40.348267
5011,Meghan Klingenberg,Left Midfield,Portland Thorns,NWSL,7,0.7949768752676448,1.9665294586634043,11.738754,46.432404
5012,Katherine Reynolds,Right Center Back,Portland Thorns,NWSL,2,-2.0100149340122417,0.03425002907321218,-26.612019,1.5036263
5013,Tobin Powell Heath,Left Center Forward,Portland Thorns,NWSL,4,1.7476359040702287,-2.1045386029034034,30.943108,-37.95267
5015,Kelli Hubly,Left Center Back,Portland Thorns,NWSL,1,-0.5544076371032132,0.978845340937786,-5.5052624,5.5147934
5018,Andressa Cavalari Machry,Right Defensive Midfield,Portland Thorns,NWSL,4,0.8115805040188829,-0.10616450681371624,36.035744,-29.32334
5020,Christine Margaret Sinclair,Center Attacking Midfield,Portland Thorns,NWSL,6,-0.1343233794447807,-1.4395864395207416,0.8171837,-38.06501
5094,Ifeoma Onumonu,0,Portland Thorns,NWSL,2,-2.0355302097419026,-1.7644407363500665,-20.241898,-28.593826
5095,Ellie Madison Carpenter,0,Portland Thorns,NWSL,1,0.9236142208331077,1.6248679984421925,14.101715,32.065407
10408,Ana-Maria Crnogorčević,Right Center Forward,Portland Thorns,NWSL,6,-0.661028979340368,-1.6414391907264505,6.9320874,-30.54892
4942,Arin Wright,Left Back,Chicago Red Stars,NWSL,2,-0.5570891175000046,1.8464748660738577,-12.699082,20.786423
4947,Danielle Colaprico,Right Center Midfield,Chicago Red Stars,NWSL,7,0.7236290026629473,1.823472466304963,-3.7137244,29.345112
4952,Emily Boyd,0,Chicago Red Stars,NWSL,0,-4.298722047066135,0.768725053443703,-83.93167,-2.069627
4953,Alyssa Mautz,Right Back,Chicago Red Stars,NWSL,1,1.2078851578872525,-0.31512156947672676,43.622345,-16.933397
4955,Sarah Gorden,Right Center Back,Chicago Red Stars,NWSL,2,-1.9728724332376402,1.2221167474573122,-30.57507,3.6319833
4958,Kathleen Naughton,0,Chicago Red Stars,NWSL,0,-3.140716524763569,0.7751046885812909,-50.156933,2.6351886
4959,Taylor Comeau,Right Back,Chicago Red Stars,NWSL,1,0.6488701142570446,0.8755869941698093,6.5367813,-0.11067667
4961,Samantha May Kerr,Right Wing,Chicago Red Stars,NWSL,3,0.5536754184569334,-7.081975689261195,11.921449,-68.08887
4963,Yuki Nagasato,Left Wing,Chicago Red Stars,NWSL,4,1.5100812631109701,-1.5051642462220756,29.536772,-52.949158
4965,Nikki Stanton,Center Defensive Midfield,Chicago Red Stars,NWSL,1,0.1164646730523947,0.2726065145653556,5.618491,1.4770305
5100,Alyssa Michele Naeher,Goalkeeper,Chicago Red Stars,NWSL,0,-4.564983495666111,0.08527493525232002,-74.72998,-8.181563
5101,Samantha Johnson,Left Center Back,Chicago Red Stars,NWSL,2,-1.9328028994113697,1.3002400761487958,-16.27889,22.159624
5103,Michele Vasconcelos,Left Center Midfield,Chicago Red Stars,NWSL,1,0.4594130063625558,-1.3202279091209823,13.685736,-13.665465
5105,Sofia Huerta,Left Back,Chicago Red Stars,NWSL,4,1.5004645336804225,-1.4831678880199444,43.798706,-18.32062
6811,Julie Beth Ertz,0,Chicago Red Stars,NWSL,2,0.15577684100956093,0.4948941162931644,-7.411217,32.12926
5044,Débora Cristiane de Oliveira,Left Wing,North Carolina Courage,NWSL,4,1.134315590696009,-3.2539233819264965,25.628479,-49.487465
5046,Elizabeth Eddy,0,North Carolina Courage,NWSL,1,2.543878799971017,1.7093092495397144,49.316246,-18.73199
4944,Estefanía Romina Banini Ruiz,Right Center Midfield,Washington Spirit,NWSL,4,2.060328123336811,-0.225077153535507,50.348724,-45.260586
4951,Rebecca Quinn,Left Center Midfield,Washington Spirit,NWSL,7,0.6004259368000292,1.8144905993406677,13.076286,33.69553
4960,Kelsey Wys,0,Washington Spirit,NWSL,0,-4.661617507591241,0.2636099666608117,-71.01425,-9.094318
4966,Desiree Rose Marie Scott,Right Defensive Midfield,Utah Royals,NWSL,1,0.8430611369319426,1.9348747499527832,15.064837,29.766487
4969,Nicole Barnhart,0,Utah Royals,NWSL,0,-4.35778259066255,0.8100483596720649,-72.11952,-0.41431493
4971,Rebecca Moros,Left Back,Utah Royals,NWSL,1,1.1300988042260045,2.4921673455371263,14.60669,31.94053
4972,Katie Stengel,Center Forward,Utah Royals,NWSL,3,1.945580443121317,-2.8254039734413556,9.604505,-51.127724
4973,Diana Matheson,Right Wing,Utah Royals,NWSL,2,-0.9928502790777851,-0.9214501323717249,1.1156099,-25.906618
4975,Gunnhildur Yrsa Jónsdóttir,Left Defensive Midfield,Utah Royals,NWSL,2,-0.3762677095021499,0.7383500956893063,-13.293712,12.0351925
4976,Lo’eau LaBonta,0,Utah Royals,NWSL,7,0.04464351561955707,2.0652016652019225,-4.8887577,52.406845
4979,Katrina Gorry,Center Attacking Midfield,Utah Royals,NWSL,7,3.279711770395636,1.1312654000998768,34.295692,46.84361
4983,Brooke Elby,Right Back,Utah Royals,NWSL,1,1.6945013615784819,1.0819808507535398,14.03157,22.35183
4984,Rachel Corsie,Right Center Back,Utah Royals,NWSL,2,-1.0282821119266956,1.796524581380342,-9.608681,38.067326
4987,Sydney Miramontez,0,Utah Royals,NWSL,2,-0.9607452338472857,1.699545959621801,-11.909265,16.951942
5021,Kelley Maureen O'Hara,Left Wing,Utah Royals,NWSL,7,1.379559465835256,1.6042930912334752,20.865501,49.40602
5024,Amy Rodriguez,Center Forward,Utah Royals,NWSL,1,0.9480403453256987,-2.1821049634209846,21.895315,-14.2889595
5027,Erika Tymrak,Right Wing,Utah Royals,NWSL,5,7.880419721229481,0.11656065179450616,60.045685,3.319447
5028,Katie Bowen,Left Wing,Utah Royals,NWSL,2,-0.7454278588437854,1.6179330167522985,-10.933164,18.187046
5030,Rebecca Elizabeth Sauerbrunn,Left Center Back,Utah Royals,NWSL,7,-0.9967054162167759,2.9691066221989533,-10.866616,43.795994
5031,Abby Smith,Goalkeeper,Utah Royals,NWSL,0,-3.964010423862241,1.1565110885117842,-82.585724,2.3975053
4967,Raquel Rodriguez,Left Center Midfield,NJ/NY Gotham FC,NWSL,4,0.9155982195416066,-1.294661969530812,27.84723,-36.118732
4968,Madison Tiernan,Right Wing,NJ/NY Gotham FC,NWSL,1,1.1106745233879083,0.17019122670296474,12.98369,0.93502545
4970,Amanda Frisbie,Left Back,NJ/NY Gotham FC,NWSL,1,-0.22480312667391103,0.943117200271321,-6.074546,4.7383103
4974,Mandy Freeman,Left Center Back,NJ/NY Gotham FC,NWSL,2,-2.3239898287666247,1.1731603913902056,-31.115505,3.3872442
4978,Dominique Richardson,Right Center Back,NJ/NY Gotham FC,NWSL,2,-2.0981983558492843,0.863718469822129,-29.372915,4.7552
4980,Thaysa de Moraes Rosa Moreno,Left Center Midfield,NJ/NY Gotham FC,NWSL,1,1.2400219272806112,0.053781654336157114,35.986378,-2.3055031
4981,Kailen Mary Iacovoni Sheridan,Goalkeeper,NJ/NY Gotham FC,NWSL,0,-3.8010515392278648,0.5304713385477925,-41.19528,41.867176
4982,Katlyn Alicia Johnson Carreón,Center Forward,NJ/NY Gotham FC,NWSL,1,-0.00047683185220158723,-1.47512888833847,9.99191,-27.909811
4986,Shea Groom,Left Wing,NJ/NY Gotham FC,NWSL,6,-1.3922912059403014,-2.7910224820791436,10.087168,-36.3152
4988,Sarah Killion,Center Defensive Midfield,NJ/NY Gotham FC,NWSL,1,1.0389378060941978,1.1947647717777647,24.390024,24.05051
4992,Janine Elizabeth Beckie,Left Wing,NJ/NY Gotham FC,NWSL,4,2.8679015500748,-1.0489541511352645,40.121223,-37.681496
5096,Savannah McCaskill,Right Wing,NJ/NY Gotham FC,NWSL,4,0.3466669742135308,-0.9170234394774808,21.710445,-29.36759
5097,Carli Anne Hollins,Right Center Midfield,NJ/NY Gotham FC,NWSL,3,4.6045141123711835,-6.49837836822431,19.275295,-65.11873
5098,Erica Skroski,Right Back,NJ/NY Gotham FC,NWSL,2,-0.5108558591289143,2.2316442909476155,-5.35689,30.625309
8564,Caroline Casey,0,NJ/NY Gotham FC,NWSL,0,-4.9479902426663775,-0.09561783701952432,-74.02675,-21.982878
10714,Michaela Abam,0,NJ/NY Gotham FC,NWSL,6,-1.0903857017679097,-2.0092667347511055,7.011508,-19.642708
5060,Poliana Barbosa Medeiros,Left Back,Orlando Pride,NWSL,4,3.0871243801051644,0.27275120350121157,45.281116,34.261765
5061,Haley Judith Kopmeyer,0,Orlando Pride,NWSL,0,-5.075754166395429,-0.26347999246661563,-73.92674,-25.581125
5062,Dani Weatherholt,Left Center Midfield,Orlando Pride,NWSL,4,1.4720520627737057,-1.3378917700828787,30.951496,-21.952831
5063,Chioma Ubogagu,Left Wing,Orlando Pride,NWSL,4,2.466954711651417,-1.6237770411834296,32.321125,-39.982086
5064,Carson Pickett,Left Back,Orlando Pride,NWSL,2,-0.6844130269063347,1.5797899115280911,-12.595914,20.5671
5068,Kristen Edmonds,Right Back,Orlando Pride,NWSL,1,1.0739393200147676,1.0151842356396457,42.608192,20.573774
5070,Christine Nairn,Left Center Midfield,Orlando Pride,NWSL,7,-1.3497810208735983,1.9960797041220437,-51.39168,17.483217
5074,Shelina Laura Zadorsky,Left Center Back,Orlando Pride,NWSL,2,-0.6833723005032091,2.2302460921265608,-8.303383,38.29823
5076,Emily Louise van Egmond,Center Defensive Midfield,Orlando Pride,NWSL,1,0.5789653681356898,-0.5633397280963809,29.17797,-21.235222
5078,Alanna Stephanie Kennedy,Right Center Midfield,Orlando Pride,NWSL,7,0.5142740405644356,0.4668703403463683,16.023579,43.330128
5082,Marta Vieira da Silva,Right Wing,Orlando Pride,NWSL,3,2.543128765292893,-3.187134408322767,32.555016,-51.917065
5085,Alexandra Morgan Carrasco,Secondary Striker,Orlando Pride,NWSL,3,0.2004492155444782,-4.961436352864094,8.53976,-57.024742
5086,Rachel Hill,Left Wing,Orlando Pride,NWSL,2,0.02078286299284689,-1.1466882337861692,4.854081,-27.111334
5089,Ali Krieger,Right Center Back,Orlando Pride,NWSL,7,0.1358585758357901,2.0718103458775587,11.657035,46.442635
5090,Ashlyn Harris,Goalkeeper,Orlando Pride,NWSL,0,-4.181689085502307,0.08060510519255093,-43.396774,41.64258
50460,Lotta Ökvist,0,Orlando Pride,NWSL,1,0.7702785744563875,1.0702941476582448,26.465431,9.662046
5033,Yuri Kawamura,0,North Carolina Courage,NWSL,1,0.8978394865623405,1.9373293078299663,19.361958,6.4069324
5067,Sydney Rae Leroux,Left Midfield,Orlando Pride,NWSL,3,2.596630611311554,-4.597937393895021,20.747648,-59.638474
5071,Monica Hickmann Alves,Right Center Back,Orlando Pride,NWSL,2,-1.045489254317686,2.1341544386443383,-9.918999,39.25286
8199,Toni Pressley,0,Orlando Pride,NWSL,0,-3.0576775717784264,-0.2653175924859234,-30.288332,32.183277
5077,Jasmyne Spencer,Right Wing,OL Reign,NWSL,3,2.152424676855867,-4.659457115899017,21.796566,-64.33611
8297,Adriana Kristina Leon,0,OL Reign,NWSL,4,0.7714762272030098,-2.9445027168933655,16.1798,-35.976856
8298,Megan Anna Rapinoe,Left Wing,OL Reign,NWSL,3,3.3049972925258593,-3.4277896381851725,33.022835,-50.995564
6818,Hayley Emma Raso,Center Forward,Portland Thorns,NWSL,4,1.6161536692325513,-2.745981892531516,13.78341,-35.084682
6819,Adrianna Nichole Franch,Goalkeeper,Portland Thorns,NWSL,0,-4.61093523247966,0.43465597404097717,-69.10218,-2.7474716
6817,Christen Annemarie Press,Left Wing,Utah Royals,NWSL,3,0.7825857320566927,-3.8101776546981916,25.446339,-49.645004
4985,Christina Gibbons,0,NJ/NY Gotham FC,NWSL,2,-0.5648717678480986,2.3859795181349917,-19.673065,53.179535
7180,Imani Dorsey,Left Center Midfield,NJ/NY Gotham FC,NWSL,3,1.0780236412489088,-3.8687549287370944,9.724898,-60.02391
4949,Rosemary Kathleen Lavelle,0,Washington Spirit,NWSL,4,2.71713201933525,-2.148116255099635,30.402185,-51.036724
4948,Rosie White,0,Chicago Red Stars,NWSL,6,-0.7517715607591028,-2.060957024974697,5.745709,-34.72748
6812,Vanessa DiBernardo,Left Defensive Midfield,Chicago Red Stars,NWSL,7,2.354047339034444,0.5407381796527739,20.104195,43.28123
6813,Morgan Paige Gautrat,Center Attacking Midfield,Chicago Red Stars,NWSL,4,2.8173572234712663,0.3141036859615213,39.332947,-24.446642
7179,Casey Marie Krueger,Left Back,Chicago Red Stars,NWSL,2,-1.5871451454399095,0.09377784344732754,-18.405111,10.33491
6814,Heather O''Reilly,Right Wing,North Carolina Courage,NWSL,7,0.5800561512940171,1.6882647657399756,7.5263143,34.616066
4990,Taylor Lytle,0,Utah Royals,NWSL,1,1.4566623692751743,1.157058421219229,53.59415,-13.677322
5092,Emily Menges,Left Center Back,Portland Thorns,NWSL,1,0.9075282047507046,2.950160681585376,43.357586,26.11132
5035,Haley Jean McCutcheon,0,Houston Dash,NWSL,1,1.3015867262506684,1.4758184476287644,42.611908,20.520155
5043,Nichelle Patrice Prince,Right Wing,Houston Dash,NWSL,5,4.69386538404063,-3.1865716543865075,50.91105,3.1852946
5045,Amber Brooks,Left Center Back,Houston Dash,NWSL,2,-0.6579241795709714,0.9517964603228911,-12.99676,23.44483
5051,Kealia Ohai,Left Wing,Houston Dash,NWSL,4,0.7122801551657023,-3.465865357898279,16.875446,-37.97047
5052,Thembi Kgatlana,0,Houston Dash,NWSL,3,1.6177155185521146,-6.017724529020344,22.573183,-60.174797
5053,Linda Maserame Motlhalo,Right Defensive Midfield,Houston Dash,NWSL,1,0.6401439021773558,-0.27513955777429955,10.511704,-8.922902
5054,Janine van Wyk,Right Center Back,Houston Dash,NWSL,1,-0.01651992950099169,1.2682150567997448,1.5927767,11.63302
5056,Jane Campbell,Goalkeeper,Houston Dash,NWSL,0,-4.27415824424478,0.4081861536496818,-83.11525,-14.603996
5058,Rachel Daly,Center Forward,Houston Dash,NWSL,4,1.7627548429982627,-0.2043974597174905,34.53257,-25.153042
5059,Kyah Pam Simon,Right Wing,Houston Dash,NWSL,4,2.3766213237847778,-1.9333062616403611,55.207794,-6.4174027
8382,Clare Elizabeth Polkinghorne,Left Defensive Midfield,Houston Dash,NWSL,2,-0.7269576652653247,-0.12154141564059234,-15.826727,11.967138
8383,Lindsay Elizabeth Agnew,0,Houston Dash,NWSL,0,-3.730963836084089,0.6416110593797123,-56.22134,-4.6980124
7182,Camila Martins Pereira,Right Center Midfield,Orlando Pride,NWSL,4,4.763786011105673,-1.4110025583234906,58.906284,-21.704319
4989,Rebekah Ashley Stott,0,NJ/NY Gotham FC,NWSL,2,-0.28038365008348304,1.5888258928540986,-3.5649993,26.189014
11338,Caitlin Jade Foord,0,Portland Thorns,NWSL,3,0.3926578624731366,-3.2868342153383407,22.346552,-53.92174
25686,Yanara Aedo,0,Washington Spirit,NWSL,4,1.6190779459986182,0.2455051926826333,40.267384,-26.181913
5040,Meleana Shim,Left Defensive Midfield,Houston Dash,NWSL,1,2.767260785528789,1.722175129300588,41.0023,21.132536
5170,Mário Figueira Fernandes,Right Back,Russia,FIFA World Cup,2,-0.9362194127372379,0.514905244179764,-25.710663,12.08094
5171,Roman Zobnin,Left Center Midfield,Russia,FIFA World Cup,1,1.4344231899399036,0.7468894047691303,35.648487,16.130478
5172,Igor Akinfeev,Goalkeeper,Russia,FIFA World Cup,0,-5.16771287101478,-0.4569588193551691,-72.093254,-26.116175
5174,Sergei Ignashevich,Left Center Back,Russia,FIFA World Cup,2,-1.253854903740553,-1.2852176461282379,-26.077961,2.2582295
5175,Ilya Kutepov,Right Center Back,Russia,FIFA World Cup,0,-3.1902886694862187,0.9884187844977114,-51.31822,-0.123119466
5177,Aleksandr Golovin,Center Attacking Midfield,Russia,FIFA World Cup,4,0.6030333730085823,-1.1166609329961412,29.802204,-33.23523
5179,Daler Kuzyaev,Right Midfield,Russia,FIFA World Cup,2,0.06971672291795371,-0.41143182446014265,0.7064374,-22.760704
5181,Yury Gazinskiy,Right Center Midfield,Russia,FIFA World Cup,1,0.11276232205167348,0.7870018756771948,15.1547985,12.945015
5182,Aleksandr Samedov,Right Midfield,Russia,FIFA World Cup,1,0.14315563680437932,0.6179594252054413,8.879436,-11.489612
5186,Denis Cheryshev,Left Midfield,Russia,FIFA World Cup,3,1.543931117299484,-2.873375780087039,13.480261,-55.984684
5193,Yuri Zhirkov,Left Back,Russia,FIFA World Cup,1,0.033038125919654424,1.3247138434179588,9.62235,6.0737615
5194,Fyodor Smolov,Center Forward,Russia,FIFA World Cup,3,2.5290485605594295,-6.0517283327993345,21.165377,-64.857
5195,Artem Dzyuba,Center Forward,Russia,FIFA World Cup,6,-0.7849488537442113,-4.778088284556133,-6.0200834,-58.08114
5677,Fedor Kudryashov,0,Russia,FIFA World Cup,2,-2.109203700525533,1.0517139399381001,-31.76502,4.1595993
6298,Igor Smolnikov,0,Russia,FIFA World Cup,0,-4.963387064003214,-0.32543363422029,-66.26551,-5.189975
6299,Aleksey Miranchuk,0,Russia,FIFA World Cup,1,1.2124219374105807,-1.054957828877264,24.32379,-16.652742
34588,Andrey Semenov,0,Russia,FIFA World Cup,2,-2.444014630555877,3.144178296476939,-47.416862,14.666839
5173,Abdullah Ibrahim Otayf,Center Defensive Midfield,Saudi Arabia,FIFA World Cup,7,3.8034192632360804,5.390190954270014,10.543144,68.93646
5178,Salman Mohammed Al Faraj,Left Center Midfield,Saudi Arabia,FIFA World Cup,7,3.9411113000274933,2.4392036867935842,22.504087,62.582947
5183,Yasir Gharsan Al Shahrani,Left Back,Saudi Arabia,FIFA World Cup,7,0.9242114843025091,2.1342171673639574,1.3566159,39.903698
5184,Osama Abdulrezag Hawsawi,Right Center Back,Saudi Arabia,FIFA World Cup,2,-1.0462730388225023,2.190208616692352,-35.55505,13.882627
5185,Taisir Jabir Al Jassim,Right Center Midfield,Saudi Arabia,FIFA World Cup,1,0.5530445909613464,2.277915174040105,40.163353,28.066813
5187,Salem Mohammed Al Dawsari,Left Midfield,Saudi Arabia,FIFA World Cup,4,3.1506357260305276,-1.3853058132633536,34.489796,-44.86856
5188,Hattan Babhir,Right Midfield,Saudi Arabia,FIFA World Cup,4,2.8924693062020896,-1.323116583594741,55.1249,-15.730344
5189,Abdullah Ibrahim Al Maiouf,Goalkeeper,Saudi Arabia,FIFA World Cup,0,-4.626025192308273,0.19959279386738046,-79.85281,-24.611504
5190,Fahad Mosaed Al Muwallad Al Harbi,Left Center Forward,Saudi Arabia,FIFA World Cup,6,-2.5464547578538723,-2.558807313905742,-20.170122,-28.625172
5191,Mohammed Al Burayk,Right Back,Saudi Arabia,FIFA World Cup,7,1.4271899576578795,2.9023677961268866,2.911244,64.56753
5196,Mohammad Ibrahim Al Sahlawi,Center Forward,Saudi Arabia,FIFA World Cup,6,-2.6811369973108627,-2.12452059438594,-22.59785,-33.621777
5197,Omar Ibrahim Omar Othman Hawsawi,Left Center Back,Saudi Arabia,FIFA World Cup,5,5.208393901099938,3.348601762910269,58.64415,-3.5363152
5713,Mohammed Kanoo,0,Saudi Arabia,FIFA World Cup,4,0.9259808234626615,-0.0025781101272999377,33.017776,-26.39253
5714,Mohammed Khalil Al Owais,0,Saudi Arabia,FIFA World Cup,0,-4.714915055043126,0.2711962952855339,-76.767654,-16.085777
5715,Ali Albulayhi,0,Saudi Arabia,FIFA World Cup,2,-2.5149586130099286,1.753458019764767,-48.289642,8.726664
5716,Hussain Al Mogahwi,0,Saudi Arabia,FIFA World Cup,7,3.285835117735649,2.7232649402215747,21.894287,60.20369
6290,Motaz Ali Hassan Hawsawi,0,Saudi Arabia,FIFA World Cup,1,-0.20586161642085016,1.056924466891473,25.949545,1.4150813
6291,Yasser Abdullah Al Mosailem,0,Saudi Arabia,FIFA World Cup,0,-4.792334483958258,0.27495491499389546,-64.401375,5.1408834
3139,Chidozie Collins Awaziem,0,Nigeria,FIFA World Cup,1,0.16755719359705018,0.24726022436673809,30.171892,-1.5967423
3338,Onyinye Wilfred Ndidi,Right Center Midfield,Nigeria,FIFA World Cup,7,0.951281587228725,1.2044198972332354,20.084509,26.575798
3647,Alex Iwobi,Left Defensive Midfield,Nigeria,FIFA World Cup,4,0.8017133965514893,0.193443896510774,34.231045,-30.710432
3708,Kelechi Promise Iheanacho,Center Forward,Nigeria,FIFA World Cup,3,2.6106182807233735,-4.840233141432811,0.5745477,-63.292465
3963,Victor Moses,Right Wing,Nigeria,FIFA World Cup,4,0.8392400763225245,-1.987304109436642,23.78275,-34.7599
5454,Francis Odinaka Uzoho,Goalkeeper,Nigeria,FIFA World Cup,0,-5.23175783591713,-0.5043536859931899,-70.888565,-24.357105
5455,William Troost-Ekong,Right Center Back,Nigeria,FIFA World Cup,2,-1.8162573135654034,-0.6710084018121919,-17.847948,40.024197
5458,Odion Jude Ighalo,Center Forward,Nigeria,FIFA World Cup,3,0.3548800650783029,-4.904554841837733,-1.0517048,-59.874317
5462,Brian Oladapo Idowu,Left Back,Nigeria,FIFA World Cup,1,0.24699055077221507,1.3933274020464166,24.222979,-1.7896534
5466,Oghenekaro Etebo,Left Center Midfield,Nigeria,FIFA World Cup,1,3.3276571116705465,0.441741484652592,50.472355,-6.2618384
5467,Leon Aderemi Balogun,Left Center Back,Nigeria,FIFA World Cup,2,-0.09980376523732849,0.7560986220565146,1.3419609,18.363028
5471,Abdullahi Shehu,Right Back,Nigeria,FIFA World Cup,2,-2.5344659534088594,1.364966512813222,-52.36082,7.939425
5473,Ahmed Musa,Left Defensive Midfield,Nigeria,FIFA World Cup,3,0.030664115920390898,-3.982335232563733,15.368087,-52.691185
5475,John Michael Nchekwube Obinna,Center Attacking Midfield,Nigeria,FIFA World Cup,7,2.2409981411399844,2.8208726728420164,30.319061,42.86929
5830,Kenneth Josiah Omeruo,0,Nigeria,FIFA World Cup,2,-2.0268978377785665,0.050749664779068684,-26.842566,23.362707
7470,Joel Chukwuma Obi,0,Nigeria,FIFA World Cup,2,-0.38684890356494694,-0.49076781286153615,-12.831417,-11.013508
27558,Elderson Uwa Echiejile,0,Nigeria,FIFA World Cup,1,0.6282885111630997,1.0146338193361266,7.783517,17.866274
33311,Ogenyi Eddy Onazi,0,Nigeria,FIFA World Cup,7,1.7451452939532435,1.4357741377900826,24.301243,32.970432
3444,Danijel Subašić,Goalkeeper,Croatia,FIFA World Cup,0,-4.119020074780533,0.299461744391025,-42.543407,40.93329
3471,Dejan Lovren,Right Center Back,Croatia,FIFA World Cup,7,-0.11897461225429039,2.4984232364634424,-9.718493,42.505062
5456,Mateo Kovačić,Right Wing,Croatia,FIFA World Cup,7,3.213416357205512,2.5253603797602198,22.145302,57.312954
5457,Ivan Strinić,Left Back,Croatia,FIFA World Cup,7,0.39043307570936947,2.4829531335902044,11.960157,48.410915
5460,Andrej Kramarić,Center Attacking Midfield,Croatia,FIFA World Cup,3,-0.054982012474334874,-3.041742183699487,23.559662,-53.286194
5461,Šime Vrsaljko,Right Back,Croatia,FIFA World Cup,7,0.15094689887631343,2.17967827405105,3.9863267,38.898624
5463,Luka Modrić,Right Center Midfield,Croatia,FIFA World Cup,7,2.5825956158598435,2.62292004681545,23.085632,61.419876
5465,Ante Rebić,Left Wing,Croatia,FIFA World Cup,4,1.6800015660594423,-2.4606852584187293,20.802788,-38.59647
5468,Domagoj Vida,Left Center Back,Croatia,FIFA World Cup,2,-1.3704713157086803,1.8797158722531797,-46.31198,13.719292
5469,Marcelo Brozović,Left Center Midfield,Croatia,FIFA World Cup,7,3.1819388988836623,2.1761046117007394,23.238682,59.725655
5470,Ivan Rakitić,Left Center Midfield,Croatia,FIFA World Cup,7,2.7403471443042773,2.6894123007348334,23.594093,60.98925
5472,Mario Mandžukić,Center Forward,Croatia,FIFA World Cup,6,-0.1914497441191067,-3.319217221995341,5.1616006,-53.36592
5474,Ivan Perišić,Right Wing,Croatia,FIFA World Cup,4,0.8965226256947024,-1.798444128290277,32.167114,-32.612686
5739,Vedran Ćorluka,0,Croatia,FIFA World Cup,7,3.5803866072111328,3.0683835342954215,29.498644,52.394997
6305,Milan Badelj,0,Croatia,FIFA World Cup,7,2.734694716929973,3.3962320893086644,20.912636,59.01255
6307,Duje Ćaleta-Car,0,Croatia,FIFA World Cup,2,-0.8059179579513205,1.9384913494924336,-15.118045,40.97251
6308,Josip Pivarić,0,Croatia,FIFA World Cup,7,12.702436376245354,2.740444771218851,45.517963,-48.57591
6309,Tin Jedvaj,0,Croatia,FIFA World Cup,1,0.1936425287022048,0.6696978540148235,6.7625675,17.267214
6311,Lovre Kalinić,0,Croatia,FIFA World Cup,0,-5.755166821984529,-1.4438926248876571,-75.7251,-32.903755
7033,Nikola Kalinić,0,Croatia,FIFA World Cup,6,-1.4249114435227115,-4.191834337476934,2.5166802,-57.549023
16531,Dominik Livaković,0,Croatia,FIFA World Cup,0,-4.059301973078703,1.2315585563021065,-72.325584,6.6838245
2948,Nabil Fekir,Left Wing,France,FIFA World Cup,3,2.7470652399947655,-3.3047145533714533,25.495735,-56.45307
2999,Presnel Kimpembe,0,France,FIFA World Cup,7,1.101814782932113,4.251148647248024,4.6579857,62.532394
3009,Kylian Mbappé Lottin,Right Wing,France,FIFA World Cup,3,2.8587797297223263,-5.054365247569189,17.514345,-66.330536
3099,Hugo Lloris,Goalkeeper,France,FIFA World Cup,0,-4.322605760626895,0.821849950374809,-77.49772,-1.2990708
3245,Thomas Lemar,0,France,FIFA World Cup,4,2.098929858604148,-0.9268877021813764,39.42635,-29.17496
3253,Adil Rami,0,France,FIFA World Cup,2,-1.169195789871688,1.349098795648063,-16.003828,23.630106
3254,Florian Thauvin,0,France,FIFA World Cup,4,0.2771189492682082,-1.4669947845768878,26.161058,-34.50846
3261,Benjamin Mendy,0,France,FIFA World Cup,7,1.572318552682706,1.7980897185435876,27.300444,48.926895
3379,Alphonse Areola,0,France,FIFA World Cup,0,-4.310899322785448,0.054044226623302105,-43.3541,42.9975
3446,Djibril Sidibé,0,France,FIFA World Cup,7,2.5469397643279876,1.3576911521464257,32.325283,38.23633
3543,Steve Mandanda,0,France,FIFA World Cup,0,-3.9746841404628164,1.2839684022955908,-80.44057,3.657848
3604,Olivier Giroud,Center Forward,France,FIFA World Cup,3,-0.3207462220868462,-4.8286545090454265,-3.4698265,-61.991035
3961,N''Golo Kanté,Center Defensive Midfield,France,FIFA World Cup,1,2.616647373361545,1.6512010403284572,35.027287,36.337444
4375,Blaise Matuidi,Right Center Midfield,France,FIFA World Cup,7,3.1319852477279286,2.399725134928661,23.978691,57.91904
5476,Benjamin Pavard,Right Back,France,FIFA World Cup,7,0.4918048886706618,2.1291350554012296,1.8139992,39.058758
5477,Ousmane Dembélé,Left Wing,France,FIFA World Cup,4,2.1727071383950833,-1.9968509674075865,37.660156,-43.333015
5480,Corentin Tolisso,Right Center Midfield,France,FIFA World Cup,7,2.4378908537691597,1.79119852744203,23.191704,58.711727
5484,Lucas Hernández Pi,Left Back,France,FIFA World Cup,2,-0.6849431592601963,0.7952590119792791,-7.486673,8.197796
5485,Raphaël Varane,Right Center Back,France,FIFA World Cup,7,-0.7606265301068798,2.405820926321287,-11.111669,41.956528
5487,Antoine Griezmann,Center Forward,France,FIFA World Cup,3,1.1497746356059708,-1.9084373804233496,26.050892,-53.2566
5492,Samuel Yves Umtiti,Left Center Back,France,FIFA World Cup,7,0.9216982779598691,3.913229396133816,5.536847,61.17295
5737,Steven N''Kemboanza Mike Christopher Nzonzi,0,France,FIFA World Cup,7,1.5326763660278362,1.4405099683266507,21.347332,35.182632
20004,Paul Pogba,Left Center Midfield,France,FIFA World Cup,4,3.677353895897657,-0.8394327861841699,39.795,-38.207184
3240,Mathew Ryan,Goalkeeper,Australia,FIFA World Cup,0,-3.4742458731575363,1.175357822744396,-41.862778,36.46963
3281,Aaron Mooy,Left Center Midfield,Australia,FIFA World Cup,7,0.8221498904543423,2.633851830051714,9.241272,49.068607
5478,Trent Sainsbury,Right Center Back,Australia,FIFA World Cup,7,1.0044374565153427,3.195498551902089,3.944436,55.60019
5479,Aziz Eraltay Behich,Left Back,Australia,FIFA World Cup,7,0.853157080312432,2.116814488703158,12.784,48.247192
5481,Mathew Leckie,Right Midfield,Australia,FIFA World Cup,6,0.9712117460880714,-2.5566984545117957,-7.815114,-44.82382
5482,Josh Risdon,Right Back,Australia,FIFA World Cup,2,0.797875362974669,1.3726060434728133,17.764267,27.970858
5486,Andrew Nabbout,Center Forward,Australia,FIFA World Cup,0,-3.5323922435257415,-0.8952454130432932,-27.66332,-23.473
5488,Mark Milligan,Left Center Back,Australia,FIFA World Cup,7,2.1981614795264774,5.915515379689171,1.4427704,69.72451
5489,Mile Jedinak,Right Center Midfield,Australia,FIFA World Cup,1,1.3960493625844526,0.542858846359195,24.690193,18.848864
5490,Jackson Irvine,Center Attacking Midfield,Australia,FIFA World Cup,2,-1.4227059172857177,0.36958417920079845,-38.423954,3.8724434
5491,Tom Rogić,Center Attacking Midfield,Australia,FIFA World Cup,4,-0.9411840948474862,-1.6383484452853545,-17.252584,-25.353825
5493,Tomi Jurić,Center Forward,Australia,FIFA World Cup,0,-4.389480419693924,-1.1317279890048153,-68.407715,-24.182919
5494,Robbie Kruse,Left Midfield,Australia,FIFA World Cup,2,-1.6017737783480592,-0.9884447392013217,-37.44971,-16.782877
15957,Miloš Degenek,0,Australia,FIFA World Cup,1,0.6420061324945411,1.232737884271192,26.248674,11.731519
2995,Ángel Fabián Di María Hernández,Left Midfield,Argentina,FIFA World Cup,4,2.840822131279558,-0.5284523799010019,41.15936,-37.556602
3090,Nicolás Hernán Otamendi,Right Center Back,Argentina,FIFA World Cup,7,1.588236152388441,2.6227353127981656,-0.44104856,45.862923
3237,Sergio Leonel Agüero del Castillo,Center Forward,Argentina,FIFA World Cup,3,2.0486835217922263,-5.4335702570671005,17.716667,-65.87393
3313,Giovani Lo Celso,0,Argentina,FIFA World Cup,4,2.027657077563053,-0.9746496818905399,31.37785,-54.828907
3602,Faustino Marcos Alberto Rojo,Left Center Back,Argentina,FIFA World Cup,7,0.858191876483373,2.3758529937460433,6.7901387,38.61445
3659,Wilfredo Daniel Caballero,Goalkeeper,Argentina,FIFA World Cup,0,-4.644605822600628,0.2900277088978159,-76.4195,-13.677133
5496,Cristian David Pavón,Left Attacking Midfield,Argentina,FIFA World Cup,1,0.2682764203771781,0.10814802012514892,12.874966,-10.170593
5497,Gonzalo Gerardo Higuaín,Right Center Forward,Argentina,FIFA World Cup,3,0.8596033956204053,-5.590432030402939,12.864339,-66.307076
5499,Maximiliano Eduardo Meza,Right Midfield,Argentina,FIFA World Cup,4,1.8460719093498927,0.09692930159739813,38.744408,-26.187876
5503,Lionel Andrés Messi Cuccittini,Center Attacking Midfield,Argentina,FIFA World Cup,3,5.873178438008928,-4.8821201448157545,38.25565,-50.465393
5504,Éver Maximiliano David Banega,Left Center Midfield,Argentina,FIFA World Cup,4,5.174356651048759,0.745172028573755,41.72566,39.53745
5506,Javier Alejandro Mascherano,Left Center Midfield,Argentina,FIFA World Cup,7,2.667521504464877,4.30808865681803,14.552933,60.654858
5507,Nicolás Alejandro Tagliafico,Left Back,Argentina,FIFA World Cup,7,0.16251402445668198,1.6760214688375723,-2.8928096,35.714966
5510,Lucas Rodrigo Biglia,Right Center Midfield,Argentina,FIFA World Cup,7,3.5251053273148445,3.2263386145958233,20.33742,59.752033
5513,Eduardo Antonio Salvio,Right Back,Argentina,FIFA World Cup,7,-0.1826922657906663,1.5013144508034109,-9.242634,49.940273
5741,Enzo Nicolás Pérez,0,Argentina,FIFA World Cup,7,1.211561810627444,1.9863182457316506,23.112974,32.048393
5742,Gabriel Iván Mercado,0,Argentina,FIFA World Cup,2,-0.12862367437913222,0.9281775861002358,-1.4584548,32.102367
5743,Paulo Bruno Exequiel Dybala,0,Argentina,FIFA World Cup,3,2.6535923506775583,-3.864578546612668,32.939198,-51.394554
6312,Franco Armani,0,Argentina,FIFA World Cup,0,-4.872125029355459,-0.06612097964818331,-70.38135,-11.398444
6349,Federico Julián Fazio,0,Argentina,FIFA World Cup,2,-0.9704650136259481,0.8789469878001396,-5.645397,1.7829692
7464,Cristian Daniel Ansaldi,0,Argentina,FIFA World Cup,1,1.6199374048306276,0.9394815801835487,15.696656,26.403337
19597,Marcos Javier Acuña,0,Argentina,FIFA World Cup,7,1.341664845587226,1.967657531947689,31.209743,26.479856
3720,Johann Berg Guðmunds­son,Right Midfield,Iceland,FIFA World Cup,2,-1.5361654283215715,-0.2714233925964748,-28.173603,-9.248686
3944,Gylfi Þór Sigurðsson,Secondary Striker,Iceland,FIFA World Cup,4,0.582915398500106,-2.110388140008184,24.03352,-51.268898
5495,Rúrik Gíslason,Left Midfield,Iceland,FIFA World Cup,2,-2.480708443877809,0.026814451758685878,-43.725597,-9.549657
5498,Hannes Þór Halldórsson,Goalkeeper,Iceland,FIFA World Cup,0,-5.037823228344771,-0.26260265487545253,-72.185326,-23.440613
5501,Hörður Björgvin Magnússon,Left Back,Iceland,FIFA World Cup,2,-1.6895136837396187,-1.0987373589458034,-2.4829094,-0.7785838
5505,Kári Árnason,Right Center Back,Iceland,FIFA World Cup,6,-1.7756981789025488,-1.0569789333849835,-19.596777,-47.87738
5508,Birkir Már Sævarsson,Right Back,Iceland,FIFA World Cup,2,-3.200092379882572,0.5825682862596488,-23.785023,-7.3295717
5509,Birkir Bjarnason,Left Midfield,Iceland,FIFA World Cup,2,-0.8921665219096695,-1.7595405285506214,-2.8746889,-29.81533
5511,Ragnar Sigurðsson,Left Center Back,Iceland,FIFA World Cup,0,-3.9275054627889534,0.14972638051710507,-53.04374,-7.422597
5512,Emil Hallfreðsson,Left Defensive Midfield,Iceland,FIFA World Cup,1,1.169381580171796,0.19915111641330416,20.572647,19.268517
5514,Alfreð Finnbogason,Center Forward,Iceland,FIFA World Cup,6,-0.0256238708417929,-4.6216131567764,0.2977971,-59.028347
5515,Aron Einar Gunnarsson,Right Defensive Midfield,Iceland,FIFA World Cup,2,-0.6982356908221791,-0.40213606500669224,-3.4184954,-5.094101
5831,Sverrir Ingi Ingason,0,Iceland,FIFA World Cup,2,-1.565488238470595,-0.8773124939492596,-36.167744,-26.994333
3027,Mathias Jattah-Njie Jørgensen,Left Center Back,Denmark,FIFA World Cup,2,-1.570698762702899,1.3517989600051794,-45.994545,13.581776
3043,Christian Dannemann Eriksen,Center Attacking Midfield,Denmark,FIFA World Cup,4,2.077518276597939,-0.14292147243444375,40.703304,-34.475937
3322,Jonas Lössl,0,Denmark,FIFA World Cup,0,-4.196971269404669,0.20593386143071005,-42.68011,43.30625
3815,Kasper Schmeichel,Goalkeeper,Denmark,FIFA World Cup,0,-4.240147966009832,0.04358103564740007,-42.74617,44.445877
3959,Andreas Christensen,Left Center Back,Denmark,FIFA World Cup,7,0.505713000040219,2.632304737825796,1.7099476,53.43828
4447,Martin Braithwaite Christensen,Left Wing,Denmark,FIFA World Cup,6,-0.6689168419808137,-3.5407509189290494,3.2722518,-51.532536
4763,Henrik Dalsgaard,Right Back,Denmark,FIFA World Cup,2,-0.183386796243535,1.7724224470913974,-6.662377,19.411274
5516,Pione Sisto Ifolo Emirmija,Left Wing,Denmark,FIFA World Cup,4,-0.0004279075923933859,-0.7505261587207164,-16.046835,-24.384819
5520,Lasse Schöne,Right Center Midfield,Denmark,FIFA World Cup,7,0.8154225335891113,1.0378965289679418,9.885051,55.816647
5522,Nicolai Jørgensen,Center Forward,Denmark,FIFA World Cup,6,-2.0097655396102923,-3.3977766184122817,16.055897,-55.96455
5524,Jens Stryger Larsen,Left Back,Denmark,FIFA World Cup,1,0.3029936271057927,1.1653960817192683,-8.990161,17.445475
5527,Thomas Delaney,Left Center Midfield,Denmark,FIFA World Cup,2,0.16722147106565788,1.284111272957398,-2.9245508,34.092094
5534,Simon Thorup Kjær,Right Center Back,Denmark,FIFA World Cup,2,-0.7048052557474889,1.767688776300599,-38.81577,16.012102
5536,Yussuf Yurary Poulsen,Right Wing,Denmark,FIFA World Cup,4,0.6018991126402069,-3.0958730770304665,17.071009,-47.38395
5732,Andreas Evald Cornelius,0,Denmark,FIFA World Cup,6,-0.3251130498068101,-4.658911178273172,-6.061678,-56.06597
6302,Kasper Dolberg,0,Denmark,FIFA World Cup,3,-0.7638763541662433,-4.1220132519673385,4.2629724,-57.59993
6355,Jonas Knudsen,0,Denmark,FIFA World Cup,2,-1.9700529589849645,1.0816150828420878,-29.53294,33.40191
6356,Michael Krohn-Dehli,0,Denmark,FIFA World Cup,7,0.9015837168045323,0.6722935652342639,18.148794,41.265953
8815,Jannik Vestergaard,0,Denmark,FIFA World Cup,2,-0.11384635081449879,0.7952176002837209,-7.829048,28.503145
12420,Frederik Rønnow,0,Denmark,FIFA World Cup,0,-3.6242585371526927,0.8441666786363466,-82.50151,4.25244
3632,André Martín Carrillo Díaz,Right Wing,Peru,FIFA World Cup,4,3.118248132477508,-1.8261482517967553,47.29983,-44.360584
5518,Miguel Ángel Trauco Saavedra,Left Back,Peru,FIFA World Cup,1,2.5445037110200555,2.8847573528520543,41.058983,22.223528
5519,Christian Alberto Cueva Bravo,Center Attacking Midfield,Peru,FIFA World Cup,7,1.1784279467224092,0.548221657743879,40.673046,-29.926554
5521,Luis Jan Piers Advíncula Castrillón,Right Back,Peru,FIFA World Cup,1,1.5384391887910291,1.3316218017378894,21.307316,30.138954
5523,Renato Fabrizio Tapia Cortijo,Right Center Midfield,Peru,FIFA World Cup,1,-0.13777521590502642,0.5184804697689135,20.972286,9.832547
5525,Édison Michael Flores Peralta,Left Wing,Peru,FIFA World Cup,2,-1.5905062332141862,-0.48813993344394024,-38.632282,-18.835335
5526,Pedro Jesús Aquino Sánchez,Right Center Midfield,Peru,FIFA World Cup,5,5.030811970710016,3.0412150786796888,49.25565,19.502386
5528,Pedro David Gallese Quiróz,Goalkeeper,Peru,FIFA World Cup,0,-4.7812985668854076,0.15942266507696165,-71.610634,-11.343489
5529,Víctor Yoshimar Yotún Flores,Left Center Midfield,Peru,FIFA World Cup,7,-0.14117679754526094,3.029893597605906,-2.033522,65.43286
5530,Christian Guillermo Martín Ramos Garagay,Right Center Back,Peru,FIFA World Cup,2,-2.1903647807643827,1.5094790148797692,-25.448856,34.234013
5531,Jefferson Agustín Farfán Guadalupe,Center Forward,Peru,FIFA World Cup,6,-1.3281117685379666,-2.3172858998425485,-17.61796,-36.21055
5532,Alberto Junior Rodríguez Valdelomar,Left Center Back,Peru,FIFA World Cup,2,-2.704782562366022,1.1835314361852483,-48.26807,10.737767
5535,José Paolo Guerrero Gonzáles,Left Wing,Peru,FIFA World Cup,6,-1.4744348585735738,-5.401065003574021,-6.110291,-61.019005
5738,Anderson Santamaría Bardales,0,Peru,FIFA World Cup,7,0.8825401414132755,2.3112482001638934,-3.067526,20.414753
6313,Wilder José Cartagena Mendoza,0,Peru,FIFA World Cup,1,1.1857390391920606,-0.008476061180581586,20.601206,-6.063672
13435,Andy Jorman Polo Andrade,0,Peru,FIFA World Cup,2,-1.6180779976998623,1.289643616244227,-41.99976,-0.7894231
33176,Miguel Gianpierre Araujo Blanco,0,Peru,FIFA World Cup,2,-1.3411390466501667,0.34170049382161566,-33.133385,-1.3398727
35009,Aldo Sebastián Corzo Chávez,0,Peru,FIFA World Cup,1,-1.2997648396236299,-0.4535761444955108,20.344732,-0.45798472
3024,Jacques François Moubandje,0,Switzerland,FIFA World Cup,2,0.477164932228051,1.0288139769091211,8.028107,27.8012
3500,Granit Xhaka,Left Center Midfield,Switzerland,FIFA World Cup,7,3.185421808510665,4.379731806719232,8.538468,68.40093
3533,Xherdan Shaqiri,Right Wing,Switzerland,FIFA World Cup,4,-0.08282957943856806,-1.41113323166725,34.823166,-34.715076
5537,Fabian Lukas Schär,Right Center Back,Switzerland,FIFA World Cup,2,-0.2652748676494819,1.3543235376495628,-7.2893176,40.56173
5538,Denis Lemi Zakaria Lako Lado,Right Center Midfield,Switzerland,FIFA World Cup,1,1.0438595812994513,0.8795788807068227,4.0213876,14.708738
5540,Valon Behrami,Right Center Midfield,Switzerland,FIFA World Cup,1,1.2560055218401982,1.398199527540563,28.97526,18.200031
5541,Stephan Lichtsteiner,Right Back,Switzerland,FIFA World Cup,2,-0.7072278673716754,1.2437683252909468,-1.566846,26.95907
5543,Haris Seferović,Center Forward,Switzerland,FIFA World Cup,6,-0.7911921452246033,-2.8124964881622128,-4.826586,-53.917297
5544,Ricardo Iván Rodríguez Araya,Left Back,Switzerland,FIFA World Cup,7,0.8042021437623221,2.049856501642769,6.5885735,46.89515
5545,Breel-Donald Embolo,Center Forward,Switzerland,FIFA World Cup,6,0.2959695045668507,-3.5363480298087224,6.9539104,-53.475426
5546,Michael Lang,Right Back,Switzerland,FIFA World Cup,2,-1.632193520522376,2.672234101041405,-45.6073,11.961518
5548,Steven Zuber,Left Wing,Switzerland,FIFA World Cup,4,0.1706407599826048,-2.0713783476320895,27.961391,-34.013565
5549,Manuel Obafemi Akanji,Left Center Back,Switzerland,FIFA World Cup,7,1.9351867590851897,3.053239996074372,9.498653,60.799698
5550,Yann Sommer,Goalkeeper,Switzerland,FIFA World Cup,0,-3.7243705218584244,1.5954025673200933,-77.89497,7.851733
5554,Blerim Džemaili,Center Attacking Midfield,Switzerland,FIFA World Cup,1,1.3688729255698484,-0.12672693750577108,31.879848,-18.676477
5834,Mario Gavranović,0,Switzerland,FIFA World Cup,3,0.3752899949192993,-7.091415896948467,7.308771,-66.6048
5835,Josip Drmic,0,Switzerland,FIFA World Cup,6,-0.47528305674170557,-2.8442288108753635,-10.223452,-52.49245
6359,Johan Danon Djourou-Gbadjere,0,Switzerland,FIFA World Cup,2,-0.8547025208572192,1.652190816627334,-9.375874,37.655983
6983,Remo Freuler,0,Switzerland,FIFA World Cup,1,0.5210743223586787,1.0452726113229958,16.512545,36.194035
8225,Roman Bürki,0,Switzerland,FIFA World Cup,0,-3.6266227613038313,1.0172598565319726,-40.229446,36.132927
8672,Gélson da Conceição Tavares Fernandes,0,Switzerland,FIFA World Cup,1,2.2165918467343215,2.0318258403752663,29.65985,20.789429
8814,Nico Elvedi,0,Switzerland,FIFA World Cup,7,0.9635802293078423,2.7308592088405144,-0.25015816,44.737896
11467,Yvon Landry Mvogo,0,Switzerland,FIFA World Cup,0,-4.792199819403085,0.17462602776713723,-66.453384,-2.1190217
3054,Fernando Luiz Rosa,Center Defensive Midfield,Brazil,FIFA World Cup,7,3.2983989698074634,2.442394674043753,33.18505,41.070812
3063,Danilo Luiz da Silva,Right Back,Brazil,FIFA World Cup,7,1.7220052424082621,3.1611029079571478,9.492053,58.65988
3067,Ederson Santana de Moraes,0,Brazil,FIFA World Cup,0,-3.8302828280387455,1.5976604128122747,-70.7178,10.37926
3202,Gabriel Fernando de Jesus,Center Forward,Brazil,FIFA World Cup,4,0.8998698519325677,-2.5068772919508953,15.358376,-31.731337
3295,Thiago Emiliano da Silva,Right Center Back,Brazil,FIFA World Cup,7,1.4705603886122165,4.809737601658066,6.2041965,66.45145
3472,Willian Borges da Silva,Right Wing,Brazil,FIFA World Cup,4,2.6151692529100887,0.01848080029855778,39.454727,-36.24236
3501,Philippe Coutinho Correia,Left Center Midfield,Brazil,FIFA World Cup,4,3.1215061366722345,-1.0828582589283864,38.82155,-38.9801
3535,Roberto Firmino Barbosa de Oliveira,Center Forward,Brazil,FIFA World Cup,4,3.9489611545551386,-3.242228715381466,50.47504,-32.8685
4320,Neymar da Silva Santos Junior,Left Wing,Brazil,FIFA World Cup,4,4.641461658397516,-3.297525647419547,38.184097,-50.18491
4372,Marcos Aoás Corrêa,0,Brazil,FIFA World Cup,7,1.6098891645635118,4.392474849283038,6.9576497,65.71752
5539,Carlos Henrique Casimiro,Center Defensive Midfield,Brazil,FIFA World Cup,7,3.512450450590341,2.1452527819617293,34.2773,39.1825
5542,José Paulo Bezzera Maciel Júnior,Right Center Midfield,Brazil,FIFA World Cup,4,2.2988882393980137,-0.7821106562269878,30.76857,-55.26522
5547,Alisson Ramsés Becker,Goalkeeper,Brazil,FIFA World Cup,0,-4.335708629590294,0.88556279171757,-66.48503,5.583224
5551,João Miranda de Souza Filho,Left Center Back,Brazil,FIFA World Cup,7,0.3067843053531882,1.8417910110195712,-8.935818,30.633009
5552,Marcelo Vieira da Silva Júnior,Left Back,Brazil,FIFA World Cup,7,3.2773269657012793,2.3715219437171107,28.766132,53.15791
5837,Douglas Costa de Souza,0,Brazil,FIFA World Cup,4,1.5212954689683411,-1.6792244834093963,37.202507,-41.224003
5838,Fágner Conserva Lemos,0,Brazil,FIFA World Cup,7,0.44931002442872653,2.7345448715455687,4.3656006,44.62356
6320,Filipe Luís Kasmirski,0,Brazil,FIFA World Cup,7,3.0073405808234663,2.049747242607986,38.153435,38.490402
25261,Pedro Tonon Geromel,0,Brazil,FIFA World Cup,1,0.616584982357491,0.8952790255808014,4.081146,4.750293
3058,Javier Hernández Balcázar,Center Forward,Mexico,FIFA World Cup,3,-0.9219951184333947,-4.048777885622883,4.983786,-58.00834
5556,Miguel Arturo Layún Prado,Right Wing,Mexico,FIFA World Cup,4,0.19312847815550077,-1.14212734625023,-15.24697,-30.318617
5558,Rafael Márquez Álvarez,Right Defensive Midfield,Mexico,FIFA World Cup,7,0.7014868666434602,2.962526936993197,3.6250958,59.114994
5560,Carlos Alberto Vela Garrido,Center Attacking Midfield,Mexico,FIFA World Cup,4,0.732717531287947,-1.9254362756246715,26.043228,-35.670765
5561,Hugo Ayala Castro,Right Center Back,Mexico,FIFA World Cup,2,-2.599135714679605,1.47156920231195,-48.27705,8.679701
5563,José Andrés Guardado Hernández,Left Center Midfield,Mexico,FIFA World Cup,1,0.7762306393403918,0.879376841094398,18.893106,37.871677
5564,Carlos Joel Salcedo Hernández,Right Back,Mexico,FIFA World Cup,7,0.42899884755890494,1.9592254471593378,0.5843133,54.802654
5567,Edson Omar Álvarez Velázquez,Right Center Midfield,Mexico,FIFA World Cup,7,1.0980772937120853,2.0676150833872957,2.6022532,46.791466
5568,Raúl Alonso Jiménez Rodríguez,Left Wing,Mexico,FIFA World Cup,0,-2.8372629135493206,-0.17789677461452122,-40.668663,-20.966053
5571,Hirving Rodrigo Lozano Bahena,Left Wing,Mexico,FIFA World Cup,4,1.5239963998578268,-2.9313840220178986,22.53336,-39.41347
5573,Héctor Alfredo Moreno Herrera,Left Center Back,Mexico,FIFA World Cup,2,-1.9276281586230035,1.7112543775260192,-37.271954,11.730314
5575,Héctor Miguel Herrera López,Right Center Midfield,Mexico,FIFA World Cup,7,1.57216802212519,1.3999735382867362,27.936842,35.38894
5576,Jesús Daniel Gallardo Vasconcelos,Left Back,Mexico,FIFA World Cup,2,0.4873294495921167,1.6989716041426461,6.7813807,25.4971
5577,Francisco Guillermo Ochoa Magaña,Goalkeeper,Mexico,FIFA World Cup,0,-4.586207849240965,0.44052196127640697,-73.47266,-7.98524
5987,Giovani dos Santos Ramírez,0,Mexico,FIFA World Cup,4,1.3825616248974748,-2.7756993348315637,28.034668,-44.519005
6317,Marco Jhonfai Fabián De La Mora,0,Mexico,FIFA World Cup,4,1.3517353346770256,-1.0135637180634438,27.805145,-28.52917
6357,Jonathan dos Santos Ramírez,0,Mexico,FIFA World Cup,7,2.5974424769307323,1.2308022544661048,32.290718,36.78638
27153,Javier Ignacio Aquino Carmona,0,Mexico,FIFA World Cup,4,1.1261498480357257,-1.005577083265766,49.53397,-26.504263
3167,Antonio Rüdiger,0,Germany,FIFA World Cup,7,0.36065182852232736,2.8842367375390214,2.455504,58.502098
3186,Julian Draxler,Left Wing,Germany,FIFA World Cup,4,1.2402571247594703,-1.2327645360445392,36.73391,-38.321068
3496,Mesut Özil,Center Attacking Midfield,Germany,FIFA World Cup,7,2.3400182055936973,1.4596431795917257,28.834133,59.8841
4440,Kevin Trapp,0,Germany,FIFA World Cup,0,-4.297932119968683,0.9526963607830733,-67.85011,4.8496356
5555,Julian Brandt,Left Midfield,Germany,FIFA World Cup,4,0.37037614702319777,-2.270156738126163,18.36855,-47.685596
5557,Timo Werner,Center Forward,Germany,FIFA World Cup,6,-0.9227582661067816,-3.894359134662362,-5.03582,-54.340473
5559,Marco Reus,Center Attacking Midfield,Germany,FIFA World Cup,3,0.9778363647054291,-2.7101556466803545,24.551342,-53.121693
5562,Thomas Müller,Right Wing,Germany,FIFA World Cup,3,0.9552725610613105,-3.196817006764539,20.830639,-55.222954
5565,Mario Gómez García,Right Center Forward,Germany,FIFA World Cup,3,1.4059113843694468,-7.936469585323486,10.653387,-70.023766
5566,Sami Khedira,Right Center Midfield,Germany,FIFA World Cup,4,0.5998514954223104,-0.012656226426003956,31.702991,-28.813313
5569,Marvin Plattenhardt,Left Back,Germany,FIFA World Cup,2,-0.5083788907762975,1.6993065863834735,-1.0579547,27.021229
5570,Manuel Neuer,Goalkeeper,Germany,FIFA World Cup,0,-3.234637452446094,1.6083936300005965,-41.686638,33.670414
5572,Mats Hummels,Left Center Back,Germany,FIFA World Cup,7,2.3214477431334015,4.249086276830242,6.1498604,66.76966
5574,Toni Kroos,Left Center Midfield,Germany,FIFA World Cup,7,3.406568601881031,4.3784179352853085,10.090026,68.392006
5578,Jérôme Boateng,Right Center Back,Germany,FIFA World Cup,7,1.4101943451031196,4.6027467715366805,5.8408203,65.50429
5579,Joshua Kimmich,Right Back,Germany,FIFA World Cup,7,2.500049762629628,4.701699529921556,8.195133,68.23016
6039,Sebastian Rudy,0,Germany,FIFA World Cup,1,1.496005930870199,0.8237068670997514,23.099743,22.88601
6322,Niklas Süle,0,Germany,FIFA World Cup,7,-0.16849144467406393,2.7915476685099647,-12.54464,41.303185
6324,Leon Goretzka,0,Germany,FIFA World Cup,4,1.1154299645191428,-0.20292028087710715,31.194035,-26.245121
8808,Matthias Ginter,0,Germany,FIFA World Cup,7,0.25705406431952593,2.2906168394536617,0.64903545,56.89898
10287,İlkay Gündoğan,0,Germany,FIFA World Cup,7,4.032859485154834,2.7058205486941977,23.701784,62.61679
20055,Marc-André ter Stegen,0,Germany,FIFA World Cup,0,-3.3227584043730563,1.7133139626512663,-41.695866,33.502518
3381,Nemanja Matić,Left Center Midfield,Serbia,FIFA World Cup,7,2.4707220956094558,1.945235282829712,31.248396,41.881546
3455,Luka Milivojević,Right Center Midfield,Serbia,FIFA World Cup,1,-0.42285245121004766,1.6947922108144766,-31.04118,9.752783
3831,Dušan Tadić,Right Midfield,Serbia,FIFA World Cup,4,0.7368914185514345,-1.3712038384118463,30.271898,-35.0548
4269,Aleksandar Mitrović,Center Forward,Serbia,FIFA World Cup,6,0.6176463691567284,-5.238018562883839,-10.181642,-61.073223
5580,Duško Tošić,Left Center Back,Serbia,FIFA World Cup,2,-0.5287062155878497,2.0270482903844824,-34.632797,14.117888
5587,Adem Ljajić,Left Midfield,Serbia,FIFA World Cup,4,1.1745870143314951,-0.14308382280383067,38.21696,-34.837082
5588,Antonio Rukavina,Right Midfield,Serbia,FIFA World Cup,2,-0.6017624443997557,1.48256377953869,-7.597041,10.076566
5589,Sergej Milinković-Savić,Center Attacking Midfield,Serbia,FIFA World Cup,4,1.3142952231802412,-1.0672745233067653,-1.8886875,-38.11786
5591,Filip Kostić,Left Midfield,Serbia,FIFA World Cup,4,0.523403404633691,-1.7432236901968676,21.958656,-31.691328
5594,Branislav Ivanović,Right Back,Serbia,FIFA World Cup,1,0.9336231220829309,1.4349676133771705,15.693487,28.830511
5596,Aleksandar Kolarov,Left Back,Serbia,FIFA World Cup,7,0.42726219321205183,1.6959914253449206,7.395478,45.897625
5601,Vladimir Stojković,Goalkeeper,Serbia,FIFA World Cup,0,-4.672118076069752,0.23344480452341634,-76.15442,-14.069135
5603,Nikola Milenković,Right Center Back,Serbia,FIFA World Cup,7,-0.672944289901208,3.185351084627074,-18.484056,56.938194
6318,Andrija Živković,0,Serbia,FIFA World Cup,1,0.7752166651030854,1.2987030024639088,13.842519,28.578197
6319,Luka Jović,0,Serbia,FIFA World Cup,6,0.7738893283627548,-2.878596945862011,8.347732,-48.246895
6321,Milos Veljkovic,0,Serbia,FIFA World Cup,7,-0.689255950283136,3.011294823578575,-18.71549,56.916218
6698,Marko Dmitrović,0,Serbia,FIFA World Cup,0,-4.714918701150401,0.08741275239372454,-76.98131,-22.062605
15731,Predrag Rajković,0,Serbia,FIFA World Cup,0,-3.7318087461039786,0.7151449247915368,-40.371117,37.40373
16430,Uroš Spajić,0,Serbia,FIFA World Cup,2,-1.4271770265010995,0.8737356052030212,-18.13106,16.355736
5581,Joel Nathaniel Campbell Samuels,Center Forward,Costa Rica,FIFA World Cup,4,1.9260608070510363,-0.8804233212762004,36.07403,-16.0048
5582,Celso Borges Mora,Right Center Midfield,Costa Rica,FIFA World Cup,2,-0.052258034871318436,0.3949464463464081,-14.831735,11.208193
5584,Giancarlo González Castro,Center Back,Costa Rica,FIFA World Cup,2,-2.2584588113053505,0.5432331516751006,-24.52042,23.027752
5585,Daniel Colindres Solera,Left Wing,Costa Rica,FIFA World Cup,5,2.724149389556552,-0.696900225223668,58.80336,-7.336298
5586,Marcos Danilo Ureña Porras,Center Forward,Costa Rica,FIFA World Cup,1,-0.515647931033086,-1.632138510324019,17.721691,-13.038923
5590,Johnny Acosta Zamora,Right Center Back,Costa Rica,FIFA World Cup,1,-0.3080348915790116,0.7916885950348491,8.407396,5.8074474
5592,Bryan Ruiz González,Right Wing,Costa Rica,FIFA World Cup,4,3.03913591247212,-0.5035846071066413,39.11247,-15.25134
5595,Johan Alberto Venegas Ulloa,Left Wing,Costa Rica,FIFA World Cup,2,-2.304881268627784,-0.8213273129973053,-25.464888,-20.848446
5597,Keylor Navas Gamboa,Goalkeeper,Costa Rica,FIFA World Cup,0,-4.4913686908763,0.6386383524581836,-70.548416,-1.2397676
5598,Óscar Esau Duarte Gaitán,Left Center Back,Costa Rica,FIFA World Cup,2,-1.4672746587471257,0.4537432183717649,-20.936422,20.439314
5599,David Alberto Guzmán Pérez,Left Center Midfield,Costa Rica,FIFA World Cup,2,-1.6783660412091779,1.758471265477535,-25.869516,35.232
5600,Francisco Javier Calvo Quesada,Left Wing Back,Costa Rica,FIFA World Cup,2,0.6887884693676897,0.744349119206535,6.1750927,26.059523
5602,Cristian Gamboa Luna,Right Wing Back,Costa Rica,FIFA World Cup,2,-1.2360104853738578,0.33657796070322615,-21.721571,-0.057302266
5836,Bryan Oviedo,0,Costa Rica,FIFA World Cup,2,0.21700876233252528,1.4836987180288113,8.459886,21.138268
5839,Yeltsin Ignacio Tejeda Valverde,0,Costa Rica,FIFA World Cup,2,-1.8951693699516565,-0.631268798231365,-32.009037,-7.1271343
6328,Kendall Jamaal Waston Manley,0,Costa Rica,FIFA World Cup,2,-1.350139523905572,0.665812707963116,-36.248493,6.4172287
2954,Youri Tielemans,0,Belgium,FIFA World Cup,7,2.858173730053022,2.469746221020396,17.848019,53.36926
3037,Mousa Sidi Yaya Dembélé,Center Defensive Midfield,Belgium,FIFA World Cup,5,4.810495890938429,1.3837942394004636,40.52886,38.864143
3077,Jan Vertonghen,Left Center Back,Belgium,FIFA World Cup,7,0.6783096543048337,3.1359792555684054,3.710996,54.797634
3089,Kevin De Bruyne,Right Center Midfield,Belgium,FIFA World Cup,4,1.7120140362373921,-0.6017562940611216,39.588303,-35.050842
3176,Thomas Meunier,Right Wing Back,Belgium,FIFA World Cup,7,1.8695221749737223,1.1203837573997442,21.987848,48.69673
3289,Romelu Lukaku Menama,Center Forward,Belgium,FIFA World Cup,3,-0.1145421475524311,-4.692059834219989,7.0992527,-57.92354
3296,Marouane Fellaini-Bakkioui,0,Belgium,FIFA World Cup,6,2.369442180589505,-0.7790819237965658,35.16721,31.11314
3457,Michy Batshuayi Tunga,0,Belgium,FIFA World Cup,3,-0.3764269307809017,-5.589957423918786,-1.2017784,-64.63937
3509,Thibaut Courtois,Goalkeeper,Belgium,FIFA World Cup,0,-3.9928308627841727,0.526925379347819,-41.21827,39.290768
3539,Simon Mignolet,0,Belgium,FIFA World Cup,0,-4.0424959761149015,0.35857516497395964,-42.12308,40.41824
3621,Eden Hazard,Left Attacking Midfield,Belgium,FIFA World Cup,4,2.62756590415228,-0.09301458219352027,39.780342,-41.083958
4831,Nacer Chadli,Left Center Midfield,Belgium,FIFA World Cup,4,0.7978323232194161,-1.1084083977919355,33.11171,-32.433826
5630,Dries Mertens,Right Attacking Midfield,Belgium,FIFA World Cup,4,2.311609851836057,-2.3223747801819083,31.403978,-38.250084
5632,Thorgan Hazard,Right Wing,Belgium,FIFA World Cup,4,2.356705165354733,-1.3750340402532335,35.180897,-23.534235
5633,Yannick Ferreira Carrasco,Left Wing Back,Belgium,FIFA World Cup,4,2.4791787198722157,-2.09255469984315,38.882725,-43.63775
5639,Anga Dedryck Boyata,Center Back,Belgium,FIFA World Cup,7,1.1895310132090497,5.023735568694427,3.5007133,63.27388
5642,Axel Witsel,Left Center Midfield,Belgium,FIFA World Cup,7,1.8322977478799647,3.0573989238906463,15.057409,53.465096
6330,Adnan Januzaj,0,Belgium,FIFA World Cup,4,0.8733071170039132,-3.079554694667516,26.086285,-45.306297
6331,Leander Dendoncker,0,Belgium,FIFA World Cup,7,-0.3587874705104976,3.5667796202386417,-2.0701232,62.723087
8240,Koen Casteels,0,Belgium,FIFA World Cup,0,-3.8160800274241744,1.4099691638610803,-77.742805,6.996018
20005,Toby Alderweireld,Right Center Back,Belgium,FIFA World Cup,7,-0.13068819339899396,2.519107621294181,1.5052826,57.84466
5628,José Luis Rodríguez Francis,Left Wing,Panama,FIFA World Cup,2,-1.8048008332211876,-0.7330320234792717,-27.447104,-16.612177
5631,Blas Antonio Miguel Pérez Ortega,Center Forward,Panama,FIFA World Cup,6,-2.33367017243462,-2.8627769092339794,-19.850607,-52.543205
5634,Erick Javier Davis Grajales,Left Back,Panama,FIFA World Cup,2,-0.9342208899872899,2.2062829663377057,-0.88768524,27.528938
5635,Román Aureliano Torres Morcillo,Right Center Back,Panama,FIFA World Cup,2,-2.6206591164234685,-0.4920318581806324,-29.96364,27.649975
5636,Jaime Manuel Penedo Cano,Goalkeeper,Panama,FIFA World Cup,0,-5.44476808214039,-0.8339251764892094,-71.64529,-27.58149
5637,Edgar Yoel Bárcenas Herrera,Right Wing,Panama,FIFA World Cup,1,0.9304562913380876,-0.42522001410187477,12.407153,-26.732159
5638,Fidel Escobar Mendieta,Left Center Back,Panama,FIFA World Cup,1,-0.3366966673633455,0.8341359408049509,24.326256,2.0082173
5640,Gabriel Enrique Gómez Girón,Center Defensive Midfield,Panama,FIFA World Cup,2,-1.3863435117472853,1.922040811379157,-22.965673,32.73632
5641,Michael Amir Murillo Bermudez,Right Back,Panama,FIFA World Cup,4,1.2592766920828222,0.026389040406528265,37.315533,-24.67868
5645,Armando Enrique Cooper Whitaker,Right Center Midfield,Panama,FIFA World Cup,1,1.4374957070401038,0.3926091683917166,26.371677,-11.783892
5646,Aníbal Cesis Godoy,Left Center Midfield,Panama,FIFA World Cup,1,1.851384314073848,1.6746534797080086,40.13799,23.776482
6138,Ricardo Guardia Avila,0,Panama,FIFA World Cup,4,2.042153151361519,-0.14728934923776596,46.085262,-18.812984
6344,Luis Carlos Ovalle Victoria,0,Panama,FIFA World Cup,2,-2.827033198950009,-0.3185263856482214,-47.529346,-0.34758335
6346,Adolfo Abdiel Machado,0,Panama,FIFA World Cup,2,-3.063587619495175,0.5118511023709367,-46.340694,-4.309744
2974,Saîf-Eddine Khaoui,0,Tunisia,FIFA World Cup,1,1.9697499293395477,0.08390991574586426,58.83669,-8.576239
3196,Wahbi Khazri,Center Forward,Tunisia,FIFA World Cup,4,1.7254725995160956,-2.2421833060691285,30.783285,-35.87315
3252,Oussama Haddadi,0,Tunisia,FIFA World Cup,5,2.9786023366872945,1.9797563607731836,58.642124,-10.183581
3557,Naïm Sliti,Left Midfield,Tunisia,FIFA World Cup,4,1.9900376127414154,-1.616176568170694,26.027872,-38.271698
3767,Ellyes Joris Skhiri,Center Defensive Midfield,Tunisia,FIFA World Cup,2,0.11187106912134406,1.5017508892655353,2.5399554,31.601007
4826,Yohan Benalouane,0,Tunisia,FIFA World Cup,1,-0.586007622778706,0.8830566216671464,18.131025,2.924178
5647,Ali Maâloul,Left Back,Tunisia,FIFA World Cup,7,0.08391800762317568,3.077031953651813,5.275549,53.134007
5648,Farouk Ben Mustapha,Goalkeeper,Tunisia,FIFA World Cup,0,-5.04530504420331,-0.3789361323002511,-73.52049,-27.36573
5649,Anice Badri,Left Center Midfield,Tunisia,FIFA World Cup,1,2.398266108540628,0.030960587559340915,50.245804,-6.1107216
5650,Ferjani Sassi,Right Center Midfield,Tunisia,FIFA World Cup,7,3.589949035829859,0.9129162362718316,25.193802,55.720207
5651,Yassine Meriah,Left Center Back,Tunisia,FIFA World Cup,7,-0.1428608447118635,2.9739907424686773,1.8529704,51.70523
5653,Mouez Hassen,Goalkeeper,Tunisia,FIFA World Cup,0,-4.807980284105513,0.11959919050525308,-73.73647,-15.420917
5654,Fakhreddine Ben Youssef,Right Midfield,Tunisia,FIFA World Cup,1,0.8192866621989874,-1.496931887539648,22.021093,-15.088839
5655,Dylan Daniel Mahmoud Bronn,Right Back,Tunisia,FIFA World Cup,2,-1.0076951116201631,0.9635311515354557,-34.54009,16.266293
5656,Syam Ben Youssef,Right Center Back,Tunisia,FIFA World Cup,2,-0.60389441324771,-0.013618529207918935,-5.811927,12.135227
5936,Hamdi Nagguez,0,Tunisia,FIFA World Cup,1,3.3147815102137423,1.7424966741184031,51.23056,-12.032017
6342,Aymen Mathlouthi,0,Tunisia,FIFA World Cup,0,-4.0827150271197725,1.095228747553137,-73.614845,5.928002
6345,Rami Bedoui,0,Tunisia,FIFA World Cup,7,3.1793759173115648,4.7791204683715245,16.164188,69.97226
6347,Ghilane Chalali,0,Tunisia,FIFA World Cup,7,3.0034587364725245,3.8654925458726814,17.975412,65.39438
3094,Bamidele Alli,Left Center Midfield,England,FIFA World Cup,4,2.184649406007295,-2.2467539678176913,28.055363,-51.15875
3205,Kyle Walker,Right Center Back,England,FIFA World Cup,7,0.704372926470429,2.57455114959025,8.17934,49.425426
3233,Raheem Sterling,Right Center Forward,England,FIFA World Cup,4,1.9764945191113865,-1.803608990620916,31.714508,-41.730827
3244,John Stones,Center Back,England,FIFA World Cup,7,0.3228015337330862,3.2965425639821393,2.3816333,59.135002
3293,Jesse Lingard,Right Center Midfield,England,FIFA World Cup,4,0.7799079730715804,-0.559813566365419,31.01058,-27.025917
3308,Kieran Trippier,Right Midfield,England,FIFA World Cup,7,0.7585649435049469,2.5260939858459617,5.5349884,48.12163
3314,Phil Jones,0,England,FIFA World Cup,7,0.00943473347540244,3.3969249947713114,-17.931711,56.254635
3318,Marcus Rashford,Right Center Forward,England,FIFA World Cup,3,0.6885202483465408,-4.192167157132734,24.223886,-56.939346
3336,Harry Maguire,Left Center Back,England,FIFA World Cup,7,0.9362013711739698,2.984273921127369,5.2137575,63.965855
3468,Jordan Pickford,Goalkeeper,England,FIFA World Cup,0,-3.98304534854182,1.2304540568722016,-80.13388,3.614163
3504,Ruben Loftus-Cheek,Left Center Midfield,England,FIFA World Cup,4,2.9141788671962416,-0.44080467092343784,44.117115,-39.67441
3532,Jordan Brian Henderson,Center Defensive Midfield,England,FIFA World Cup,7,2.1992425771481474,1.825870189261153,20.290266,47.096893
3537,Jack Butland,0,England,FIFA World Cup,0,-4.02595496069651,0.36545893617036274,-41.8072,43.13358
3569,Daniel Nii Tackie Mensah Welbeck,0,England,FIFA World Cup,3,3.0855371083493903,-5.609607459605952,20.031666,-58.406227
3594,Danny Rose,0,England,FIFA World Cup,7,2.3558975650671568,1.6779405870126156,32.891357,48.170605
3612,Ashley Young,Left Midfield,England,FIFA World Cup,7,0.5123038435455152,1.5738476671100026,8.5641,45.532806
3645,Gary Cahill,0,England,FIFA World Cup,2,-1.129163459809375,0.6357796793077156,-22.359495,25.697315
3664,Trent Alexander-Arnold,0,England,FIFA World Cup,7,0.8522777651011285,1.090185804352776,14.776533,47.85772
4597,Fabian Delph,0,England,FIFA World Cup,7,2.1281710643342153,1.101405143152018,38.5383,50.342716
10955,Harry Kane,Left Center Forward,England,FIFA World Cup,3,0.4411446041242157,-5.540489203729835,-0.40493557,-63.15174
10956,Eric Dier,Right Center Midfield,England,FIFA World Cup,7,1.199393887356011,2.0977194533655816,0.64453393,49.101166
10960,Jamie Vardy,0,England,FIFA World Cup,3,0.1945904353380556,-6.2116195834261685,-1.0389336,-62.99577
3083,Heung-Min Son,Right Wing,South Korea,FIFA World Cup,4,1.9359468617456648,-2.832933629677328,30.253656,-42.871937
3605,Sung-Yeung Ki,Center Defensive Midfield,South Korea,FIFA World Cup,7,0.43945492165735917,1.8936295798470997,-3.1720161,49.77652
5604,Young-Gwon Kim,Left Center Back,South Korea,FIFA World Cup,2,-1.464381544474488,1.1274513446535035,-17.822912,39.452023
5606,Hyun-Soo Jang,Right Center Back,South Korea,FIFA World Cup,2,-2.515615347086958,0.6498171502891397,-28.397392,30.710634
5608,Yong Lee,Right Back,South Korea,FIFA World Cup,1,0.6819796473203558,0.7432259365167311,33.826984,15.728553
5609,Joo-Ho Park,Left Back,South Korea,FIFA World Cup,7,2.6131424514117874,2.9031781548451083,29.788828,43.65874
5610,Min-Woo Kim,Left Back,South Korea,FIFA World Cup,2,-2.727631234098627,0.9508962701801559,-46.78683,-1.250204
5618,Woo-Young Jung,Left Center Midfield,South Korea,FIFA World Cup,7,0.932721050447641,2.5056738247838273,7.6050696,42.81213
5619,Hyeon-Woo Jo,Goalkeeper,South Korea,FIFA World Cup,0,-4.869079324617195,0.04603556946424138,-68.75256,-7.381851
5620,Hee-Chan Hwang,Left Wing,South Korea,FIFA World Cup,4,2.377266172590823,-3.3161773338015443,19.177757,-36.646317
5623,Jae-Sung Lee,Right Center Midfield,South Korea,FIFA World Cup,2,-0.2541570777921585,0.14587935019474443,-12.961459,-12.966229
5627,Ja-Cheol Koo,Left Center Midfield,South Korea,FIFA World Cup,4,0.6453165368987979,-1.3837961266038057,0.448676,-32.878628
5986,Chul Hong,0,South Korea,FIFA World Cup,2,-1.9986841055266347,0.8596220442420285,-23.180824,-10.013539
5989,Seon-Min Moon,0,South Korea,FIFA World Cup,1,1.5864156349448115,-1.445757202568305,25.220104,-7.821616
6323,Young-Sun Yun,0,South Korea,FIFA World Cup,1,0.5138586742071651,0.7196022861188127,60.184643,-7.465532
37641,Seung-Gyu Kim,0,South Korea,FIFA World Cup,0,-4.211223899914972,0.9811771161974238,-75.86893,1.497843
3576,Martin Olsson,0,Sweden,FIFA World Cup,2,-1.617114631911917,0.011338220102123956,-10.16515,7.927416
4417,Ola Toivonen,Left Center Forward,Sweden,FIFA World Cup,6,-0.9239267619630251,-1.7501102970700362,-13.262397,-45.48359
4709,Pontus Jansson,Right Center Back,Sweden,FIFA World Cup,7,-0.6781096264781575,2.120598989785114,-14.023436,42.145683
5605,Oscar Hiljemark,Left Center Midfield,Sweden,FIFA World Cup,2,-0.6144085753569012,-0.1254108031511553,-2.8202736,-13.335518
5607,Andreas Granqvist,Left Center Back,Sweden,FIFA World Cup,2,-0.588131629417442,-0.7745153925531576,-17.82572,40.381287
5611,Gustav Svensson,Right Center Midfield,Sweden,FIFA World Cup,1,0.4993949160649734,-0.22813510567473322,25.724174,-5.0372586
5612,Mikael Lustig,Right Back,Sweden,FIFA World Cup,2,-1.6855489941492456,0.7520497508011608,-21.382048,24.895247
5613,Viktor Claesson,Right Midfield,Sweden,FIFA World Cup,2,-0.30666588837207615,-1.6370505882468498,2.6208558,-32.080418
5615,Isaac Kiese Thelin,Left Center Forward,Sweden,FIFA World Cup,6,-1.5422914289993233,-2.7361012712806523,-18.833593,-49.220116
5617,Sebastian Larsson,Right Center Midfield,Sweden,FIFA World Cup,1,-0.29668594493965633,0.6935691079447397,0.5557697,20.947142
5621,Ludwig Augustinsson,Left Back,Sweden,FIFA World Cup,2,-1.3823463954050763,-0.06250995996895936,-26.647947,1.3531345
5622,Robin Olsen,Goalkeeper,Sweden,FIFA World Cup,0,-4.948369364726922,-0.1192735073634075,-73.906204,-22.01045
5624,Albin Ekdal,Left Center Midfield,Sweden,FIFA World Cup,2,0.1604366410877404,1.1535706102322487,2.7911186,20.93924
5625,Emil Peter Forsberg,Left Midfield,Sweden,FIFA World Cup,3,0.01951426328550971,-2.4519994663043025,23.488413,-52.257004
6038,John Guidetti,0,Sweden,FIFA World Cup,6,0.35451166055554895,-4.6575352420759835,-3.4113607,-58.997692
6358,Emil Krafth,0,Sweden,FIFA World Cup,1,0.8180579941377277,1.9841596433733648,13.336806,33.353886
7966,Filip Helander,0,Sweden,FIFA World Cup,2,-1.9959145676349808,0.7269006605924158,-34.682533,8.366305
9563,Kristoffer Nordfeldt,0,Sweden,FIFA World Cup,0,-4.185428974993429,1.1708090913903493,-68.92913,5.886789
11098,Marcus Berg,Right Center Forward,Sweden,FIFA World Cup,6,-0.5323352378148989,-4.072539010487867,-7.7549214,-54.05986
2941,Ismaïla Sarr,Right Wing,Senegal,FIFA World Cup,4,-0.7742925772348459,-2.8075911933797424,9.555291,-35.203606
2994,Abdoulaye Diallo,0,Senegal,FIFA World Cup,0,-3.987944924130038,0.5393929571230885,-38.842308,36.440502
3145,Keita Baldé Diao,0,Senegal,FIFA World Cup,4,0.7435292016514882,-2.7895412066712035,24.401447,-47.928055
3404,Youssouf Sabaly,Left Back,Senegal,FIFA World Cup,7,1.970045824711406,1.7602435195524984,27.631159,48.65366
3436,Idrissa Gana Gueye,Right Center Midfield,Senegal,FIFA World Cup,7,4.092101317522585,2.348490555723372,35.64777,39.406746
3603,Mame Biram Diouf,Right Center Forward,Senegal,FIFA World Cup,6,-0.5705566363553733,-3.8343366760915396,-2.6137896,-55.438717
3629,Sadio Mané,Left Wing,Senegal,FIFA World Cup,4,2.166539305414783,-3.0226255446031036,29.588787,-45.475525
3684,Cheikhou Kouyaté,Left Center Midfield,Senegal,FIFA World Cup,1,0.8972255841500456,-0.44609614366849976,29.831556,-19.755524
3962,Diafra Sakho,0,Senegal,FIFA World Cup,6,0.9961902925727797,-5.565109872518665,-14.230646,-59.522804
5659,"Khadim N""Diaye",Goalkeeper,Senegal,FIFA World Cup,0,-5.044217957990765,-0.29357833419949236,-72.568695,-24.460052
5661,M''Baye Babacar Niang,Left Center Forward,Senegal,FIFA World Cup,3,1.460658618532573,-4.591539190831216,20.124458,-46.64603
5664,Salif Sané,Right Center Back,Senegal,FIFA World Cup,7,1.0849228110608138,0.9306088845529341,19.7902,28.365774
5671,Alfred John Momar N''Diaye,Left Center Midfield,Senegal,FIFA World Cup,1,0.8120826672679597,-0.14481336033175593,23.068207,18.87325
5674,Moussa Wagué,Right Back,Senegal,FIFA World Cup,7,1.1454405826557077,1.086618891398251,32.583057,52.210274
5675,Kalidou Koulibaly,Left Center Back,Senegal,FIFA World Cup,7,2.6075937449050177,3.3792243702408746,15.386949,60.853542
5676,Cheikh N''Doye,Right Center Forward,Senegal,FIFA World Cup,6,0.2534988988436341,-2.0037160804538274,0.37420723,-35.51071
6335,Lamine Gassama,0,Senegal,FIFA World Cup,1,1.0862666548071778,2.201352177586094,14.768774,31.26801
8870,Alfred Benjamin Gomis,0,Senegal,FIFA World Cup,0,-4.6557145090344045,0.46063836908200595,-73.57614,-9.0745325
3034,Kamil Glik,0,Poland,FIFA World Cup,7,-0.3195237271577554,2.191188107158456,-8.981562,39.364124
3262,Łukasz Fabiański,0,Poland,FIFA World Cup,0,-4.348343475348442,0.7207125379893217,-79.11014,-3.4776804
3637,Grzegorz Krychowiak,Right Center Midfield,Poland,FIFA World Cup,1,1.096592296349537,1.8553502463624902,11.739805,24.418358
4626,Jan Bednarek,Center Back,Poland,FIFA World Cup,7,-0.03648790356721325,2.2458794138426943,-12.663372,39.943512
4685,Artur Jędrzejczyk,0,Poland,FIFA World Cup,1,1.0135639292328122,1.183011758066552,10.919131,6.37215
5658,Łukasz Piszczek,Right Back,Poland,FIFA World Cup,7,0.5542375725619257,2.962976412164425,4.6914744,48.80122
5660,Piotr Zieliński,Left Center Midfield,Poland,FIFA World Cup,4,1.5110875992774324,-0.1825723776415253,36.73569,-28.36772
5662,Thiago Rangel Cionek,Right Center Back,Poland,FIFA World Cup,1,0.5741650017836433,1.4466485038118837,1.028564,15.207325
5663,Jakub Błaszczykowski,Right Wing,Poland,FIFA World Cup,7,1.216993871613337,0.7290060101931819,19.14319,41.487083
5665,Arkadiusz Milik,Center Attacking Midfield,Poland,FIFA World Cup,6,-0.8391698467535944,-1.3295608296009453,5.166031,-39.46455
5666,Dawid Kownacki,Right Wing,Poland,FIFA World Cup,6,-2.353275895218359,-2.0809215781924717,-27.936203,-38.26152
5667,Kamil Grosicki,Left Wing,Poland,FIFA World Cup,3,0.11719768537460717,-3.076061967504747,25.857616,-50.764175
5668,Robert Lewandowski,Center Forward,Poland,FIFA World Cup,3,0.7802792441012819,-6.217491547306366,12.271098,-66.86465
5669,Wojciech Szczęsny,Goalkeeper,Poland,FIFA World Cup,0,-3.5924225021719125,1.0854804198871457,-41.16358,36.509922
5670,Michał Pazdan,Left Center Back,Poland,FIFA World Cup,7,1.6474187284230768,4.713385164760033,0.67863214,68.56642
5672,Maciej Rybus,Left Back,Poland,FIFA World Cup,1,1.64769503623218,2.0895609730003737,41.680836,23.890661
5673,Bartosz Bereszyński,Right Wing Back,Poland,FIFA World Cup,1,1.2444037088274316,2.0673305512512448,21.56268,32.304764
6195,Jacek Góralski,0,Poland,FIFA World Cup,2,0.6557511142384188,0.3223725072973599,-11.190363,-7.908564
3531,Mohamed Salah,Right Wing,Egypt,FIFA World Cup,3,0.46282076550127654,-2.5367158532685106,24.18865,-52.899395
3568,Mohamed Naser Elsayed Elneny,Right Defensive Midfield,Egypt,FIFA World Cup,7,2.2293924361663024,3.5170653994618934,20.837843,63.25695
4063,Ahmed Elsayed Ali Elsayed Hegazy,Left Center Back,Egypt,FIFA World Cup,7,-0.0015647854880069573,1.7151155504665159,-12.476544,38.77127
5250,Ahmed Fathy Abdel Meneim Ibrahim,Right Back,Egypt,FIFA World Cup,2,0.30087127209128706,1.95285067849171,-38.77781,6.9744925
5251,Abdalla Mahmoud El Said Bekhit,Center Attacking Midfield,Egypt,FIFA World Cup,1,2.7388847826666414,1.6351995477116579,46.2118,-11.037532
5252,Marwan Mohsen,Center Forward,Egypt,FIFA World Cup,6,0.08959379814238297,-4.1975201930739825,-18.028881,-50.80184
5253,Amr Medhat Warda,Right Wing,Egypt,FIFA World Cup,2,-1.097936385973209,-0.46458229550000446,-19.999063,-3.117911
5254,Ali Gabr,Right Center Back,Egypt,FIFA World Cup,0,-2.3703023327314727,0.6348678383699722,-28.749592,2.587649
5261,Mahmoud Ibrahim Hassan,Left Wing,Egypt,FIFA World Cup,4,2.180311067105387,-1.4437376362196306,31.344685,-40.46605
5262,Tarek Hamed,Left Defensive Midfield,Egypt,FIFA World Cup,1,1.9858327062045744,2.700834978153376,45.483917,23.747023
5263,Mohamed Abdul Shafy Sayed Abouezeid,Left Back,Egypt,FIFA World Cup,2,-0.6603663588955977,2.4940869488699517,-21.228367,40.947124
5265,Mohamed El Sayed Mohamed El Shenawy Gomaa,Goalkeeper,Egypt,FIFA World Cup,0,-4.913655285605919,0.022358619556967576,-66.53984,-2.7280412
6292,Essam Kamal Tawfik El Hadary,0,Egypt,FIFA World Cup,0,-4.977531537736872,-0.04121668999142167,-67.54747,-5.9355583
3175,Eiji Kawashima,Goalkeeper,Japan,FIFA World Cup,0,-4.780862346335744,0.15343708496161987,-69.56,-7.6359844
3300,Maya Yoshida,Right Center Back,Japan,FIFA World Cup,7,-0.3614106698406233,2.370704570216201,-10.510095,41.669926
3530,Hiroki Sakai,Right Back,Japan,FIFA World Cup,1,0.4769272753520733,1.1040247146223494,7.784251,19.511507
3810,Shinji Okazaki,Center Forward,Japan,FIFA World Cup,6,0.6711839628496367,-3.8706127484234463,-14.448546,-56.73883
5679,Yūya Ōsako,Center Forward,Japan,FIFA World Cup,6,0.7836335932589997,-1.915534116914009,4.505367,-37.03813
5681,Makoto Hasebe,Left Center Midfield,Japan,FIFA World Cup,1,0.44254782392117364,1.4626445918240611,-4.9691043,28.762543
5682,Gen Shōji,Left Center Back,Japan,FIFA World Cup,7,-0.5727293051926965,2.9106162518061356,-1.3858277,59.808567
5683,Keisuke Honda,Center Attacking Midfield,Japan,FIFA World Cup,4,2.5665327180212065,-0.9695649391164296,34.652634,-22.028448
5684,Shinji Kagawa,Center Attacking Midfield,Japan,FIFA World Cup,7,1.871873710087753,0.28457745763415093,44.17301,-26.7458
5687,Takashi Inui,Left Wing,Japan,FIFA World Cup,4,0.4835106638847278,-1.942836639227771,9.82751,-33.225018
5690,Yuto Nagatomo,Left Back,Japan,FIFA World Cup,7,0.3514346467748399,1.8138009916315874,7.9828334,34.542217
5693,Gaku Shibasaki,Right Center Midfield,Japan,FIFA World Cup,2,-0.18890642069572616,1.185138890059428,-2.20946,33.528965
5694,Hotaru Yamaguchi,Right Center Midfield,Japan,FIFA World Cup,2,-0.732605471840043,1.8291835426018586,-40.690758,5.9244924
5697,Genki Haraguchi,Right Wing,Japan,FIFA World Cup,4,0.42564630428275485,-1.517007784425981,16.89243,-28.653614
6337,Yoshinori Muto,0,Japan,FIFA World Cup,6,0.21733266930361722,-4.873563572332767,-4.466844,-58.11101
6338,Tomoaki Makino,0,Japan,FIFA World Cup,7,0.12298246703100883,4.423542055509706,-3.230245,70.83617
6339,Gotoku Sakai,0,Japan,FIFA World Cup,1,0.928506601967704,1.0963060908817484,13.641613,20.79037
23721,Wataru Endo,0,Japan,FIFA World Cup,7,1.167375236655591,1.5913286483172175,-0.76421607,49.5888
3445,Radamel Falcao García Zárate,Center Forward,Colombia,FIFA World Cup,3,0.41811061005177047,-4.643933502464361,5.837933,-60.641132
3494,Davinson Sánchez Mina,Right Center Back,Colombia,FIFA World Cup,7,0.13871746914251648,1.7333324696140495,-6.8297253,40.559406
4276,David Ospina Ramírez,Goalkeeper,Colombia,FIFA World Cup,0,-4.736426860990757,0.20574207884622256,-75.797165,-14.8666725
5678,Jefferson Andrés Lerma Solís,Right Center Midfield,Colombia,FIFA World Cup,2,0.01813583522450733,0.46182398089574,3.755351,19.140926
5680,Oscar Fabián Murillo Murillo,Left Center Back,Colombia,FIFA World Cup,2,-2.068912299357355,1.3119721407762204,-43.36727,2.347227
5685,Carlos Alberto Sánchez Moreno,Left Defensive Midfield,Colombia,FIFA World Cup,1,1.4250366062440962,1.2122865192803516,21.770617,29.281637
5686,Wílmar Enrique Barrios Terán,Right Center Midfield,Colombia,FIFA World Cup,5,3.057259590965099,1.8738528452426042,46.853535,19.289413
5688,Carlos Arturo Bacca Ahumada,Right Wing,Colombia,FIFA World Cup,3,-1.1220541916930922,-3.962137559077483,4.618741,-57.62367
5689,Juan Guillermo Cuadrado Bello,Right Midfield,Colombia,FIFA World Cup,4,3.2625734769063124,-0.21000659868655,39.88998,-40.93063
5691,Johan Andrés Mojica Palacio,Left Back,Colombia,FIFA World Cup,1,2.543073901561259,1.9894882824124092,40.354153,19.886513
5692,Juan Fernando Quintero Paniagua,Right Midfield,Colombia,FIFA World Cup,7,1.1215907179548639,0.8867130690834725,38.456326,-34.222023
5695,James David Rodríguez Rubio,Left Wing,Colombia,FIFA World Cup,7,4.093767522047705,0.3663177406860926,41.755146,-38.546955
5696,Santiago Arias Naranjo,Right Back,Colombia,FIFA World Cup,2,-1.6759354929816965,1.1420591430933806,-16.417866,19.282251
6192,Abel Enrique Aguilar Tapia,0,Colombia,FIFA World Cup,1,1.0392599152350306,0.5627170914700497,27.789679,16.788725
6193,Andrés Mateus Uribe Villa,0,Colombia,FIFA World Cup,2,0.6836956352069817,0.06866627668561476,-7.5687823,-34.368267
6196,Yerry Fernando Mina González,0,Colombia,FIFA World Cup,7,2.0815588770831033,1.6476049792707652,12.249838,55.60165
6334,Luis Fernando Muriel Fruto,0,Colombia,FIFA World Cup,3,1.4557777945613246,-4.504181820595404,20.505236,-47.252613
6360,Cristian Eduardo Zapata Valencia,0,Colombia,FIFA World Cup,2,-0.27050542492817414,1.459668307453028,-5.4014378,26.872522
27225,Camilo Andrés Vargas Gil,0,Colombia,FIFA World Cup,0,-4.203651662209669,1.0011053755093644,-79.41054,1.1038144
2947,Anthony Lopes,0,Portugal,FIFA World Cup,0,-3.8951363031603488,0.7005308444776609,-40.177628,37.57679
3168,João Filipe Iria Santos Moutinho,Right Center Midfield,Portugal,FIFA World Cup,7,1.2420018322044608,2.0038720752793995,6.190582,47.060215
3193,Bernardo Mota Veiga de Carvalho e Silva,Right Midfield,Portugal,FIFA World Cup,4,2.015715504572799,-0.505033258140389,37.168037,-27.029106
3329,Cédric Ricardo Alves Soares,Right Back,Portugal,FIFA World Cup,1,1.0716115605956038,1.0668548306947507,15.694413,26.60458
3707,Adrien Sebastian Perruchet Silva,Right Center Midfield,Portugal,FIFA World Cup,7,1.8952239416566214,4.836149197808118,0.33280632,72.52708
3960,José Miguel da Rocha Fonte,Left Center Back,Portugal,FIFA World Cup,2,-0.1634202521893086,1.6908497235776738,-12.141191,34.132263
4272,João Mário Naval da Costa Eduardo,Left Midfield,Portugal,FIFA World Cup,7,-0.5040683961233987,1.678362158158978,-9.215349,49.361443
4367,Gonçalo Manuel Ganchinho Guedes,Right Center Forward,Portugal,FIFA World Cup,2,-0.714558059308566,-1.219416871976757,-16.379736,-27.888254
5204,Bruno Miguel Borges Fernandes,Left Midfield,Portugal,FIFA World Cup,4,1.8598840459508115,-0.4634348269760898,33.29914,-24.04139
5205,Rui Pedro dos Santos Patrício,Goalkeeper,Portugal,FIFA World Cup,0,-4.567500021140548,0.41385835781710306,-68.062965,-1.5493307
5206,Rúben Santos Gato Alves Dias,0,Portugal,FIFA World Cup,7,1.015451882743379,5.02698169805934,0.34016356,69.819046
5207,Cristiano Ronaldo dos Santos Aveiro,Left Center Forward,Portugal,FIFA World Cup,3,0.7520832363660289,-6.369743153663973,14.525245,-67.17994
5209,Raphaël Adelino José Guerreiro,Left Back,Portugal,FIFA World Cup,7,1.59679379872684,1.450045801033045,23.266506,49.687984
5214,William Silva de Carvalho,Left Center Midfield,Portugal,FIFA World Cup,7,0.17451247735736067,3.1219065589126496,1.2909184,59.136745
5215,Ricardo Andrade Quaresma Bernardo,0,Portugal,FIFA World Cup,4,1.8924877796496296,-3.6290547109125977,38.584827,-52.880028
5218,André Miguel Valente Silva,0,Portugal,FIFA World Cup,6,-1.329936301829659,-2.1910430619087466,-19.519981,-29.101723
5723,Gelson Dany Batalha Martins,Right Midfield,Portugal,FIFA World Cup,2,0.13034516215172123,-0.7011384325817155,-13.990763,-9.316338
6350,Manuel Henrique Tavares Fernandes,0,Portugal,FIFA World Cup,5,7.842417722812121,1.9912247198940276,59.653976,3.2072308
6352,Ricardo Domingos Barbosa Pereira,0,Portugal,FIFA World Cup,7,3.483049695825068,2.466239634452294,37.844208,38.673798
7151,Mário Rui Silva Duarte,0,Portugal,FIFA World Cup,7,1.2492602973354516,2.79488947746057,9.659967,49.81275
20016,Kléper Laveran Lima Ferreira,Right Center Back,Portugal,FIFA World Cup,7,0.7923017251087645,2.409823337888285,7.6897006,52.26365
27111,António Alberto Bastos Pimparel,0,Portugal,FIFA World Cup,0,-4.2193579326412305,0.9580835470363168,-76.090096,1.2679642
3302,Nordin Amrabat,Right Wing,Morocco,FIFA World Cup,4,0.9324026590060975,-2.302721668679905,14.44097,-40.018658
5219,Romain Saïss,0,Morocco,FIFA World Cup,2,-0.013281388784447316,1.3804851651465122,-3.000767,34.998055
5221,Manuel Marouan da Costa Trinidade,Left Center Back,Morocco,FIFA World Cup,0,-3.000326430058693,1.2287831766109838,-56.153423,10.844729
5229,Ayoub El Kaabi,Right Center Forward,Morocco,FIFA World Cup,6,-2.5840662311019544,-4.57226884550899,-28.552069,-42.452282
5232,Mbark Boussoufa,Left Defensive Midfield,Morocco,FIFA World Cup,1,0.22532190805431207,1.634821454656761,22.646982,9.702354
5233,Munir Mohand Mohamedi,Goalkeeper,Morocco,FIFA World Cup,0,-5.021539853443303,-0.17231036841700229,-70.92117,-15.552937
5234,Sofyan Amrabat,0,Morocco,FIFA World Cup,1,1.375823311916337,2.3837731430116835,32.08196,23.279934
5236,Karim El Ahmadi Al Aroos,Right Defensive Midfield,Morocco,FIFA World Cup,1,1.74076135382659,1.3548167495667047,33.539692,3.076042
5237,Hakim Ziyech,Left Wing,Morocco,FIFA World Cup,4,1.2058379141361288,-1.0032989489714281,34.908066,-36.079937
5242,Younès Belhanda,Center Attacking Midfield,Morocco,FIFA World Cup,5,3.6217841005679827,-0.5222471417023108,48.733875,-7.808853
5243,Amine Harit,0,Morocco,FIFA World Cup,4,3.129219865885277,-0.6276661269539248,50.88691,-45.60156
5244,Medhi Amine El Mouttaqi Benatia,Right Center Back,Morocco,FIFA World Cup,7,1.0333353003201655,3.4478135435372534,4.763316,63.78644
5245,Achraf Hakimi Mouh,Left Back,Morocco,FIFA World Cup,7,2.341194996935299,2.160616594743423,26.244505,51.495953
5724,Fayçal Fajr,Right Defensive Midfield,Morocco,FIFA World Cup,7,0.8130932566713382,0.28774342319539614,32.829124,-27.918667
5725,Mehdi Carcela-González,Left Center Forward,Morocco,FIFA World Cup,1,1.0360085519708233,-0.6404291590716699,37.6025,-5.6698527
5726,Khalid Boutaïb,Center Forward,Morocco,FIFA World Cup,6,1.8741683845481862,-3.6370635218541785,-13.606438,-57.502792
5727,Nabil Dirar,Right Back,Morocco,FIFA World Cup,4,1.642241114088268,-0.858602538207373,35.05228,-18.170149
6301,Youssef En-Nesyri,0,Morocco,FIFA World Cup,6,-1.777871152201522,-3.8706908622209486,1.1615156,-55.70301
6785,Yassine Bounou,0,Morocco,FIFA World Cup,0,-3.605702185074001,1.0828987426593073,-40.34107,35.968407
3064,David Josué Jiménez Silva,Right Center Midfield,Spain,FIFA World Cup,7,2.9169923722733038,1.380698864722027,28.34538,58.036358
3333,David de Gea Quintana,Goalkeeper,Spain,FIFA World Cup,0,-4.6771740442405525,0.31641731045460664,-74.250694,-9.874265
3498,Ignacio Monreal Eraso,0,Spain,FIFA World Cup,7,0.43059680347482293,2.286432474097222,2.463424,38.582596
3957,César Azpilicueta Tanco,0,Spain,FIFA World Cup,7,1.697525910602744,2.577150287896317,29.475061,45.66934
4926,Francisco Román Alarcón Suárez,Left Midfield,Spain,FIFA World Cup,4,4.390429717203166,0.6180863444927681,40.572784,-41.77944
5198,Diego da Silva Costa,Center Forward,Spain,FIFA World Cup,6,1.044205981089968,-3.773553661542148,-2.6281154,-58.303825
5199,Jorge Resurrección Merodio,Left Center Midfield,Spain,FIFA World Cup,7,2.4238397776817195,1.9043600945331898,25.139645,51.395756
5200,Lucas Vázquez Iglesias,Right Midfield,Spain,FIFA World Cup,4,4.103183111589702,-0.350539497169048,52.403255,-30.322369
5201,Sergio Ramos García,Left Center Back,Spain,FIFA World Cup,7,1.1815412843852102,3.1216093721199907,5.5607204,60.47808
5202,José Ignacio Fernández Iglesias,0,Spain,FIFA World Cup,7,0.2073186417553219,2.1855147661232524,-12.184194,39.634796
5203,Sergio Busquets i Burgos,Center Defensive Midfield,Spain,FIFA World Cup,7,3.1785175706960045,4.28863244510099,11.042481,67.22904
5208,Thiago Alcântara do Nascimento,0,Spain,FIFA World Cup,7,5.700769520767515,3.8673160451234128,10.003572,71.38948
5211,Jordi Alba Ramos,Left Back,Spain,FIFA World Cup,7,2.1487428062100165,4.0822685724892205,8.727892,65.12715
5213,Gerard Piqué Bernabéu,Right Center Back,Spain,FIFA World Cup,7,1.5413791943506745,3.4525806490195836,6.641715,61.08383
5216,Andrés Iniesta Luján,Left Center Midfield,Spain,FIFA World Cup,7,4.805785102016852,2.360551616490368,27.177881,59.83712
5217,Iago Aspas Juncal,0,Spain,FIFA World Cup,3,0.9443860011118581,-3.474501811055525,8.227341,-55.86348
5718,Rodrigo Moreno Machado,Center Forward,Spain,FIFA World Cup,4,0.7320435359359685,-2.796572889468537,22.455887,-48.867752
5719,Marco Asensio Willemsen,Right Midfield,Spain,FIFA World Cup,4,1.5730975801560352,-1.1843764129129397,32.95303,-36.29915
5721,Daniel Carvajal Ramos,Right Back,Spain,FIFA World Cup,7,1.7291335913797123,3.0831623539026816,19.815226,54.12576
6381,Saúl Ñíguez Esclapez,0,Spain,FIFA World Cup,1,2.280615987957001,-0.8453798892945146,33.021305,30.244305
6395,Kepa Arrizabalaga Revuelta,0,Spain,FIFA World Cup,0,-4.267417848341845,0.9109338471398245,-81.45344,-3.7127573
6689,Álvaro Odriozola Arzallus,0,Spain,FIFA World Cup,7,1.3370520297556707,1.5453325291232012,27.767546,34.699326
7028,José Manuel Reina Páez,0,Spain,FIFA World Cup,0,-3.5743207904057974,1.1313798778643611,-39.8307,35.41006
5220,Morteza Pouraliganji,Right Center Back,Iran,FIFA World Cup,2,-2.311003158931528,0.6182405693192634,-29.372423,4.696961
5224,Sardar Azmoun,Center Forward,Iran,FIFA World Cup,6,-3.136127987493859,-3.396628208203851,-27.781744,-40.214905
5225,Omid Ebrahimi,Right Center Midfield,Iran,FIFA World Cup,1,1.3854222551977864,0.4501905287550706,21.856663,-5.2180815
5226,Mehdi Taremi,Right Wing,Iran,FIFA World Cup,6,-0.02470564265898156,-2.8398895826035853,9.145233,-30.404497
5227,Alireza Safar Beiranvand,Goalkeeper,Iran,FIFA World Cup,0,-5.172040515819575,-0.4104862761145436,-71.46137,-24.63961
5228,Seyed Majid Hosseini,Left Center Back,Iran,FIFA World Cup,2,-1.979994923266642,0.8750044994262264,-32.551517,7.3553014
5230,Ehsan Hajsafi,Left Back,Iran,FIFA World Cup,2,-2.604355087027845,0.1386805270945767,-21.432192,-8.027152
5231,Karim Ansarifard,Left Wing,Iran,FIFA World Cup,6,0.7154116795667056,-3.325645194549117,9.709422,-30.43315
5235,Ramin Rezaeian,Right Back,Iran,FIFA World Cup,1,0.10762149949612643,0.2047550221389572,-0.53534967,6.2708864
5238,Masoud Shojaei Soleimani,0,Iran,FIFA World Cup,4,-0.10901472421408816,-3.101658228504038,-28.016579,-27.171944
5239,Alireza Jahanbakhsh,Left Wing,Iran,FIFA World Cup,6,-0.519206282373315,-2.4083492135607507,-27.099194,-27.77434
5241,Vahid Amiri,Left Center Midfield,Iran,FIFA World Cup,1,0.6571197031501066,-0.8958078699653202,22.45893,-7.965097
5720,Milad Mohammadi,Left Back,Iran,FIFA World Cup,1,1.4555455874337606,0.4641630078747909,45.54201,7.8584957
5722,Saeid Ezatolahi Afagh,Center Defensive Midfield,Iran,FIFA World Cup,1,-0.6468294815008787,0.10325838770005569,5.7696834,-8.301529
4319,Edinson Roberto Cavani Gómez,Right Center Forward,Uruguay,FIFA World Cup,3,0.011793850875524493,-3.9928545704219083,11.784443,-65.01727
5246,Luis Alberto Suárez Díaz,Left Center Forward,Uruguay,FIFA World Cup,3,0.7877807210238108,-4.848448090108374,16.050142,-66.13518
5247,Nahitan Michel Nández Acosta,Right Center Midfield,Uruguay,FIFA World Cup,1,1.751955242516874,0.9522899384970847,37.927982,14.953917
5248,José Martín Cáceres Silva,Left Back,Uruguay,FIFA World Cup,7,0.10925521964994753,2.1483233722932047,8.031535,50.824356
5249,Diego Roberto Godín Leal,Left Center Back,Uruguay,FIFA World Cup,2,-0.6212119271324433,0.46751939462453845,-4.319825,13.239978
5255,Matías Vecino Falero,Right Center Midfield,Uruguay,FIFA World Cup,7,2.872975294851961,2.4082847078816054,21.875345,58.689686
5256,Cristian Gabriel Rodríguez Barrotti,Left Wing,Uruguay,FIFA World Cup,2,-0.8390404029813164,-0.7434454949658323,-2.7088084,-33.66119
5258,Giorgian Daniel De Arrascaeta Benedetti,0,Uruguay,FIFA World Cup,3,1.6796629497402777,-3.893401550050732,19.650644,-70.83118
5259,José María Giménez de Vargas,Right Center Back,Uruguay,FIFA World Cup,2,-0.7073236506823615,0.666739721506231,-3.9194028,12.317466
5260,Rodrigo Bentancur Colmán,Left Center Midfield,Uruguay,FIFA World Cup,7,3.619935340172321,0.30577205675805996,47.710793,36.63555
5264,Guillermo Varela Olivera,Right Back,Uruguay,FIFA World Cup,1,1.9266368896692347,2.2171755185340047,35.065487,23.031837
5266,Lucas Torreira Di Pascua,Right Center Midfield,Uruguay,FIFA World Cup,1,1.4276572856304994,1.9544306841130015,39.132923,24.228416
5267,Néstor Fernando Muslera Micol,Goalkeeper,Uruguay,FIFA World Cup,0,-4.747001291214149,0.11426535904216684,-69.073265,-6.9962687
5268,Carlos Andrés Sánchez Arcosa,Right Wing,Uruguay,FIFA World Cup,4,-0.5288392396303888,0.3183735236590895,-5.7307534,-21.60772
5717,Diego Sebastián Laxalt Suárez,Left Wing,Uruguay,FIFA World Cup,1,1.0230895546136136,0.17595386043447525,22.72137,21.657171
6297,Maximiliano Gómez González,0,Uruguay,FIFA World Cup,3,0.7064073963139216,-4.704147669369143,9.341451,-51.34806
6300,Sebastián Coates Nión,0,Uruguay,FIFA World Cup,2,-0.690492270545414,0.5538221685458035,-6.3516154,12.346415
6351,Cristhian Ricardo Stuani Curbelo,0,Uruguay,FIFA World Cup,6,0.007777874667813762,-3.783502830981596,0.20101114,-47.704254
28289,Gastón Alexis Silva Perdomo,0,Uruguay,FIFA World Cup,7,1.0551931833013766,1.686509553557168,8.499252,35.075523
9904,Frederico Rodrigues Santos,0,Brazil,FIFA World Cup,7,-0.24886051797851708,0.6058366082997362,-29.669674,15.4472
6040,Jonas Hector,Left Back,Germany,FIFA World Cup,7,0.5447680762163235,2.0344650576801233,2.4452896,46.685337
3702,Victor Nilsson Lindelöf,Right Center Back,Sweden,FIFA World Cup,2,-1.0954949998472236,1.7896017230598331,-14.842956,29.011768
3101,Vincent Kompany,0,Belgium,FIFA World Cup,7,0.6291582805687214,2.478780016561183,7.8028564,52.566013
6332,Thomas Vermaelen,0,Belgium,FIFA World Cup,7,-0.024091998322527022,3.128506754561394,2.1383326,58.317215
5222,Roozbeh Cheshmi,Left Center Back,Iran,FIFA World Cup,0,-3.6535606459059875,-2.5071690322408005,-2.4128888,-46.176834
3726,Gerard Deulofeu Lázaro,Right Midfield,Barcelona,La Liga,4,2.514960957499182,-0.6650043332423277,54.229298,-16.367176
6374,Nélson Cabral Semedo,Right Back,Barcelona,La Liga,7,2.886450775059967,3.1227291521178424,20.237165,56.600746
6379,Sergi Roberto Carnicer,Center Attacking Midfield,Barcelona,La Liga,7,1.9188824520038643,3.5284432017827903,9.131137,63.84503
6400,Aleix Vidal Parreu,Right Midfield,Barcelona,La Liga,7,2.088731136851547,1.4694370873030782,21.763773,49.444485
6402,Francisco Alcácer García,Left Midfield,Barcelona,La Liga,3,-1.011290532824222,-3.795316444963761,4.6779547,-56.91089
6609,Denis Suárez Fernández,Left Midfield,Barcelona,La Liga,4,1.7071399746668445,-0.2150016723653422,37.206493,-29.043444
6849,Lucas Digne,Left Back,Barcelona,La Liga,7,1.0728039879763838,2.4405579030408124,5.731833,47.98677
8652,Jasper Cillessen,0,Barcelona,La Liga,0,-3.8195326384726407,1.5817953512730862,-72.60143,9.990354
10802,André Filipe Tavares Gomes,0,Barcelona,La Liga,4,2.892987243647444,0.28775860504053036,39.22849,-27.501875
11094,Arda Turan,0,Barcelona,La Liga,7,3.284535147767117,0.9065213597338642,39.51772,41.911983
6646,Riza Durmisi,0,Real Betis,La Liga,2,-1.6556772725399713,0.9543941570833624,-8.34335,-16.706802
6647,Zouhair Feddal,Left Center Back,Real Betis,La Liga,2,-0.4717720683737308,1.4608985164086787,-11.906208,24.099339
6648,Aïssa Mandi,Right Center Back,Real Betis,La Liga,2,-0.543709525417227,1.4876498295131753,-12.962435,36.00523
6651,Joaquín Sánchez Rodríguez,Left Wing,Real Betis,La Liga,4,1.0764323554498192,-0.8064496758160322,37.183258,-30.310541
6652,Jordi Amat Maas,0,Real Betis,La Liga,2,-0.9336371743439824,0.9258766640252744,-20.054556,22.022406
6654,Antonio Adán Garrido,Goalkeeper,Real Betis,La Liga,0,-4.273474637234697,-0.0041974885408369595,-42.804234,45.0039
6655,Fabián Ruiz Peña,Left Center Midfield,Real Betis,La Liga,7,3.600267324834351,3.013160082981522,22.533272,61.089535
6657,Sergio León Limones,Center Forward,Real Betis,La Liga,6,-2.1698315169642175,-3.0989599319034724,-20.655783,-31.53338
6659,Víctor Camarasa Ferrando,Left Center Midfield,Real Betis,La Liga,1,1.6905907597180807,0.5706796472968771,25.679405,26.06655
6663,Antonio Barragán Fernández,Right Back,Real Betis,La Liga,1,0.534414610412013,2.2174663289516747,11.101257,22.168324
6831,Francisco Javier Guerrero Martín,Right Wing,Real Betis,La Liga,2,-0.8420776911257374,2.2510349274069434,-41.00788,1.1556433
6835,Alin Dorinel Toșca,Left Back,Real Betis,La Liga,2,-1.477125648837055,1.3942875443208382,-33.613018,2.4242318
6836,Francisco Javier García Fernández,Center Defensive Midfield,Real Betis,La Liga,2,-2.3960036839186434,0.6085509293227749,-47.270573,1.2535751
6880,Arnaldo Antonio Sanabria Ayala,0,Real Betis,La Liga,6,-0.14164570363772644,-4.624352890408993,-10.756392,-58.211693
8803,Daniel Giménez Hernández,0,Real Betis,La Liga,0,-4.478255893096245,0.5453975712790695,-81.954834,-18.1534
18867,Matías Nahuel Leiva Esquivel,Right Wing,Real Betis,La Liga,4,0.536185916433776,-0.9522547105446226,16.95534,-27.462545
6612,Rubén Duarte Sánchez,0,Deportivo Alavés,La Liga,2,-0.3279956686852253,0.9615522137042579,1.1605223,9.328263
6613,Rubén Sobrino Pozuelo,Center Forward,Deportivo Alavés,La Liga,6,1.022059440872381,-2.3876079578678913,19.117447,-21.450918
6614,Alexis Ruano Delgado,Right Center Back,Deportivo Alavés,La Liga,2,-1.8513810996677786,0.8539611101189728,-22.176462,20.030006
6617,Ibai Gómez Pérez,Left Midfield,Deportivo Alavés,La Liga,4,1.0852058572196255,-2.141682731726628,15.614551,-34.060734
6622,Tomás Pina Isla,Center Defensive Midfield,Deportivo Alavés,La Liga,1,0.7734600994142995,0.8980047587302965,24.834106,16.91431
6624,Jorge Franco Alviz,Left Midfield,Deportivo Alavés,La Liga,4,2.1348410232116293,-2.1930497510267193,30.125368,-41.691784
6626,Mubarak Wakaso,Right Center Midfield,Deportivo Alavés,La Liga,1,2.062745920028441,0.13549943981810414,34.597763,-12.863839
6628,Óscar David Romero Villamayor,Right Midfield,Deportivo Alavés,La Liga,4,2.43173718973525,-2.9489427882940635,20.7456,-37.792877
6629,Fernando Pacheco Flores,Goalkeeper,Deportivo Alavés,La Liga,0,-4.75217526667466,0.2788499209615589,-72.729805,-9.940022
6632,Manuel Alejandro García Sánchez,Left Center Midfield,Deportivo Alavés,La Liga,2,0.1628571388175417,-0.23443573727285136,-11.921976,-4.4127674
6636,Rodrigo Ely,Left Center Back,Deportivo Alavés,La Liga,2,-2.1345934935535387,0.16926113789990493,-25.48914,23.207188
6737,Alfonso Pedraza Sag,Left Back,Deportivo Alavés,La Liga,1,0.5742037418175615,-0.16651323805391607,24.00885,-4.720273
6839,Daniel Alejandro Torres Rojas,0,Deportivo Alavés,La Liga,2,-1.8085902211847618,0.9647713311923543,-31.497852,2.8721063
6855,Guillermo Alfonso Maripán Loaysa,0,Deportivo Alavés,La Liga,1,-0.19919069676673623,0.5795794345149639,6.5568147,5.113852
6856,Carlos Martín Vigaray,Right Back,Deportivo Alavés,La Liga,1,0.7403256836117544,0.6310081753255402,3.3856268,5.9572854
6881,Christian Robert Santos Kwasniewski,Center Forward,Deportivo Alavés,La Liga,6,-0.8099687407040499,-1.8684265591897509,-20.459137,-39.9473
3236,Sergi Darder Moll,Left Midfield,Espanyol,La Liga,7,1.223263065965601,0.64181013857215,22.83274,40.453323
6751,Javier Fuego Martínez,Left Center Midfield,Espanyol,La Liga,1,1.241980793933441,1.9804798461295232,27.62501,20.996035
6754,David López Silva,Right Center Back,Espanyol,La Liga,1,1.643536790651797,0.9440685231899174,22.698046,24.373957
6756,Marc Navarro Ceciliano,Right Back,Espanyol,La Liga,1,1.4118007052333388,0.9029391786380296,11.522922,9.493013
6757,Aarón Martín Caricol,Left Back,Espanyol,La Liga,1,-0.9128437344570899,0.5236379760537514,-4.1412864,4.4609065
6758,Víctor Sánchez Mata,Right Back,Espanyol,La Liga,1,2.4613252669427275,0.2996561349831181,44.579956,11.508869
6761,Leonardo Carrilho Baptistão,Right Center Forward,Espanyol,La Liga,6,0.9743645346554407,-3.2650490814729873,11.887793,-41.56277
6763,Pablo Daniel Piatti,Right Midfield,Espanyol,La Liga,4,1.1644628853210792,-2.1806210117157483,17.780005,-27.770475
6766,Gerard Moreno Balaguero,Left Center Forward,Espanyol,La Liga,6,1.9360496334956687,-4.060645480299224,20.065832,-46.430878
6767,Sergio García De La Fuente,Right Midfield,Espanyol,La Liga,4,0.2010785113369292,-2.3340750919657802,23.223608,-36.82793
6768,Diego López Rodríguez,0,Espanyol,La Liga,0,-4.5848622888982895,0.4957952554226598,-71.5544,-5.2247777
6769,Edinaldo Gomes Pereira,0,Espanyol,La Liga,1,-0.8972463890228295,0.3119959571938853,19.001173,2.6305428
6790,Mario Hermoso Canseco,Left Center Back,Espanyol,La Liga,2,-0.384346307971798,1.340482288177226,-7.7641234,21.766577
6792,Pau López Sabata,Goalkeeper,Espanyol,La Liga,0,-4.662439735118858,0.3268533017137429,-75.64691,-10.657099
6866,Marc Roca Junqué,0,Espanyol,La Liga,1,1.7062678060532717,1.3876390714923086,23.697508,34.197254
6867,Papa Kouly Diop,Right Center Midfield,Espanyol,La Liga,1,1.13789899655195,0.6019956498940087,24.26631,19.528652
6870,José Manuel Jurado Marín,0,Espanyol,La Liga,4,1.6222743492543812,-0.17331545185141348,37.84331,-25.939386
6886,Dídac Vilá Rosselló,Left Midfield,Espanyol,La Liga,1,0.18601691344552873,1.1503859694915088,22.768246,9.115842
6611,Ángel Luis Rodríguez Díaz,0,Getafe,La Liga,6,0.14328571066192985,-4.47449475219886,-4.820353,-57.18694
6619,Vitorino Gabriel Pacheco Antunes,Left Back,Getafe,La Liga,1,-0.659776516295164,0.11633355709878503,22.775406,4.0781817
6621,Amath Ndiaye,Left Wing,Getafe,La Liga,1,0.8814594440008967,-1.2115434934423777,24.281027,-5.655426
6625,Vicente Guaita Panadero,Goalkeeper,Getafe,La Liga,0,-4.202141003424128,0.17418006355030938,-42.602493,43.80734
6627,Damián Nicolás Suárez Suárez,Right Back,Getafe,La Liga,1,0.7024006048992414,1.6704016066877638,10.451895,22.09299
6630,Jorge Molina Vidal,Center Forward,Getafe,La Liga,6,-0.36624772920599735,-3.6843078930976487,-13.015688,-54.42501
6633,Markel Bergara Larrañaga,Right Defensive Midfield,Getafe,La Liga,1,1.47175502933765,0.7222224345761502,36.53245,13.323778
6634,Djené Dakonam Ortega,Right Center Back,Getafe,La Liga,1,-0.44947459403658085,0.5900823092417719,2.3147726,4.296541
6861,Juan Torres Ruiz,Left Center Back,Getafe,La Liga,2,-0.5699153365710692,1.0006344786142447,-3.417544,12.521482
6863,Mauro Wilney Arambarri Rosa,Left Defensive Midfield,Getafe,La Liga,1,1.3867644605287195,-0.3449857726880446,22.3673,-7.7165236
6865,Francisco José Molinero Calderón,0,Getafe,La Liga,2,-0.14800425154452426,0.8145892260759207,9.102836,18.428057
6872,Bruno González Cabrera,0,Getafe,La Liga,2,-0.739916555294273,0.7622373884193235,-4.0308404,13.620724
6873,Francisco Portillo Soler,Left Center Forward,Getafe,La Liga,4,0.985143929281503,0.5582306999273912,39.86053,-25.793474
6909,Damián Emiliano Martínez,0,Getafe,La Liga,0,-4.088759612188157,1.1316708403587628,-73.53862,5.442831
6699,Ander Capa Rodríguez,Right Wing,Eibar,La Liga,1,0.5357157361711664,1.0972726348426667,9.324033,22.421135
6700,Sergio Enrich Ametller,Center Forward,Eibar,La Liga,6,0.7626223297470373,-3.947802377787623,-14.998634,-58.215004
6701,Joan Jordán Moreno,Center Attacking Midfield,Eibar,La Liga,7,2.296780175510325,1.5631083674527548,27.546019,40.385418
6702,David Rodríguez Lombán,0,Eibar,La Liga,2,-1.6692908888867182,1.0601484755407948,-20.443499,23.063345
6705,José Ángel Valdés Díaz,0,Eibar,La Liga,2,-0.4176556356144575,1.475760681778128,6.1639686,22.058493
6707,Charles Días Barbosa de Oliveira,Center Forward,Eibar,La Liga,6,-0.7065919346996933,-3.7139437664958996,-3.070807,-55.427204
6708,Paulo André Rodrigues de Oliveira,Right Center Back,Eibar,La Liga,2,-2.020138238443538,1.9824624835271885,-20.959637,36.8515
6709,Anaitz Arbilla Zabala,Right Back,Eibar,La Liga,1,2.14161290637879,1.9102422909495664,37.721886,18.830471
6710,Rubén Peña Jiménez,Right Wing,Eibar,La Liga,1,0.7453849815160326,1.059445528287116,12.39658,29.860636
6712,Gonzalo Escalante,Right Defensive Midfield,Eibar,La Liga,1,2.563748170016672,0.013797988995690994,44.608288,11.5298
6775,Daniel García Carrillo,Left Defensive Midfield,Eibar,La Liga,1,1.291063433689452,1.9602543702485824,27.251204,24.64944
6776,David Juncà Reñé,Left Back,Eibar,La Liga,1,0.8950407900851794,1.2520650297316287,12.886071,18.71204
6924,Alejandro Gálvez Jimena,Left Center Back,Eibar,La Liga,2,-0.23156412699098,0.9952370774900446,-2.6309314,12.277447
7900,Tiago Manuel Dias Correia,0,Eibar,La Liga,4,1.4123683627369081,-2.73661528740662,21.66304,-39.643623
10763,Asier Riesgo Unamuno,0,Eibar,La Liga,0,-4.794057883922942,0.06898538223508399,-77.88956,-23.483795
6564,Pablo Maffeo Becerra,Center Defensive Midfield,Girona,La Liga,2,-1.6175593713715941,-0.03452648133230448,-22.106869,-10.437152
6565,Pere Pons Riera,Left Center Midfield,Girona,La Liga,1,1.5235129042541078,0.4501378519038207,31.697721,16.405573
6567,Borja García Freire,0,Girona,La Liga,1,0.4227361270594424,0.79151401307696,4.144358,14.823285
6570,Alejandro Granell Nogué,0,Girona,La Liga,1,1.0921640918084967,1.6816577523745153,38.043552,25.0225
6572,Juan Pedro Ramírez López,Left Center Back,Girona,La Liga,1,0.5300965452172065,1.3046851590751012,0.5841182,14.46112
6573,Bernardo José Espinosa Zúñiga,Center Back,Girona,La Liga,1,-0.4235345325075706,0.343413693562146,-24.464811,18.179377
6574,Douglas Luiz Soares de Paulo,Center Attacking Midfield,Girona,La Liga,7,3.643134377780499,-0.16102038325023457,35.488045,31.77223
6576,Gorka Iraizoz Moreno,Goalkeeper,Girona,La Liga,0,-4.200374635872439,0.931362967214809,-83.0996,-1.4585063
6578,Francesc Aday Benítez Caraballo,Left Wing Back,Girona,La Liga,2,-1.2964584193797175,0.8156691061445537,-9.296,-17.131758
6582,Cristian Portugués Manzanera,Right Wing Back,Girona,La Liga,4,-0.813424788493171,-1.6214074636665252,5.6030664,-23.038092
6887,Jonás Ramalho Chimeno,Right Center Back,Girona,La Liga,2,-0.8017631602566556,1.6128799114159325,-17.62654,27.347424
6888,Aleix García Serrano,Right Center Midfield,Girona,La Liga,7,0.7996580034522006,1.768800363958521,4.6997304,32.494293
4265,Oussama Tannane,Right Wing,Las Palmas,La Liga,6,1.7083348703574202,-3.020522304095608,20.687513,-49.903885
6920,Alberto Aquilani,Left Defensive Midfield,Las Palmas,La Liga,7,4.427207512817447,5.8655377578464964,10.454835,70.146164
6922,Míchel Macedo Rocha Machado,Right Back,Las Palmas,La Liga,2,-0.8899302358747143,1.6422528134608934,-14.019512,21.66959
6923,Joaquín Navarro Jiménez,Left Center Back,Las Palmas,La Liga,1,-0.4073209687330192,0.650284948550127,1.0829178,3.1321783
6927,David García Santana,0,Las Palmas,La Liga,7,-0.25091988052670694,2.181086166604935,-2.6543596,39.96455
6928,Pedro Taunausú Domínguez Placeres,Left Wing,Las Palmas,La Liga,4,1.4630251121167137,-0.030808544696620255,36.960464,-27.355476
6929,José Vicente Gómez Umpiérrez,Right Defensive Midfield,Las Palmas,La Liga,7,2.1555923013186393,2.3806716167551234,28.886694,47.44593
6930,Jonathan Calleri,Center Forward,Las Palmas,La Liga,6,2.3097192193398937,-4.714451876050895,10.408289,-43.64459
6931,Leandro Chichizola,Goalkeeper,Las Palmas,La Liga,0,-2.5533235880916894,2.1251082846065374,-42.497597,33.95294
7692,Mauricio Lemos Merladet,Right Center Back,Las Palmas,La Liga,2,-0.5935340490955033,1.488418418932699,-18.028257,35.843666
7904,Javi Castellano Betancor,0,Las Palmas,La Liga,1,0.9205583441175595,1.3624984820212962,18.148525,7.665484
7905,Raúl Lizoáin Cruz,0,Las Palmas,La Liga,0,-4.2674412313945504,0.8812714819151909,-83.00464,-2.2823353
7906,David Simón Rodríguez Santana,0,Las Palmas,La Liga,7,1.2232669262628564,1.5694295677259198,13.659311,35.11983
8204,Borja Herrera González,Left Back,Las Palmas,La Liga,7,3.4571410049778586,1.693288341114996,43.59265,29.887737
8440,Aythami Artiles Oliva,0,Las Palmas,La Liga,2,-0.4911868448588156,2.110877494398689,-6.337118,38.009777
10755,Jonathan Viera Ramos,Center Attacking Midfield,Las Palmas,La Liga,4,2.5735779273082606,-0.8302832396387831,38.537025,-38.204304
15805,Hernán Daniel Santana Trujillo,Right Defensive Midfield,Las Palmas,La Liga,1,2.202637287180578,1.3465997972067216,28.627937,30.273603
6375,Juan Francisco Torres Belén,Right Back,Atlético Madrid,La Liga,2,-0.056480799321663715,1.2179808619119783,6.604397,24.12479
6376,Stefan Savić,Right Center Back,Atlético Madrid,La Liga,2,-1.0117306906269257,1.2098212338188268,-19.855799,21.794659
6377,Ángel Martín Correa,Right Center Forward,Atlético Madrid,La Liga,4,2.889216914282277,-3.2377170167952207,20.501955,-36.58298
6378,Jan Oblak,Goalkeeper,Atlético Madrid,La Liga,0,-4.563320581229799,-0.34150876784636847,-44.0653,44.027218
6382,Fernando José Torres Sanz,Right Center Forward,Atlético Madrid,La Liga,3,0.8084158524308903,-5.598873386283475,-1.4121498,-60.410812
6383,Thomas Teye Partey,Right Midfield,Atlético Madrid,La Liga,4,1.9631396841889508,0.04702499044181344,29.820597,34.067738
6384,Gabriel Fernández Arenas,Right Defensive Midfield,Atlético Madrid,La Liga,7,2.678568517240606,2.144077460136015,32.865906,40.54022
6401,Kevin Gameiro,0,Atlético Madrid,La Liga,3,-0.07305855460819981,-5.0943207148185365,6.8563924,-59.885822
7069,Miguel Ángel Moyà Rumbo,0,Atlético Madrid,La Liga,0,-4.00957136991085,0.42187117350187453,-41.919582,41.979507
4443,Paul Baysse,Left Center Back,Málaga,La Liga,7,0.7799380913339198,2.5048821742427214,0.09887127,47.06094
6557,Adrián González Morales,Left Defensive Midfield,Málaga,La Liga,2,-0.2774805228340403,-0.9269608427831569,-1.5437647,-33.76513
6559,Juan Carlos Pérez López,Left Back,Málaga,La Liga,2,-0.17823787210038397,-0.343649492401767,1.7397423,-13.021337
6561,Luis Hernández Rodríguez,Right Center Back,Málaga,La Liga,2,-0.6872936394350798,2.033295496848402,-11.930675,24.239857
6563,Juan Pablo Añor Acosta,Center Forward,Málaga,La Liga,4,1.2656565906400383,-1.878182208133349,26.430431,-36.499382
6566,Borja González Tomás,Right Center Forward,Málaga,La Liga,6,-0.1688221771182003,-5.40645993976149,-3.8685055,-61.919422
6569,Roberto José Rosales Altuve,Right Back,Málaga,La Liga,1,1.324229415140077,1.4090352400499768,12.908924,19.238949
6739,Diego Alejandro Rolan Silva,Center Forward,Málaga,La Liga,4,2.9268823150597627,-2.5919917511801174,19.051765,-43.8172
6740,Gonzalo Castro Irizábal,Left Wing,Málaga,La Liga,4,0.3609359336910281,-1.4774152490159083,25.098896,-34.365643
6742,Sergio Gontán Gallardo,Right Wing,Málaga,La Liga,1,2.6793941628436406,-1.3883279756140876,34.980804,-9.9014435
6847,Adalberto Peñaranda Maestre,Center Attacking Midfield,Málaga,La Liga,6,0.434436219792674,-2.9856570671565277,-9.116001,-44.76495
6848,Andrés Tomás Prieto Albert,Goalkeeper,Málaga,La Liga,0,-5.198627245091274,-0.44097462364452844,-71.46322,-25.020449
4353,Aymeric Laporte,Left Center Back,Athletic Club,La Liga,7,1.1503303673572887,3.4085305499767826,5.9926553,60.605694
6386,Eneko Bóveda Altube,Right Back,Athletic Club,La Liga,7,0.9669215927898022,1.9737108036748778,11.337249,26.035643
6387,Iñigo Córdoba Kerejeta,Left Wing,Athletic Club,La Liga,1,1.8947829303285728,-1.426259058160107,43.47521,0.5116667
6388,Ander Iturraspe Derteano,Right Defensive Midfield,Athletic Club,La Liga,7,0.5911153143355309,1.8026027961391147,5.671929,37.01645
6389,Mikel San José Domínguez,Left Defensive Midfield,Athletic Club,La Liga,1,1.447594748630394,1.2543373672923421,25.349295,23.283144
6390,Markel Susaeta Laskurain,Right Wing,Athletic Club,La Liga,4,1.2174844415652888,-1.534614384267495,23.49483,-32.450333
6391,Raúl García Escudero,Center Attacking Midfield,Athletic Club,La Liga,6,1.5119235521635124,-2.3592948939700973,21.51347,-23.430588
6392,Íñigo Lekue Martínez,Left Back,Athletic Club,La Liga,1,2.7491592088342167,0.22088344088787779,40.126816,-8.292823
6393,Iñaki Williams Arthuer,Right Wing,Athletic Club,La Liga,4,-0.015098867491268157,-2.989073054051956,11.936569,-36.37285
6394,Aritz Aduriz Zubeldia,Center Forward,Athletic Club,La Liga,3,0.11074584633822328,-5.505624922649048,-1.0837189,-62.675232
6396,Beñat Etxebarria Urkiaga,Left Defensive Midfield,Athletic Club,La Liga,7,2.136810509492935,2.156412961649904,23.55486,51.48226
6397,Unai Núñez Gestoso,Right Center Back,Athletic Club,La Liga,2,-0.15984502291235708,1.7637742792311695,-18.006178,35.328766
6656,Mikel Rico Moreno,0,Athletic Club,La Liga,1,1.036250742992921,0.4266791271984895,21.809784,20.904198
6660,Enric Saborit Teixidor,0,Athletic Club,La Liga,1,2.470776121892192,2.136294615144374,61.679115,13.962086
6662,Iago Herrerín Buisán,0,Athletic Club,La Liga,0,-3.8959421344920013,0.26513019415421013,-41.42475,44.899265
6666,Sabin Merino Zuloaga,0,Athletic Club,La Liga,6,-0.3023403977151464,-3.7931743734839394,-2.2222993,-54.655
6788,Xabier Etxeita Gorritxategi,0,Athletic Club,La Liga,2,-0.8418469997980135,1.4158479904706978,-19.174364,21.276167
6715,Guido Hernán Pizarro,Left Defensive Midfield,Sevilla,La Liga,5,11.636839889873428,3.2183282800996893,53.195595,21.493296
6716,Sébastien Corchia,Right Back,Sevilla,La Liga,2,-0.3019681643744259,0.24443914571811123,1.4020277,-12.585507
6717,Johannes Geis,Right Center Back,Sevilla,La Liga,7,1.4843065682562606,1.885151172860386,18.31037,46.070168
6718,Sergio Escudero Palomo,Left Back,Sevilla,La Liga,1,1.1992649102760256,0.9881307124365204,14.0434885,21.95833
6719,Franco Damián Vázquez,0,Sevilla,La Liga,4,3.979737764564724,-2.251044201255977,49.37518,-35.059742
6720,Pablo Sarabia García,Left Wing,Sevilla,La Liga,4,1.8404328085498531,-1.768468156953012,31.460066,-36.382797
6722,David Soria Solís,Goalkeeper,Sevilla,La Liga,0,-5.130305420356716,-0.4199836433548771,-73.0331,-27.20068
6723,Wissam Ben Yedder,Center Forward,Sevilla,La Liga,3,0.7110049073648914,-4.283459351955131,8.332459,-56.55565
6724,Manuel Agudo Durán,Left Wing,Sevilla,La Liga,4,3.05026385644016,-2.8394879932475807,30.735285,-45.586903
6821,Jesús Navas González,Right Wing,Sevilla,La Liga,4,0.2779122637475644,0.49244655979914165,35.409397,-29.636707
6823,Sergio Rico González,0,Sevilla,La Liga,0,-4.438184317847241,0.6540050884360928,-77.32623,-3.2093372
6826,Clément Lenglet,Left Center Back,Sevilla,La Liga,7,1.687996185535097,3.938643368364091,6.77028,62.260674
6597,Gabriel Appelt Pires,Left Defensive Midfield,Leganés,La Liga,4,3.6253045647117497,-2.5325545828560236,50.97371,-35.38344
6598,Unai Bustinza Martínez,0,Leganés,La Liga,2,-2.123184320924742,0.5373637519117428,-32.469532,-0.42850354
6599,Rubén Salvador Pérez Del Mármol,Right Defensive Midfield,Leganés,La Liga,1,2.5757564837896765,1.3438544838079443,42.191566,14.954353
6600,Claudio Beauvue,Center Attacking Midfield,Leganés,La Liga,6,-0.46805851962979544,-4.78944489971326,-5.330437,-60.508835
6601,Raúl García Carnero,Left Center Back,Leganés,La Liga,2,-1.830428007672136,0.3435102679141477,-7.913709,-0.91186714
6603,Dimitrios Siovas,Left Center Back,Leganés,La Liga,2,-1.5153318092598143,0.6724550313336025,-9.036389,2.373637
6604,Darko Brašanac,0,Leganés,La Liga,1,-0.09101629826496858,-0.2195696081665111,3.1961095,-4.0945387
6605,Joseba Zaldúa Bengoetxea,Right Back,Leganés,La Liga,1,0.0005427592175172091,1.3940197945911668,10.486184,18.393555
6606,Javier Eraso Goñi,Center Attacking Midfield,Leganés,La Liga,6,-1.1235190831552182,-1.6412339975866836,4.223292,-29.162493
6608,Nabil El Zhar,Right Wing,Leganés,La Liga,4,0.22112946146928225,-1.5949029597825926,23.687254,-34.775806
6610,Iván Cuéllar Sacristán,Goalkeeper,Leganés,La Liga,0,-4.810156476113201,-0.052179210476709176,-77.54751,-25.200037
6837,Mauro Javier Dos Santos,0,Leganés,La Liga,2,-1.0766800608076486,0.3834958114248504,-3.654166,10.278871
6875,Alexander Szymanowski,Left Wing,Leganés,La Liga,4,-1.5881888890258986,-2.5488488109951253,-18.186352,-29.326523
6894,Ezequiel Muñoz,Right Center Back,Leganés,La Liga,1,0.9748394560083959,1.0637070296228792,24.947294,16.924019
6895,Diego Rico Salguero,Left Back,Leganés,La Liga,1,2.202324584129796,0.8720884223707575,43.128624,8.388534
6583,Carlos Soler Barragán,Right Midfield,Valencia,La Liga,2,-0.18146633323384564,0.2808859490338645,-1.4351033,31.993956
6584,Simone Zaza,Right Center Forward,Valencia,La Liga,3,0.49124392997323246,-4.89892823211468,5.50852,-60.718643
6587,Antonio Latorre Grueso,0,Valencia,La Liga,1,2.1303021872722567,3.0461594553080618,44.983467,23.573347
6589,Geoffrey Kondogbia,Right Defensive Midfield,Valencia,La Liga,7,2.6174273802379604,1.5984724056876656,27.906223,38.66649
6590,Norberto Murara Neto,Goalkeeper,Valencia,La Liga,0,-4.284776028931048,0.967697595368438,-67.67242,5.044217
6591,Ignacio Vidal Miralles,0,Valencia,La Liga,1,-0.6757637514940051,0.36999679000166674,-3.3403869,4.0423055
6592,Rúben Miguel Nunes Vezo,Right Center Back,Valencia,La Liga,2,-0.3124866042602259,1.5529569436453892,-1.9697266,11.834625
6593,Martín Montoya Torralbo,Right Back,Valencia,La Liga,7,1.9621245912754042,2.6277714129201937,28.715117,48.173756
6594,Santiago Mina Lorenzo,Right Midfield,Valencia,La Liga,6,0.334593023024998,-2.3315364587280385,-0.86659485,-36.957687
6595,Daniel Parejo Muñoz,Left Defensive Midfield,Valencia,La Liga,7,2.7148161847203243,0.6877576810718355,23.998037,45.27206
6596,José Luis Gayà Peña,Left Back,Valencia,La Liga,2,0.3662903125037855,1.4248165963182982,7.95145,23.194994
6746,Gabriel Armando de Abreu,Left Center Back,Valencia,La Liga,7,0.38398823967116913,2.091483161204528,-4.4357204,39.67422
6846,Andreas Hoelgebaum Pereira,Left Center Forward,Valencia,La Liga,4,1.8154394248102264,-1.6337780965968056,35.70747,-23.915285
6891,Ezequiel Marcelo Garay,Right Center Back,Valencia,La Liga,2,-1.5436452414028825,0.14256792085909512,-27.594244,2.5048556
6898,Jaume Doménech Sánchez,0,Valencia,La Liga,0,-4.67957418933617,0.3024589036778686,-76.85675,-14.779186
6794,Gustavo Daniel Cabral Cáceres,Right Center Back,Celta Vigo,La Liga,7,1.7013598049541978,2.818617588059195,19.06323,32.240574
6795,Rubén Blanco Veiga,Goalkeeper,Celta Vigo,La Liga,0,-4.5668886115878315,0.4204631288145636,-77.609055,-11.101749
6796,Nemanja Radoja,0,Celta Vigo,La Liga,5,3.1945923955480664,1.7105377796177066,44.50851,15.773746
6797,Daniel Wass,Right Back,Celta Vigo,La Liga,7,0.9437865119389742,1.1639935349988457,16.72939,43.463837
6798,Stanislav Lobotka,Right Defensive Midfield,Celta Vigo,La Liga,7,0.2087897120745751,3.018394811511276,4.302728,51.605705
6799,Brais Méndez Portela,Right Midfield,Celta Vigo,La Liga,1,2.66968622327146,0.11297428825564133,48.21476,-5.5704775
6801,Pedro Pablo Hernández,Left Defensive Midfield,Celta Vigo,La Liga,7,3.1430449139766328,0.7372874234852173,33.983604,33.535107
6804,Sergi Gómez Solà,Right Center Back,Celta Vigo,La Liga,7,0.6570954867533114,2.5297570228243624,-0.58670944,43.16311
6805,Hugo Mallo Novegil,Left Back,Celta Vigo,La Liga,7,0.983633676144318,1.9964492272793355,11.594031,25.697042
6830,Facundo Sebastián Roncaglia,Left Back,Celta Vigo,La Liga,7,1.5720883196304052,3.4702371883825736,18.000269,58.39536
6852,Jozabed Sánchez Ruiz,Left Defensive Midfield,Celta Vigo,La Liga,4,0.7947770607217154,-0.3552017031732689,31.045065,-27.709198
6884,Sergio Álvarez Conde,0,Celta Vigo,La Liga,0,-4.475780539385555,0.5424884640389223,-80.01565,-11.654885
6890,Andreu Fontàs Prat,Left Center Back,Celta Vigo,La Liga,7,1.8503733998831602,3.948373698530799,8.902083,58.936195
6752,Víctor Ruíz Torre,Left Center Back,Villarreal,La Liga,2,-1.5041029702304167,1.8109556487504908,-18.985273,36.634277
6753,Daniel Raba Antolín,Right Midfield,Villarreal,La Liga,1,0.6821306041984043,-2.069163018103548,16.460203,-6.8570175
6755,Sergio Asenjo Andrés,Goalkeeper,Villarreal,La Liga,0,-4.619907565974075,0.4285195098169287,-73.40919,-8.389169
6759,Roberto Soriano,Left Midfield,Villarreal,La Liga,4,1.4513884545207596,-0.5145991363289328,32.772324,-22.485859
6762,Álvaro González Soberón,Right Center Back,Villarreal,La Liga,2,-0.8481052278150756,1.1471213417037536,-17.908684,24.20563
6765,Rodrigo Hernández Cascante,Left Center Midfield,Villarreal,La Liga,7,4.044235478854588,5.609364795129346,9.025302,69.657455
6771,Manuel Trigueros Muñoz,Right Center Midfield,Villarreal,La Liga,7,1.4150024680964324,1.2413855505897935,22.492096,34.880234
6772,Mario Gaspar Pérez Martínez,Right Back,Villarreal,La Liga,1,0.7026943829801666,1.4005517909925178,10.984055,23.688305
6827,Daniele Bonera,0,Villarreal,La Liga,2,-1.1449955917621188,2.281706203781168,-14.336306,40.80804
6828,Jaume Vicent Costa Jordá,Left Back,Villarreal,La Liga,2,-0.20329695661737734,1.5990986719669127,6.876322,20.989332
6829,Samuel Castillejo Azuaga,Left Midfield,Villarreal,La Liga,4,1.215218343663565,-1.0317019323542296,17.248253,-27.507454
6860,Mariano Damián Barbosa,0,Villarreal,La Liga,0,-3.7881967825763057,0.45951974672004325,-38.35211,35.60864
6862,Cédric Bakambu,Center Forward,Villarreal,La Liga,6,-0.15520167534976878,-4.498516681135085,-1.5792817,-58.425083
6935,Adrián Marín Gómez,0,Villarreal,La Liga,1,1.2895752675434744,1.88302503439515,12.452862,19.97405
6725,Zakaria Bakkali,Left Midfield,RC Deportivo La Coruña,La Liga,4,1.933076421036824,-1.4032790958306358,28.407017,-37.998642
6727,Raúl Albentosa Redal,0,RC Deportivo La Coruña,La Liga,2,-1.3763436522429142,0.4921017261058682,-20.996613,20.120827
6729,Guilherme dos Santos Torres,Right Defensive Midfield,RC Deportivo La Coruña,La Liga,7,0.779319490237692,1.4875866784203242,19.044928,40.002964
6730,Rubén Iván Martínez Andrade,Goalkeeper,RC Deportivo La Coruña,La Liga,0,-4.634532118799594,0.38235090783680986,-75.95448,-10.313443
6732,Lucas Pérez Martínez,Center Forward,RC Deportivo La Coruña,La Liga,3,0.06277324220248177,-3.519652259438452,7.91468,-55.84188
6733,Pedro Mosquera Parada,0,RC Deportivo La Coruña,La Liga,1,2.307321893837733,1.9938956274878186,30.27801,21.09221
6734,Luis Carlos Correia Pinto,0,RC Deportivo La Coruña,La Liga,1,1.3920992874919311,0.7310503497168038,37.83291,13.59072
6735,Adrián López Álvarez,Left Wing,RC Deportivo La Coruña,La Liga,4,-0.42158230232929894,-2.4796593903601347,18.907051,-48.612167
6738,Juan Francisco Moreno Fuertes,Right Back,RC Deportivo La Coruña,La Liga,2,0.40051883243747005,1.193219865280074,8.652323,25.2852
6773,Federico Santiago Valverde Dipetta,Left Defensive Midfield,RC Deportivo La Coruña,La Liga,7,1.4906592335728623,0.6351140102859554,20.631948,45.571526
6774,Borja Valle Balonga,Right Midfield,RC Deportivo La Coruña,La Liga,4,1.9667635949895714,-2.5745066866925472,43.350285,-18.619421
6777,Sidnei Rechel da Silva Júnior,Left Center Back,RC Deportivo La Coruña,La Liga,1,0.15818139368875694,1.5343646473156067,0.22345178,12.240018
6779,Emre Çolak,Center Attacking Midfield,RC Deportivo La Coruña,La Liga,4,0.139372635556445,-1.0004115291214524,35.46476,-34.16991
6800,Carles Gil de Pareja Vicent,Right Wing,RC Deportivo La Coruña,La Liga,4,1.5211969169747073,0.4390355180748353,38.88103,-25.960493
6913,Fernando Navarro i Corbacho,Left Back,RC Deportivo La Coruña,La Liga,1,0.6324931072396099,1.6168311369327422,11.968516,19.850613
9082,Przemysław Tytoń,0,RC Deportivo La Coruña,La Liga,0,-4.592537351755479,0.41418785370960803,-77.502464,-10.961506
6399,Gareth Frank Bale,Right Wing,Real Madrid,La Liga,3,1.1911231884383335,-4.032243678873459,24.149971,-55.054806
6704,Theo Bernard François Hernández,0,Real Madrid,La Liga,7,2.4270948364531972,1.743374017217253,17.72335,51.3137
6706,Francisco Casilla Cortés,0,Real Madrid,La Liga,0,-4.845888836337928,0.0374284353952183,-75.02368,-18.375051
19677,Karim Benzema,Left Center Forward,Real Madrid,La Liga,3,0.9980832987602055,-4.429069188324794,12.523208,-65.34285
6672,Jorge Andújar Moreno,0,Levante UD,La Liga,1,0.8632052095099807,0.01548416827570867,29.647865,-20.267313
6675,Antonio Manuel Luna Rodríguez,Left Back,Levante UD,La Liga,1,0.7937061048226534,1.562981770064155,11.742883,14.169152
6678,Emmanuel Okyere Boateng,Center Forward,Levante UD,La Liga,6,-1.8139488251307128,-2.959860487277508,-17.670599,-36.74361
6682,Sergio Postigo Redondo,Left Center Back,Levante UD,La Liga,2,-2.155772156707012,1.368981375128278,-33.574646,7.1108017
6683,Cheick Doukouré,Left Center Midfield,Levante UD,La Liga,2,-0.7777348277232262,0.03990298982924052,-14.296379,-0.39614987
6687,Saša Lukić,Center Defensive Midfield,Levante UD,La Liga,7,1.5018902099516107,3.0552633273743415,17.947443,66.81884
6691,David Remeseiro Salgueiro,Right Midfield,Levante UD,La Liga,2,-1.3856008633945436,-1.2013697767128526,-22.308456,-21.395863
6692,Oier Olazábal Paredes,Goalkeeper,Levante UD,La Liga,0,-4.631839574399955,0.3555503979008867,-77.7026,-14.994827
6780,Iván López Álvarez,Left Midfield,Levante UD,La Liga,5,3.1861741371120473,-2.482003628794289,47.038715,0.6706343
6783,Samuel García Sánchez,Right Midfield,Levante UD,La Liga,4,1.6905626594320833,-1.4809806140740442,-1.858243,-38.156216
6784,Antonio García Aranda,0,Levante UD,La Liga,1,0.38420143069011076,1.1131987539288375,8.411077,25.895634
6806,Shaquell Moore,Right Back,Levante UD,La Liga,2,-0.7270739193512867,0.39125035497091837,-36.179703,1.6232216
6807,Roberto Suárez Pier,Right Center Midfield,Levante UD,La Liga,2,-0.4320031241315504,1.5204444235997534,-16.785002,35.70015
6809,Erick Cathriel Cabaco Almada,Right Center Back,Levante UD,La Liga,0,-3.121728765833247,-0.21055035088423307,-46.94223,-6.987425
6669,David Zurutuza Veillet,Left Center Midfield,Real Sociedad,La Liga,1,3.044193588936497,0.19819122624637203,43.546215,14.983132
6670,Andoni Gorosabel Espinosa,0,Real Sociedad,La Liga,1,-0.028875532622613765,1.4070388709871435,9.397688,12.743509
6671,Asier Illarramendi Andonegi,Right Center Midfield,Real Sociedad,La Liga,7,2.4749208093150115,2.024669474667908,34.637157,36.535313
6673,Sergio Canales Madrazo,Right Midfield,Real Sociedad,La Liga,2,0.5196621224076128,0.2119476381081786,32.02769,-27.894897
6676,Igor Zubeldia Elorza,Left Center Midfield,Real Sociedad,La Liga,7,0.42895982614377454,2.6567115595767867,5.1394696,51.94003
6677,Imanol Agirretxe Arruti,0,Real Sociedad,La Liga,3,0.06813406746053861,-6.424137354923459,2.4809213,-65.04876
6679,Aritz Elustondo Irribaria,0,Real Sociedad,La Liga,2,0.5374314585998381,1.460822652061719,9.651901,24.631329
6685,Mikel Oyarzabal Ugarte,Left Midfield,Real Sociedad,La Liga,6,0.35735920872825605,-2.728640919909628,18.03332,-47.34204
6690,Xabier Prieto Argarate,Center Attacking Midfield,Real Sociedad,La Liga,2,0.215006713251781,-0.1340437869338854,28.122005,-26.659225
6693,Raúl Rodríguez Navas,Left Center Back,Real Sociedad,La Liga,2,-0.07756679360389611,1.5237948815626132,-11.523059,23.453634
6694,Gerónimo Rulli,Goalkeeper,Real Sociedad,La Liga,0,-3.6449891322742056,0.9239860931128457,-42.025356,37.844627
6695,Juan Miguel Jiménez López,Left Midfield,Real Sociedad,La Liga,6,-0.24259479056426556,-2.500150874068117,11.760178,-54.432343
6713,Diego Javier Llorente Ríos,Right Center Back,Real Sociedad,La Liga,2,0.3650316789775534,1.3492247457748772,-8.227879,26.287386
6721,Willian José da Silva,Secondary Striker,Real Sociedad,La Liga,3,0.5386489521643067,-3.866864456849917,7.263894,-54.604748
6885,Kévin Manuel Rodrigues,Left Back,Real Sociedad,La Liga,2,-0.4841498011789531,1.6860025654888318,-38.893208,7.000368
13599,Carles Aleña Castillo,0,Barcelona,La Liga,7,2.5377886132637943,2.8191770567188676,23.84337,61.733395
6658,Cristian Tello Herrera,Left Center Forward,Real Betis,La Liga,4,1.6752604690096051,-1.5484993815657058,36.68781,-38.66478
6661,Ryad Boudebouz,Right Center Back,Real Betis,La Liga,4,2.2140101272789154,0.42998864370132867,41.52256,-28.50359
6832,Rubén Castro Martín,Right Center Forward,Real Betis,La Liga,3,-1.171249196804976,-3.690096060945873,5.725258,-58.012363
6615,Víctor Laguardia Cisneros,Right Center Back,Deportivo Alavés,La Liga,0,-2.558780563508195,0.16002256903484524,-31.141903,0.7622271
6616,Munir El Haddadi Mohamed,Right Center Forward,Deportivo Alavés,La Liga,4,0.43066184953885667,-2.308841054623599,22.569807,-52.987885
6618,Martín Aguirregabiria Padilla,0,Deportivo Alavés,La Liga,2,-2.681059370582389,0.9825318321067623,-24.151674,-7.0954885
6736,Álvaro Medrán Just,Right Defensive Midfield,Deportivo Alavés,La Liga,1,1.341503760693859,-0.5380862459971408,30.770418,-20.482613
6838,Hernán Arsenio Pérez González,Right Midfield,Deportivo Alavés,La Liga,4,1.7108277842582735,-2.3655759684363415,24.091425,-40.848248
6874,Ermedin Demirović,Left Center Forward,Deportivo Alavés,La Liga,6,-1.7020295104749543,-3.20178953239723,-24.923199,-31.667545
6770,Esteban Félix Granero Molina,Left Midfield,Espanyol,La Liga,1,2.900298339380683,1.4429078294885587,44.183662,15.877398
6791,Javier López Rodríguez,Right Back,Espanyol,La Liga,1,1.348661633964387,1.3051650582439156,39.9314,11.260697
6902,Óscar Melendo Jiménez,0,Espanyol,La Liga,2,-0.2787003967486246,-0.7504097819062268,6.581327,-9.326193
6623,Loïc Rémy,0,Getafe,La Liga,3,0.25144984082437233,-4.232405675567287,-1.6395991,-67.315895
6631,Mathieu Flamini,Left Defensive Midfield,Getafe,La Liga,7,0.16860017274598907,2.1566616598246826,7.126859,40.609833
6635,Leandro Daniel Cabrera Sasía,Right Center Forward,Getafe,La Liga,0,-2.742537396111288,-0.6075020775927361,-29.227596,-0.24849945
6711,Enrique García Martínez,Center Forward,Eibar,La Liga,6,1.1534538321410386,-2.5500685726865338,14.096786,-24.306856
6778,Iván Ramis Barrios,Right Center Back,Eibar,La Liga,2,-1.9297636563604115,0.8026998014410477,-19.866116,18.055622
6907,Pedro León Sánchez Gil,0,Eibar,La Liga,4,0.9334576303411791,-2.2428174447865974,22.306442,-38.037243
7105,Fabián Ariel Orellana Valenzuela,Right Wing,Eibar,La Liga,4,2.0537914289561314,-1.36288161118285,38.437565,-42.151424
6560,Marc Muniesa Martínez,0,Girona,La Liga,1,0.5278692457093881,1.8671973947364995,11.513719,22.54791
7577,Carles Planas Antolínez,Left Wing Back,Girona,La Liga,7,1.308391159788394,2.45884071244703,7.388302,38.068935
7578,Anthony Rubén Lozano Colón,Center Forward,Girona,La Liga,6,-2.275773934717652,-2.6537083685680165,-21.113272,-53.37168
6921,Matías Aguirregaray Guruceaga,Right Back,Las Palmas,La Liga,4,3.3193847704572033,0.31678639317352236,48.20483,32.04364
6925,Jairo Samperio Bustara,Left Wing,Las Palmas,La Liga,6,-0.25920285851831376,-2.7255112929352867,21.647865,-34.7885
6926,Alen Halilović,Right Wing,Las Palmas,La Liga,4,-0.025309516194491333,-1.6707016452908523,25.275446,-44.380253
6932,Dani Castellano Betancor,Left Back,Las Palmas,La Liga,7,1.0230604115215838,1.8343793932693415,5.9959464,30.036583
6841,Víctor Machín Pérez,0,Atlético Madrid,La Liga,4,1.9499417975848068,-1.1973594957445959,36.294666,-15.464282
9747,Axel Werner,0,Atlético Madrid,La Liga,0,-5.038920242520333,-0.21535359365883627,-74.56111,-25.835934
6649,Óscar de Marcos Arana,Right Back,Athletic Club,La Liga,1,0.5160462293483284,1.285055689912679,10.353445,21.69839
6665,Íñigo Martínez Berridi,Left Center Back,Athletic Club,La Liga,2,-0.04931173441528475,1.6463138856153243,-9.848108,25.16184
6667,Mikel Vesga Arruti,0,Athletic Club,La Liga,2,-1.0368128256207745,1.0055929495022107,-22.516153,-4.315204
6822,Carlos Joaquín Correa,Left Wing,Sevilla,La Liga,4,1.7492279794720547,-1.518442069741879,36.02103,-36.956207
6825,Daniel Filipe Martins Carriço,0,Sevilla,La Liga,1,0.0023755874496943006,0.6992446936976098,-1.6190531,15.015927
6919,Guilherme Antonio Arana Lopes,0,Sevilla,La Liga,7,0.6481329867586443,2.6205964093067338,3.5071898,57.44695
6602,Miguel Ángel Guerrero Martín,Right Center Forward,Leganés,La Liga,6,0.300809318599086,-3.051584979709599,-13.168308,-51.832024
6607,Julián Omar Ramos Suárez,Left Wing,Leganés,La Liga,2,0.09280950678763686,0.11358100074891818,10.967129,-17.31961
6914,Roberto Román Triguero,0,Leganés,La Liga,2,-0.49620969194654374,1.1111366569257728,-11.163048,13.991708
6585,Jeison Fabián Murillo Cerón,0,Valencia,La Liga,2,-0.10186038383831796,1.765199982496265,-6.116187,36.57044
6744,Luciano Vietto,Right Center Forward,Valencia,La Liga,4,1.3926511386308078,-2.4703300384821896,12.363295,-40.065346
6901,Nemanja Maksimović,0,Valencia,La Liga,2,-1.5600530206020624,-0.24715923194876152,-34.778088,2.0957053
6802,Jonathan Castro Otto,Left Center Back,Celta Vigo,La Liga,7,1.2507560484235454,2.0422530517767497,11.3164,25.66367
6876,Róbert Mazáň,0,Celta Vigo,La Liga,7,-0.10827992198237359,2.6016155708170725,-43.447933,19.642666
6728,Federico Nicolás Cartabia,Right Center Midfield,RC Deportivo La Coruña,La Liga,4,3.853647313356042,-1.8973717179872565,49.15494,-35.16931
6731,Florin Andone,Right Center Forward,RC Deportivo La Coruña,La Liga,6,1.012899056981371,-3.859824273840863,8.740823,-44.04476
6697,Daniel Ceballos Fernández,0,Real Madrid,La Liga,4,2.6401538119737875,0.6969654169054171,38.9442,36.209713
6760,Enes Ünal,Right Center Forward,Villarreal,La Liga,6,-0.9772986427489125,-3.7971258658370552,-9.41897,-56.142616
6764,Pablo Fornals Malla,Right Center Forward,Villarreal,La Liga,7,1.4492332645695196,0.6036970538190756,26.744965,31.76949
6859,Nicola Sansone,Left Center Forward,Villarreal,La Liga,4,0.48507904410126595,-2.195287916305092,23.945307,-46.537354
8697,Andrés Eduardo Fernández Moreno,0,Villarreal,La Liga,1,-0.9457610951023196,0.6763527586761565,61.125626,-6.575879
6674,Alberto De La Bella Madureño,Left Back,Real Sociedad,La Liga,2,-0.7258826571257667,1.4470860431564616,-11.43134,14.894102
6899,Rubén Pardo Gutiérrez,0,Real Sociedad,La Liga,7,1.1372338423592174,1.2911101402890663,18.035427,44.060722
6906,Jon Bautista Orgilles,0,Real Sociedad,La Liga,6,-0.7639019280412264,-4.279228851740463,0.083117634,-55.936565
3109,Malcom Filipe Silva de Oliveira,0,Barcelona,La Liga,4,0.07262298713479413,-1.588806246078934,36.07521,-34.607483
6998,Rafael Alcântara do Nascimento,0,Barcelona,La Liga,7,3.1531189889307893,0.9505375299996582,27.734917,55.100594
8206,Arturo Erasmo Vidal Pardo,Right Center Midfield,Barcelona,La Liga,7,3.9195909373594384,2.314995834258641,23.97157,58.767864
11392,Arthur Henrique Ramos de Oliveira Melo,Left Center Midfield,Barcelona,La Liga,7,3.2955978152068597,4.397940717430339,9.561929,66.80608
6581,Jonathan Rodríguez Menéndez,Left Midfield,Deportivo Alavés,La Liga,4,0.3182371409487174,-1.7105390562709886,21.91383,-33.021435
7699,Daniele Verde,Left Midfield,Real Valladolid,La Liga,4,0.23445332139924227,-3.947343095100201,-13.420242,-33.764248
8419,Duje Čop,Right Center Forward,Real Valladolid,La Liga,6,-0.5297438026366794,-3.464152086343836,-3.2845628,-54.53521
11291,Laureano Antonio Villa Suárez,Center Attacking Midfield,Real Valladolid,La Liga,2,-1.4748874543243287,1.0846370118953335,-22.69977,-13.22147
11293,Fernando Calero Villa,Left Center Back,Real Valladolid,La Liga,2,-0.37443761924835905,2.110306456775264,-6.563966,22.650581
11294,Borja Fernández Fernández,Center Defensive Midfield,Real Valladolid,La Liga,2,-0.7484761865629864,1.0126207665561853,-38.88816,4.9075565
11296,Óscar Plano Pedreño,Left Center Forward,Real Valladolid,La Liga,1,-0.5516612084508253,0.5202510163484106,-2.2564738,1.9618045
11297,Javier Moyano Lujano,Right Back,Real Valladolid,La Liga,2,-2.242046870681064,1.0579066859540862,-24.90864,-7.6029983
11298,José Ignacio Martínez García,Left Back,Real Valladolid,La Liga,7,1.0236727704168178,1.8282080496185913,13.112453,24.984743
11300,Rubén Alcaraz Jiménez,Left Center Midfield,Real Valladolid,La Liga,5,3.0686102714436774,1.5339190388991424,47.17789,21.03288
11301,Miguel Alfonso Herrero Javaloyas,0,Real Valladolid,La Liga,5,3.9345048801602394,2.354911743499444,55.603058,19.650282
11302,Jordi Masip López,Goalkeeper,Real Valladolid,La Liga,0,-4.560958699753539,0.4806851665370757,-78.15236,-10.204242
11303,Anuar Mohamed Tuhami,Right Center Midfield,Real Valladolid,La Liga,2,0.6947524163674057,1.5200529670264982,18.307093,17.100748
11304,Francisco José Olivas Alba,Right Center Back,Real Valladolid,La Liga,2,-0.09625634102861909,0.708950103754854,-14.77908,35.321342
18164,Antonio Jesús Regal Angulo,0,Real Valladolid,La Liga,0,-2.780514251866647,0.7211825088774332,-56.790604,8.928945
30519,Mohamed Salisu,0,Real Valladolid,La Liga,2,-0.1945251018435021,0.9800741074622294,-17.873962,25.316637
11669,Gonzalo Julián Melero Manzanares,Left Defensive Midfield,Huesca,La Liga,2,-0.892199198923385,-0.06630312108385143,-15.016166,-13.419155
11670,David Ferreiro Quiroga,0,Huesca,La Liga,4,0.666465572987757,-0.7903725834362259,-16.145447,-22.096231
11671,Juan Camilo Hernández Suárez,Left Center Forward,Huesca,La Liga,6,0.2030541518199037,-3.48164547937239,6.107241,-53.655617
11672,Samuele Longo,Right Center Forward,Huesca,La Liga,6,-0.11727720330200632,-4.199353065965975,-15.486781,-51.446182
11674,Damián Marcelo Musto,Right Defensive Midfield,Huesca,La Liga,2,-2.606934224914554,0.7947376039584422,-49.73115,3.8392723
11675,Moisés Gómez Bordonado,Left Midfield,Huesca,La Liga,4,0.9271728303946248,-0.2576390316287279,36.07161,-29.466557
11676,Jorge Miramón Santagertrudis,Right Back,Huesca,La Liga,1,0.9563678621968178,1.7394636438236035,47.810596,-20.650612
11677,Jorge Pulido Mayoral,Right Center Back,Huesca,La Liga,2,-1.8756224944229214,0.5952562604923933,-35.025654,3.4555967
19396,Lluis Sastre Reus,0,Huesca,La Liga,1,0.5726262014599209,1.2298359171532198,23.842041,10.676485
21399,Pablo Ínsua Blanco,0,Huesca,La Liga,2,-1.1417613853304214,1.3040929749608752,-27.748795,5.4711514
3042,Mikel Merino Zazón,Left Defensive Midfield,Real Sociedad,La Liga,7,3.5768706793047946,1.1821612595787812,33.990433,40.252987
6579,Pedro Alcalá Guirado,Right Center Back,Girona,La Liga,2,-1.6676515595523789,0.27695136578328705,-13.717462,-0.20263128
11292,Pedro Antonio Porro Sauceda,0,Girona,La Liga,1,1.3411619504832224,1.4610537167783875,41.804306,20.274918
3246,Guido Marcelo Carrillo,0,Leganés,La Liga,6,-1.103714330949935,-4.011961422909631,-8.676889,-55.14525
3991,Allan Romeo Nyom,Right Wing,Leganés,La Liga,1,1.543758552936237,0.8896094502811994,44.528255,6.6831174
9879,Jon Ander Serantes Simon,0,Leganés,La Liga,0,-4.9654313835231925,-0.23884955061419358,-77.30685,-27.263008
11730,Jonathan Cristian Silva,Left Wing Back,Leganés,La Liga,1,-0.9885237821979844,-0.345799809243981,3.975043,-17.53929
16212,Óscar Rodríguez Arnaiz,Left Wing,Leganés,La Liga,4,0.6858588169827894,-3.2483836257223064,15.780119,-48.201313
17818,Rodrigo Tarín Higón,Right Center Back,Leganés,La Liga,0,-2.900902017030799,0.13960251399729948,-29.805779,0.36262846
3023,Yuri Berchiche Izeta,Left Midfield,Athletic Club,La Liga,7,0.6507477906168743,1.7171020205177019,7.4727387,31.67271
6789,Mikel Balenziaga Oruesagasti,Left Back,Athletic Club,La Liga,2,0.034082319588752394,1.441691838337852,6.7638783,23.588976
6842,Iker Muniain Goñi,0,Athletic Club,La Liga,4,1.6627984836663516,-0.3052084101100482,37.46466,-26.347061
6877,Yeray Álvarez López,Right Center Back,Athletic Club,La Liga,1,-0.435654043231845,1.238288055545512,-1.7630197,11.077819
11746,Unai López Cabrera,0,Athletic Club,La Liga,4,0.8559303716695091,-0.9952866730322192,29.888998,-33.160973
11748,Unai Simón Mendibil,Goalkeeper,Athletic Club,La Liga,0,-3.6048837426458014,1.822100054848859,-74.408875,10.399791
3437,Francis Joseph Coquelin,Left Defensive Midfield,Valencia,La Liga,7,2.2495607938569377,2.6749302014329013,30.091251,39.97543
11634,Cristiano Piccini,Right Back,Valencia,La Liga,1,2.188061205494476,1.4070293357659096,38.594585,18.389294
3610,Roque Mesa Quevedo,Center Midfield,Sevilla,La Liga,7,2.1595534660702898,2.3319364711916286,20.891354,52.553493
11541,Tomáš Vaclík,Goalkeeper,Sevilla,La Liga,0,-4.567009306977539,0.42326106193124324,-76.68279,-10.031863
13360,Quincy Anton Promes,0,Sevilla,La Liga,2,-1.2709030556942718,0.4752477320585605,-22.086435,-13.718144
7068,Marc Bartra Aregall,Center Back,Real Betis,La Liga,7,1.8396629719116595,2.7741067800893293,10.613297,52.664467
7910,Lorenzo Jesús Morón García,Right Center Forward,Real Betis,La Liga,3,0.8009375784869243,-7.564479080339627,13.824541,-66.24563
16309,Joel Robles Blázquez,0,Real Betis,La Liga,0,-3.944242387938924,0.4574734961563154,-41.265594,43.757072
17304,Héctor Junior Firpo Adames,Left Wing Back,Real Betis,La Liga,7,1.519382496811098,3.068275306698879,9.145788,63.492344
3551,Karl Brillant Toko Ekambi,Center Forward,Villarreal,La Liga,6,-1.6809828985010944,-2.244957475572334,1.5287668,-54.319054
4629,José Ramiro Funes Mori,0,Villarreal,La Liga,7,0.29352343819893,1.6656231294681387,-3.8246188,40.980606
11385,Santiago Cáseres,Center Defensive Midfield,Villarreal,La Liga,5,2.7466837457441584,2.4611079349083265,47.20706,21.225166
11386,Santiago Cazorla González,Left Center Midfield,Villarreal,La Liga,7,3.548803669416973,2.1303387569306613,26.810694,58.961624
16335,Samuel Chimerenka Chukwueze,Right Midfield,Villarreal,La Liga,4,-0.02182555376014187,-2.789137979308448,25.195015,-44.515167
6571,Roberto Jiménez Gago,0,Espanyol,La Liga,0,-4.767173577246992,0.13604748457053853,-77.194695,-20.546291
11391,Borja Iglesias Quintas,Center Forward,Espanyol,La Liga,6,-1.019095495017221,-2.5258021961477697,2.9000874,-50.285103
4407,Sanjin Prcić,Right Defensive Midfield,Levante UD,La Liga,7,1.9813918242098174,1.2376026599820569,-10.344351,59.1734
6668,José Luis Morales Nogales,Left Center Forward,Levante UD,La Liga,4,1.2934799856211188,-2.488126646370277,22.369463,-38.99489
6680,Rubén Rochina Naixes,Center Attacking Midfield,Levante UD,La Liga,4,3.149984398388148,-1.3456150239739288,32.97282,-39.37077
6684,Roger Martí Salvador,0,Levante UD,La Liga,6,0.5455595963874569,-3.5231474338734095,8.932129,-42.87515
6688,José Ángel Gómez Campaña,Right Defensive Midfield,Levante UD,La Liga,7,0.891121469340846,0.5492990520948985,46.384586,-24.541523
6782,Enis Bardhi,Left Defensive Midfield,Levante UD,La Liga,4,1.2635688509910006,0.09124314918709647,33.823917,-26.451118
18163,Moses Daddy-Ajala Simon,0,Levante UD,La Liga,4,0.006908028611562021,-1.620289391265383,20.347343,-31.377552
21147,Borja Mayoral Moya,Center Forward,Levante UD,La Liga,6,-0.7257239100524363,-2.340520498052369,-5.083706,-41.855152
23344,Aitor Fernández Abarisketa,0,Levante UD,La Liga,0,-4.387393065436355,0.7331946985192407,-70.79554,0.81306696
3625,Sofiane Boufal,Left Midfield,Celta Vigo,La Liga,4,3.9270210850495286,-2.414469623611573,46.950226,-44.317917
11388,Néstor Alejandro Araújo Razo,Right Center Back,Celta Vigo,La Liga,2,-0.337504206407462,2.2968240533166235,16.858774,9.940651
11389,Francisco José Beltrán Peinado,Center Attacking Midfield,Celta Vigo,La Liga,7,1.5380603929076089,2.710518810250965,17.160786,48.445747
12555,Okay Yokuşlu,Right Defensive Midfield,Celta Vigo,La Liga,1,0.9617257702153239,1.5014215950163905,3.8285217,23.217896
22029,Kevin Vázquez Comesaña,0,Celta Vigo,La Liga,1,0.5298902522899887,1.4741884741698914,10.91817,20.775766
4546,Dimitri Foulquier,Right Midfield,Getafe,La Liga,1,0.8163773881081928,0.523294565128921,14.550253,-9.015257
7154,Sebastián Carlos Cristóforo Pepe,0,Getafe,La Liga,1,2.800591858315118,1.9741356312563243,30.477768,20.693153
11550,Jaime Mata Arnaiz,Left Center Forward,Getafe,La Liga,3,0.3473206274406378,-4.797137150192547,9.52525,-56.548782
18721,Robert Ibáñez Castro,Right Midfield,Getafe,La Liga,4,-0.37909508460471464,-0.9168897639398349,7.8102274,-14.675299
7907,Pedro Bigas Rigo,Left Center Back,Eibar,La Liga,7,0.7255370382000025,1.725359136936716,-9.837224,25.34618
8555,Pablo Ezequiel De Blasis,Left Wing,Eibar,La Liga,4,2.254297990476458,-1.9909855300173906,21.05618,-23.498922
13107,Sergio Álvarez Díaz,0,Eibar,La Liga,1,2.813076356057622,0.8119228059281672,45.187576,12.526349
17620,Marc Cucurella Saseta,Left Wing,Eibar,La Liga,2,-0.18663955033188592,1.5195891603363056,-37.401417,15.50867
6580,José Luis García del Pozo,Right Defensive Midfield,Leganés,La Liga,1,1.0744213145648092,0.6487612810317367,19.705547,22.166826
21390,Andriy Lunin,0,Leganés,La Liga,0,-4.146094030336132,1.1500701080729994,-66.68289,8.133874
8668,Kevin-Prince Boateng,0,Barcelona,La Liga,6,0.7385438730902899,-2.0578694468131795,31.40447,-31.50324
22129,Valery Fernández Estrada,Left Wing Back,Girona,La Liga,0,-2.9696854128147394,1.6094705884918574,-49.164833,8.4153
6748,Ferrán Torres García,Left Midfield,Valencia,La Liga,4,0.013109803270107452,-1.9864826596166556,22.799826,-52.05508
22740,Kang-In Lee,0,Valencia,La Liga,4,2.6837178583102057,-0.43469060601290976,51.075645,-21.180344
8540,Kenan Kodro,Center Forward,Athletic Club,La Liga,1,0.6848914691003625,-0.6990868902262877,29.772024,-1.9504347
10612,Yoel Rodríguez Oterino,0,Real Valladolid,La Liga,0,-4.1718487015726815,1.013625709422262,-81.86021,-0.1276669
17027,Sergio Guardiola Navarro,Left Center Forward,Real Valladolid,La Liga,6,1.3234366417664867,-2.4985085998481313,12.346232,-25.882433
22020,Joaquín Fernández Moreno,Right Center Back,Real Valladolid,La Liga,2,-1.1991096787300173,1.784610664706298,-35.616886,14.133422
8068,Maximilian Wöber,Left Back,Sevilla,La Liga,7,0.7785332081052503,3.251847374897091,12.078891,39.24895
11332,Ibrahim Amadou,Right Center Back,Sevilla,La Liga,2,0.5053902247501548,1.2397636597245947,20.013542,23.985298
18395,Vinícius José Paixão de Oliveira Júnior,Left Wing,Real Madrid,La Liga,4,1.7614138967105684,-2.7867880177185964,28.420362,-42.957436
18620,Sergio Reguilón Rodríguez,Left Back,Real Madrid,La Liga,7,2.4877610415854057,0.9514266073175514,39.07559,-24.71103
4346,Gilbert Gianelli Imbula Wanga,Right Defensive Midfield,Rayo Vallecano,La Liga,4,1.9845622829405014,0.8910378562432671,39.219822,-26.012213
8512,Franco Matías Di Santo,0,Rayo Vallecano,La Liga,6,-1.0108371608017859,-2.662620914212868,-15.407265,-46.166286
11537,Alberto García Cabrera,0,Rayo Vallecano,La Liga,0,-4.647901713540145,0.27381880450677437,-79.02422,-21.266968
11538,Alejandro Moreno Lopera,Left Wing Back,Rayo Vallecano,La Liga,1,0.03244055979871614,0.6946674112769657,-0.985036,-10.3439665
11539,Adrián Embarba Blázquez,Left Midfield,Rayo Vallecano,La Liga,4,1.2643422365170134,-2.2384891498628683,21.340084,-25.750711
11540,Óscar Guido Trejo,0,Rayo Vallecano,La Liga,4,4.0365376117656115,-0.8174709180379279,49.306004,-34.22154
12194,Santiago Comesaña Veiga,Left Defensive Midfield,Rayo Vallecano,La Liga,2,-0.2148741712405606,1.2076739547657236,-19.377686,-13.469911
16209,Raúl de Tomás Gómez,Center Forward,Rayo Vallecano,La Liga,6,-0.5974361866790655,-3.1008731463766845,14.949917,-50.641117
17054,Emiliano Daniel Velázquez Maldonado,Right Center Back,Rayo Vallecano,La Liga,2,-0.5145933941722011,-0.20030038247568638,0.86644614,8.826983
21397,Stole Dimitrievski,Goalkeeper,Rayo Vallecano,La Liga,0,-3.572655151373933,0.924808487951435,-40.070995,36.25355
23488,Mario Suárez Mata,0,Rayo Vallecano,La Liga,7,1.5362157743909177,2.0069222852409587,18.591946,48.85027
3990,Jesé Rodríguez Ruiz,Left Center Forward,Real Betis,La Liga,4,3.4107285432181245,-3.0315513971698635,33.021416,-49.138706
23522,Emerson Aparecido Leite de Souza Junior,Right Wing Back,Real Betis,La Liga,1,0.2940920733873734,1.1663617308283187,-1.1051838,-10.608692
10323,Alfa Semedo Esteves,Center Defensive Midfield,Espanyol,La Liga,2,0.3847122398091074,1.0696785386058678,3.882925,30.145924
22287,Adrià Giner Pedrosa,Left Wing Back,Espanyol,La Liga,2,-3.020519628112847,0.3889248492747467,-55.681545,0.4604114
22919,Lluís López Mármol,Right Center Back,Espanyol,La Liga,2,-3.336207636049828,0.6553017405979257,-43.004364,-2.6443105
3497,Vicente Iborra De La Fuente,Left Wing,Villarreal,La Liga,6,-0.3453535801173636,-1.66833557880837,-0.06874752,-35.386658
24729,Xavier Quintillà Guasch,0,Villarreal,La Liga,7,1.9500727997267597,4.162519276866083,17.79567,68.822075
3477,Álvaro Borja Morata Martín,Left Center Forward,Atlético Madrid,La Liga,3,1.0638585189483372,-4.227399878388931,19.734974,-56.107445
3508,Sandro Ramírez Castillo,Left Wing,Real Sociedad,La Liga,3,0.357851241276722,-3.5296258484248275,9.033498,-57.465565
22321,Ander Barrenetxea Muguruza,Left Center Back,Real Sociedad,La Liga,5,5.186066305328563,-3.08267388738322,59.35975,-19.399813
22452,Aihen Muñoz Capellán,Left Back,Real Sociedad,La Liga,7,-1.5845994753122679,2.6433553508169636,-50.232964,17.468306
6787,Pedro López Muñoz,0,Levante UD,La Liga,2,0.12197687639326296,1.0082005930841471,6.6583676,25.548693
17303,Nikola Vukčević,Center Defensive Midfield,Levante UD,La Liga,1,0.01544692202379538,1.4658163195829124,24.197512,-0.4227223
11532,Jean-Clair Todibo,0,Barcelona,La Liga,1,1.9704078933824984,2.684111165447222,41.027645,24.928204
24841,Ricard Puig Martí,0,Barcelona,La Liga,7,4.331131799865884,3.236654775749933,24.6682,62.744663
7104,Mathías Olivera Miramontes,Left Back,Getafe,La Liga,1,1.5805040033188822,1.4886130908337758,34.161797,22.941713
25006,Carles Pérez Sayol,Left Wing,Barcelona,La Liga,7,0.7523454769255565,0.5444379780500956,-11.494528,51.774498
3371,Mario Barwuah Balotelli,0,Inter Milan,Champions League,4,1.5853712589418303,-4.092717480563587,21.572218,-47.2532
4409,Wesley Sneijder,Center Attacking Midfield,Inter Milan,Champions League,4,1.193836902526729,-1.7038592342225929,44.071823,-32.04358
7146,Goran Pandev,Left Wing,Inter Milan,Champions League,6,-0.938532383466599,-2.076893105416255,3.8241515,-41.295673
15777,Francesco Toldo,0,Inter Milan,Champions League,0,-5.094338866498896,-0.33886118179909946,-74.83624,-27.901484
19287,Júlio César Soares de Espíndola,Goalkeeper,Inter Milan,Champions League,0,-4.999110756641459,-0.14694811731486454,-76.68924,-28.45116
19292,Walter Adrián Samuel Luján,Left Center Back,Inter Milan,Champions League,0,-3.6335782010446542,-0.09099887188136153,-45.284233,41.67801
19293,Javier Aldemar Zanetti,Right Defensive Midfield,Inter Milan,Champions League,2,-2.614843446563072,-0.41959574772135594,-18.480429,-8.782146
19294,Diego Alberto Milito,Center Forward,Inter Milan,Champions League,3,0.5841690515596559,-3.5202981499200257,7.503322,-53.80035
19298,Samuel Eto''o Fils,Right Wing,Inter Milan,Champions League,3,3.0852290708241212,-5.623695643648083,17.092402,-66.17151
19299,Maicon Douglas Sisenando,Right Back,Inter Milan,Champions League,7,2.9598458621821524,2.477279242010355,17.484552,55.075985
19300,Lucimar da Silva Ferreira,Right Center Back,Inter Milan,Champions League,2,-2.582626256873255,-0.8878058881759289,-19.484152,-5.334688
19301,Esteban Matías Cambiasso Delau,Left Defensive Midfield,Inter Milan,Champions League,2,-1.4067421849962314,0.06853329301258745,-17.029629,-10.835029
4628,Diego Armando Valentin Contento,0,Bayern Munich,Champions League,2,0.19141335518150318,1.605798317995181,5.971309,34.554535
8218,Arjen Robben,Right Wing,Bayern Munich,Champions League,3,2.174700023716606,-3.0295667378203355,34.357525,-52.044456
9406,Holger Badstuber,Left Back,Bayern Munich,Champions League,7,0.20192512946100993,4.266661756716477,-2.7880256,68.47959
13014,Anatoliy Tymoshchuk,0,Bayern Munich,Champions League,7,0.7883223304712738,4.400119240987061,-2.2289827,66.040184
18414,Bastian Schweinsteiger,Left Defensive Midfield,Bayern Munich,Champions League,7,3.6913176899640003,3.2639307389552594,11.639326,67.78082
19286,Miroslav Klose,Right Center Forward,Bayern Munich,Champions League,6,-1.1492118441733368,-3.9164676847128073,4.0094295,-55.793
19288,Martín Gastón Demichelis,Left Center Back,Bayern Munich,Champions League,2,0.05405529605147993,2.193609640905952,-8.6006565,25.318771
19289,Ivica Olić,Left Center Forward,Bayern Munich,Champions League,6,0.6306387541117031,-4.166835553626721,2.801051,-38.232742
19291,Hans-Jörg Butt,Goalkeeper,Bayern Munich,Champions League,0,-4.711644276330112,0.14647211132144214,-70.59321,-10.398661
19295,Philipp Lahm,Right Back,Bayern Munich,Champions League,7,1.8709484946371753,4.597951115861095,7.1200514,67.06312
19296,Mark van Bommel,Right Defensive Midfield,Bayern Munich,Champions League,2,-0.2370980098702455,0.4375617356319414,-12.395492,-29.785738
19297,Daniel Van Buyten,Right Center Back,Bayern Munich,Champions League,7,-0.4814219810506476,2.518524507964147,-5.362322,68.92149
3267,Luis Antonio Valencia Mosquera,Right Wing,Manchester United,Champions League,7,2.782822036201436,2.5945836950589602,28.881304,49.50809
3538,Wayne Mark Rooney,Right Center Forward,Manchester United,Champions League,4,0.8950496872127479,-1.5252892287459763,32.955906,-32.875732
4022,Darren Fletcher,0,Manchester United,Champions League,2,-0.522634490063778,0.49908342509175063,-14.1445265,9.324756
4751,Michael Carrick,Left Defensive Midfield,Manchester United,Champions League,7,1.1284234976622567,3.9273589035425203,6.7203026,59.578094
8281,Luís Carlos Almeida da Cunha,Right Midfield,Manchester United,Champions League,4,1.485271317155317,-2.9531201132270244,50.012062,-26.903152
10958,Chris Smalling,0,Manchester United,Champions League,2,0.21312289520015174,1.411106860006323,-7.316412,27.952194
15036,Edwin van der Sar,Goalkeeper,Manchester United,Champions League,0,-3.778113712508836,0.44725085542044374,-41.109085,44.487255
15665,Michael Owen,0,Manchester United,Champions League,3,0.11123223632114103,-5.886573143239018,6.82783,-60.92294
15666,Paul Scholes,Right Defensive Midfield,Manchester United,Champions League,7,2.29153141585553,0.9312878609876936,23.547407,54.083843
18239,Fábio Pereira da Silva,Right Back,Manchester United,Champions League,1,-0.4743740796078381,-0.37411532654972335,8.639589,-13.21831
20008,Patrice Evra,Left Back,Manchester United,Champions League,7,1.2746726025561006,1.9933522856290518,21.433378,37.469597
20171,Rio Ferdinand,Right Center Back,Manchester United,Champions League,1,0.9690434768764994,3.2380841706852395,43.332096,25.992224
20172,Nemanja Vidić,Left Center Back,Manchester United,Champions League,1,0.15640835121493163,3.134458589691069,42.721264,25.687592
20173,Ji-Sung Park,Left Wing,Manchester United,Champions League,1,1.7478600403573203,-0.00574406722803527,30.804379,7.360746
20175,Ryan Giggs,Right Defensive Midfield,Manchester United,Champions League,4,-0.8982453338765891,-0.6931042824378484,-10.585578,-24.159962
3958,Pedro Eliezer Rodríguez Ledesma,Left Wing,Barcelona,Champions League,4,1.867610967881914,-1.361073574698136,36.961426,-38.846203
4324,Daniel Alves da Silva,Right Back,Barcelona,Champions League,7,5.149764696439007,3.196624375826492,19.714325,61.26463
4891,Ibrahim Afellay,Right Wing,Barcelona,Champions League,7,1.4472419289997538,1.5625828740650716,19.838577,51.20859
4913,Bojan Krkíc Pérez,0,Barcelona,Champions League,3,1.4849198702701654,-3.008289376546785,24.887978,-54.079746
12737,David Villa Sánchez,Right Wing,Barcelona,Champions League,3,0.5749879132201792,-3.9307260167407567,23.89338,-54.68138
20125,Carles Puyol i Saforcada,Right Center Back,Barcelona,Champions League,7,0.8965451136547948,2.6241962106362484,7.207698,52.21411
20131,Xavier Hernández Creus,Right Center Midfield,Barcelona,Champions League,7,4.555513101008231,4.752606831385535,9.293186,71.09711
20169,Seydou Kéita,Right Wing,Barcelona,Champions League,7,1.9283606187773206,1.6957239082714715,13.281949,56.08699
20176,Víctor Valdés Arribas,Goalkeeper,Barcelona,Champions League,0,-3.8365619045123887,0.7829084645043625,-39.56326,36.576885
20177,Eric-Sylvain Bilal Abidal,Left Back,Barcelona,Champions League,7,2.5763811773288916,3.7594145317396315,16.022423,60.674587
22102,Adriano Correia Claro,0,Barcelona,Champions League,7,2.778398853497491,2.747207932867635,21.111721,57.615784
3272,Oriol Romeu Vidal,0,Chelsea,Champions League,5,3.5050045078181387,0.706718634214704,45.242912,15.377536
3294,Juan Manuel Mata García,Center Attacking Midfield,Chelsea,Champions League,7,0.8997350794629785,0.6385816211225257,34.669113,-31.134665
3461,Petr Čech,Goalkeeper,Chelsea,Champions League,0,-3.9200413591377266,0.5970670815920497,-41.517826,40.378956
3529,Daniel Andre Sturridge,0,Chelsea,Champions League,3,0.22987909330448933,-5.241409752921025,14.161255,-65.680305
3956,David Luiz Moreira Marinho,Left Center Back,Chelsea,Champions League,7,1.736937563427276,4.499037123423183,6.480992,66.3252
8575,Salomon Armand Magloire Kalou,Right Wing,Chelsea,Champions League,6,-0.2728496166302286,-3.438665327961588,7.2423725,-53.622326
12529,Ashley Cole,Left Back,Chelsea,Champions League,7,0.8614432354120141,2.1985955186402513,4.869454,46.55171
19762,Paulo Renato Rebocho Ferreira,0,Chelsea,Champions League,2,-1.459938210237966,1.2441432078173271,-4.41577,-20.277357
20018,José Bosingwa da Silva,Right Back,Chelsea,Champions League,1,2.987575348709294,1.5274645527325525,38.81228,7.254977
20045,Ryan Bertrand,Left Wing,Chelsea,Champions League,2,-0.467656075798625,1.1330271956743188,-11.336884,14.64437
20330,Frank Lampard,Left Defensive Midfield,Chelsea,Champions League,4,3.357844793249861,-0.6949861102489846,39.919563,49.828156
20352,Didier Yves Drogba Tébily,Center Forward,Chelsea,Champions League,3,5.385689763319277,-9.5541065524343,16.293407,-64.65224
27113,Michael Essien,0,Chelsea,Champions League,1,0.23366917332007758,1.7136248253493085,29.170677,1.900683
8209,Márcio Rafael Ferreira de Souza,0,Bayern Munich,Champions League,7,2.684702415897937,5.887740085408269,7.929823,68.94537
8223,Franck Bilal Ribéry,Left Wing,Bayern Munich,Champions League,4,3.2989710989435865,-0.5007840914705279,40.316265,-42.207462
3197,Dante Bonfim da Costa Santos,Left Center Back,Bayern Munich,Champions League,7,0.8639019019112059,3.670432147429748,4.538794,61.244644
3545,Luiz Gustavo Dias,Left Wing,Bayern Munich,Champions League,7,1.7344024959059898,1.9072188967386485,19.37513,47.65578
8220,David Olatukunbo Alaba,Left Back,Bayern Munich,Champions League,7,1.7742483956293966,4.935355721491902,7.193667,68.1013
9399,Javier Martínez Aginaga,Right Defensive Midfield,Bayern Munich,Champions League,7,2.25265383207818,2.3055201508009384,28.062134,44.42034
11132,Claudio Miguel Pizarro Bossio,0,Bayern Munich,Champions League,3,0.9853400173112091,-4.7579001032040065,0.07363835,-62.858948
4430,Neven Subotić,Right Center Back,Borussia Dortmund,Champions League,7,1.8601369830480146,4.5731955963210655,7.3669868,66.70208
8216,Sven Bender,Right Defensive Midfield,Borussia Dortmund,Champions League,7,1.7425815419599016,4.233314758339024,3.5576303,64.904434
8232,Nuri Şahin,Right Defensive Midfield,Borussia Dortmund,Champions League,7,3.3007663062138763,5.098538178153323,9.856677,68.44452
9475,Moritz Leitner,0,Borussia Dortmund,Champions League,7,3.495926418243964,1.7853561710630181,28.901093,59.837784
11131,Julian Schieber,Right Wing,Borussia Dortmund,Champions League,6,0.6937895740989378,-3.6046083289583084,-8.895367,-41.985455
11458,Marcel Schmelzer,Left Back,Borussia Dortmund,Champions League,7,0.8190424631347064,2.33908547376046,4.513474,48.247684
12424,Roman Weidenfeller,Goalkeeper,Borussia Dortmund,Champions League,0,-4.48932324418391,0.5109147607554824,-79.84141,-11.377943
20665,Kevin Großkreutz,Left Wing,Borussia Dortmund,Champions League,2,-0.14308499170083191,0.9943860687344273,0.06633323,20.943207
37112,Mitchell James Langerak,0,Borussia Dortmund,Champions League,0,-4.66139698996086,0.2071623892391811,-75.340034,-14.550009
11179,Iker Casillas Fernández,Goalkeeper,Real Madrid,Champions League,0,-4.228792591725825,0.14871191930013375,-43.098495,41.975563
19047,Fábio Alexandre da Silva Coentrão,Left Back,Real Madrid,Champions League,7,1.1974774426947585,0.9676470268543129,23.135479,37.044804
20215,Álvaro Arbeloa Coca,0,Real Madrid,Champions League,2,-0.5093269924369485,1.9523612385913005,2.7789912,30.029116
20669,Tiago Cardoso Mendes,Left Defensive Midfield,Atlético Madrid,Champions League,7,0.7943172634969836,2.1021891235805494,5.7259665,37.238804
25145,Diego Ribas da Cunha,0,Atlético Madrid,Champions League,4,0.52167258971548,0.6635720858590743,-15.607794,-18.071234
26029,Daniel Aranzubia Aguado,0,Atlético Madrid,Champions League,0,-4.644079983959423,0.052779861425498106,-77.825165,-17.525965
3486,Fernando Llorente Torres,Left Center Forward,Juventus,Champions League,6,0.24779911387383105,-3.996093624633157,-6.637169,-57.73353
3579,Roberto Maximiliano Pereyra,Secondary Striker,Juventus,Champions League,7,1.2043398910865215,1.432581598706513,17.672941,41.29615
3843,Angelo Obinze Ogbonna,0,Juventus,Champions League,2,-0.5838231429972549,1.315742849735591,-1.6589332,12.674285
6943,Andrea Barzagli,Right Center Back,Juventus,Champions League,7,0.13937407739155244,3.4291393067080103,2.071366,58.915012
6949,Gianluigi Buffon,Goalkeeper,Juventus,Champions League,0,-4.4003127975589225,0.8234800407764558,-67.69678,4.1071653
7013,Stefano Sturaro,0,Juventus,Champions League,1,1.0354786717611444,0.3787314233244131,22.88002,22.26837
7173,Leonardo Bonucci,Left Center Back,Juventus,Champions League,7,0.8089011822783906,3.010315543591514,4.52024,60.06183
7952,Simone Padoin,0,Juventus,Champions League,2,-1.3205276802429613,1.2726562129645522,-10.740801,38.283012
8217,Kingsley Coman,Center Attacking Midfield,Juventus,Champions League,4,2.3744888403957853,-1.5663861281578821,38.02342,-42.277905
8294,Claudio Marchisio,Right Center Midfield,Juventus,Champions League,7,2.069940978278512,3.0701510728518904,20.48577,58.434708
19849,Andrea Pirlo,Center Defensive Midfield,Juventus,Champions League,7,3.9365750922188596,2.150178195904891,26.851582,59.268158
20666,Carlos Alberto Tevez,Right Center Forward,Juventus,Champions League,4,-1.218008823878774,-1.816552354531158,-15.55665,-29.052645
26208,Marco Storari,0,Juventus,Champions League,0,-4.253414542184906,1.0140437788632182,-69.51389,4.4245167
4691,Claudio Andrés Bravo Muñoz,0,Barcelona,Champions League,0,-3.6694456083595033,1.018677346928866,-39.709625,35.794815
10609,Jérémy Mathieu,Right Center Midfield,Barcelona,Champions League,7,1.2730762284525146,3.0218061193532546,8.152395,53.903763
19668,Augusto Matías Fernández,Left Defensive Midfield,Atlético Madrid,Champions League,7,3.51771471687222,2.3113275168021126,35.173153,37.742065
3951,Mario Lemina,Center Attacking Midfield,Juventus,Champions League,7,2.5959540817581055,2.009128658843726,30.679882,41.49665
6940,Kwadwo Asamoah,0,Juventus,Champions League,7,1.390709079109002,1.5480492415539222,19.84477,50.829617
6945,Alex Sandro Lobo Silva,Left Back,Juventus,Champions League,7,2.2636546020790913,2.079621746333391,26.726799,50.566284
6947,Miralem Pjanić,Right Defensive Midfield,Juventus,Champions League,7,2.639052681021326,1.8817060337312823,25.912802,61.97841
6954,Giorgio Chiellini,Left Center Back,Juventus,Champions League,7,0.7718863311292203,3.5391688591307866,4.4864893,60.860516
3473,James Philip Milner,Left Center Midfield,Liverpool,Champions League,7,1.8205001388753705,0.40975278381371316,43.60794,-24.912424
3493,Emre Can,Left Center Midfield,Liverpool,Champions League,7,3.1120905118226423,1.934348663807204,32.031475,41.487556
3515,Alberto Moreno Pérez,0,Liverpool,Champions League,7,1.3998221768256336,1.7713315484627796,22.161438,38.50251
3567,Georginio Wijnaldum,Right Center Midfield,Liverpool,Champions League,4,1.13234153033706,-1.0768006954478275,36.677837,-24.89693
3630,Loris Karius,Goalkeeper,Liverpool,Champions League,0,-3.7497625462353645,0.7772128805010712,-40.755367,42.13264
3655,Andrew Robertson,Left Back,Liverpool,Champions League,1,0.6851121704622611,1.352306791759415,12.693409,15.69772
3669,Virgil van Dijk,Left Center Back,Liverpool,Champions League,2,-0.27717099184581284,1.519248924952824,-12.235538,36.606712
4090,Adam David Lallana,Left Wing,Liverpool,Champions League,4,2.6989770262208523,-1.1684461814019282,36.311504,-19.770098
4174,Ragnar Klavan,0,Liverpool,Champions League,7,-0.0056080787196601395,2.274786290920704,-11.131041,32.45609
4590,Nathaniel Edwin Clyne,0,Liverpool,Champions League,7,0.40704860202536347,1.866797668190742,6.2643743,44.874176
10222,Jonna Ann-Charlotte Andersson,Left Back,Chelsea FCW,FA Women's Super League,7,0.5968862076726663,2.028506046539506,9.613549,45.126213
15549,Sophie Louise Ingle,Right Defensive Midfield,Chelsea FCW,FA Women's Super League,7,0.2215901833029808,1.557871334733279,-8.031681,42.18045
15550,Bethany England,Right Wing,Chelsea FCW,FA Women's Super League,3,1.6816148938956477,-6.224449111402328,9.594031,-66.93134
15553,Karen Julia Carney,Left Wing,Chelsea FCW,FA Women's Super League,4,1.8954082285270513,-0.8399041765582412,54.72657,-16.131124
17273,Adelina Engman,0,Chelsea FCW,FA Women's Super League,4,1.3532683901192415,-2.056440611801804,14.989508,-33.9001
19421,Carly Mitchell Telford,0,Chelsea FCW,FA Women's Super League,0,-3.8254325568491616,1.5205779708468115,-72.803764,9.927058
19422,Jessica Carter,Right Back,Chelsea FCW,FA Women's Super League,7,1.8293060468314304,3.0931285072765875,11.091274,51.582775
10099,Tessa Wullaert,Right Center Midfield,Manchester City WFC,FA Women's Super League,4,1.1744208012329862,-0.6079524153982383,33.11373,-35.46392
10170,Karen Bardsley,Goalkeeper,Manchester City WFC,FA Women's Super League,0,-4.080939957064408,1.1704095836589166,-73.29631,5.2914486
10185,Stephanie Houghton,Right Center Back,Manchester City WFC,FA Women's Super League,7,0.9883982907433455,3.278272993558467,5.8376536,64.315895
10188,Caroline Weir,0,Manchester City WFC,FA Women's Super League,4,4.068693773345897,-0.10415792514663448,40.709766,-38.766945
15547,Melissa Lawley,Right Center Forward,Manchester City WFC,FA Women's Super League,4,1.923521185218222,-2.203741861326998,25.432995,-37.621803
15554,Gemma Bonner,Right Back,Manchester City WFC,FA Women's Super League,7,1.0542761034414858,3.019586664451589,4.753956,59.349335
15555,Lauren Hemp,Left Center Forward,Manchester City WFC,FA Women's Super League,4,3.3805965810480547,-2.74394458908571,50.75747,-31.515339
10095,Julie Biesmans,Left Center Midfield,Bristol City WFC,FA Women's Super League,1,0.32310902151051774,-0.06340797590943434,6.685143,-1.8248144
10171,Frankie Brown,Left Center Back,Bristol City WFC,FA Women's Super League,2,-2.143958765750817,-0.033900401206741905,-4.4760046,-2.518022
16376,Sophie Baggaley,Goalkeeper,Bristol City WFC,FA Women's Super League,0,-4.091221997928426,1.017876884811423,-85.931595,-2.680674
16380,Katie Rood,Left Midfield,Bristol City WFC,FA Women's Super League,4,-0.09905377714109094,-4.223811035503772,15.384623,-52.80596
16381,Gemma Evans,Left Back,Bristol City WFC,FA Women's Super League,1,-0.7205501641972439,0.46603453212914314,0.743134,2.9384243
16382,Heather Payne,Right Midfield,Bristol City WFC,FA Women's Super League,1,2.2367725726469403,-0.8444688632326881,36.89192,-7.3687205
16383,Danique Kerkdijk,Right Center Back,Bristol City WFC,FA Women's Super League,2,-1.2837125351858276,0.828934253513669,-7.3059096,3.3903053
16384,Carla Humphrey,Right Center Midfield,Bristol City WFC,FA Women's Super League,1,-0.03314701874344847,-0.6962875360905493,12.417207,-12.401893
16386,Lucy Hope,Right Center Forward,Bristol City WFC,FA Women's Super League,4,0.9341598828990098,-2.269463089187956,13.029555,-34.631226
16387,Ali Johnson,Left Back,Bristol City WFC,FA Women's Super League,5,0.6577386990306517,-0.6047854533686954,58.521667,14.267784
16388,Ella Rutherford,Left Midfield,Bristol City WFC,FA Women's Super League,5,2.8603099433331223,-2.6033363518316643,46.377186,0.7500543
16390,Juliette Kemppi,Left Center Forward,Bristol City WFC,FA Women's Super League,6,-2.79990029446979,-2.0289536588969512,-22.123835,-33.335033
16391,Loren Dykes,Right Back,Bristol City WFC,FA Women's Super League,2,-1.7210778357951804,0.25518913680695654,-4.2179723,-1.9600959
17274,Poppy Pattinson,0,Bristol City WFC,FA Women's Super League,1,1.3753556392027524,0.8346514495640175,37.73394,14.783289
21048,Rosella Ayane,0,Bristol City WFC,FA Women's Super League,4,-0.04226428970159833,-2.1849789518790548,8.621541,-33.721672
16374,Aileen Whelan,Center Attacking Midfield,Brighton & Hove Albion WFC,FA Women's Super League,1,1.1787143638825464,-1.8536464432458375,21.019176,-18.895721
16375,Laura Hartley,Goalkeeper,Brighton & Hove Albion WFC,FA Women's Super League,0,-3.546004121314344,1.786296610683959,-80.56311,7.8232765
16377,Sophie Perry-Campbell,Right Wing,Brighton & Hove Albion WFC,FA Women's Super League,1,-0.7959398898220509,0.6108097632025141,-5.3614893,5.593264
16378,Iniabasi Anefiok Umotong,Center Forward,Brighton & Hove Albion WFC,FA Women's Super League,6,1.3389374940583698,-3.282138490001899,10.841069,-42.88249
16379,Jodie Brett,Left Defensive Midfield,Brighton & Hove Albion WFC,FA Women's Super League,1,0.586085069754565,-0.7551099515301604,21.550663,-13.330773
16392,Felicity Gibbons,Left Back,Brighton & Hove Albion WFC,FA Women's Super League,1,0.9445897425297635,1.1868997609653236,12.742499,15.526926
16393,Ellie Brazil,Left Wing,Brighton & Hove Albion WFC,FA Women's Super League,1,0.7687493173891121,-1.6024462094068608,25.283455,-14.934509
16394,Laura Rafferty,Left Center Back,Brighton & Hove Albion WFC,FA Women's Super League,2,-0.8801370284370774,0.40946654190187676,-6.1073875,2.9927535
16395,Victoria Williams,Right Center Back,Brighton & Hove Albion WFC,FA Women's Super League,1,0.06289711863641116,0.8339832803660115,1.0763841,12.506115
16397,Chloe Peplow,Left Defensive Midfield,Brighton & Hove Albion WFC,FA Women's Super League,1,2.1151717448603873,1.3043770144005964,39.27868,17.207577
16399,Kate Natkiel,Right Wing,Brighton & Hove Albion WFC,FA Women's Super League,1,-0.47656324889484064,-0.7091871112079177,7.1757216,-9.487455
16400,Kayleigh Green,Center Forward,Brighton & Hove Albion WFC,FA Women's Super League,1,1.9320792374117297,-1.5347724174671364,20.67837,-18.523258
19414,Kirsty Barton,0,Brighton & Hove Albion WFC,FA Women's Super League,2,-0.013793460565890904,1.76086176113455,-4.445841,27.312296
19415,Lucy Gillett,0,Brighton & Hove Albion WFC,FA Women's Super League,0,-3.1231061924958397,2.4342202008441034,-78.478165,11.205526
19420,Fern Whelan,0,Brighton & Hove Albion WFC,FA Women's Super League,2,-2.188814564103064,0.25225137200345565,-32.67788,6.7188573
20034,Danielle Buet,Right Defensive Midfield,Brighton & Hove Albion WFC,FA Women's Super League,1,0.9033201933393977,0.2600687049814002,34.86644,-2.0564225
20035,Bethan Roe,Right Back,Brighton & Hove Albion WFC,FA Women's Super League,1,0.42139311833119936,0.2501296795421644,10.3488,-0.69005454
10198,Josanne Potter,Left Center Back,Reading WFC,FA Women's Super League,7,0.7514787036911876,2.176305785655975,11.752233,46.936543
10251,Fara Williams,Left Center Midfield,Reading WFC,FA Women's Super League,3,0.7493900802402159,-2.5272306377838576,25.828392,-51.08495
15703,Charlotte Estcourt,Left Wing,Reading WFC,FA Women's Super League,2,-0.07278995693672854,-0.1256984752325738,-3.208582,-12.697807
15704,Lily Woodham,Left Center Midfield,Reading WFC,FA Women's Super League,2,0.15172022302803528,1.0778453411778206,6.7573657,24.356163
15706,Rachel Furness,Right Center Midfield,Reading WFC,FA Women's Super League,6,0.5849820600330753,-1.8110881453449654,-0.099330194,-37.547012
15719,Grace Moloney,Goalkeeper,Reading WFC,FA Women's Super League,0,-3.317149947794335,1.4305597377427293,-41.807507,35.531513
15720,Sophie Howard,Right Center Midfield,Reading WFC,FA Women's Super League,2,-0.8160137286941209,1.9041573463428256,-19.718975,53.063725
15721,Gemma Suzanne Davison,Right Center Forward,Reading WFC,FA Women's Super League,4,0.2894778127135465,-1.542967521347222,20.866964,-31.80554
15723,Brooke Chaplen,Left Center Forward,Reading WFC,FA Women's Super League,3,0.2956361750316473,-3.6636887708153956,6.7697296,-49.902813
15724,Mayumi Pacheco,Left Back,Reading WFC,FA Women's Super League,1,0.593337483055726,1.0725174007526894,11.284416,16.929152
15725,Natasha Harding,Right Back,Reading WFC,FA Women's Super League,1,0.24471935996492045,-0.1621880352591138,11.979427,-5.9017587
15726,Lauren Bruton,Right Wing,Reading WFC,FA Women's Super League,4,0.9708503126040355,-1.9465609304733342,15.5661545,-33.577778
18144,Rebecca Jane,0,Reading WFC,FA Women's Super League,7,0.307666425229325,1.6188693986537974,12.807524,33.61131
18149,Remi Allen,Left Wing,Reading WFC,FA Women's Super League,1,2.2331428091942582,-0.611955234905379,36.131207,10.818459
18152,Kirstyn Pearce,Right Center Back,Reading WFC,FA Women's Super League,7,0.5909892175030976,2.351016742044253,11.574893,46.506718
33664,Rachael Laws,0,Reading WFC,FA Women's Super League,0,-3.3632525547856287,2.0172759160767817,-81.27497,7.6769443
36799,Kiera Skeels,0,Reading WFC,FA Women's Super League,2,-0.786410934002095,0.039922770465552204,-12.724816,-1.8584472
15705,Emily Donovan,Left Wing,Yeovil Town LFC,FA Women's Super League,2,-1.4932156830523025,-1.7188409147230994,6.2784357,-19.712704
15707,Georgia Evans,Left Center Midfield,Yeovil Town LFC,FA Women's Super League,2,-1.432612228459452,-0.10472933300608028,-3.9530787,-3.522536
15708,Amy Goddard,Right Back,Yeovil Town LFC,FA Women's Super League,1,-0.647831399969021,-0.5486740371627412,3.5885801,-0.030494707
15709,Megan Walsh,Goalkeeper,Yeovil Town LFC,FA Women's Super League,0,-4.218712721087305,0.8474919301366222,-85.11718,-2.4228566
15710,Megan Alexander,Left Back,Yeovil Town LFC,FA Women's Super League,1,-1.4231100529135647,-0.011714212548621645,-3.5903692,-1.8545234
15711,Amber Gaylor,Left Wing,Yeovil Town LFC,FA Women's Super League,4,-0.07332808201118617,-2.1355015076529926,15.490896,-19.007833
15712,Nicola Cousins,Left Center Back,Yeovil Town LFC,FA Women's Super League,1,-0.9450810682404605,-0.7038246335983546,1.5414877,1.7241989
15713,Bonnie Horwood,Center Defensive Midfield,Yeovil Town LFC,FA Women's Super League,2,-0.9711011628810439,-0.16529539863350248,-5.096042,-6.075101
15714,Anne-Marie Heatherson,Right Wing,Yeovil Town LFC,FA Women's Super League,1,1.1139028412111476,-2.3216422980308358,18.631372,-17.724115
15715,Ellie Mason,Left Center Midfield,Yeovil Town LFC,FA Women's Super League,1,0.048009595891748955,-1.408225638469083,2.9426496,2.4210875
15716,Emily Syme,Right Center Midfield,Yeovil Town LFC,FA Women's Super League,1,0.16978323827568126,-1.3974307988204027,18.364618,-11.971287
15717,Hannah Short,Right Center Back,Yeovil Town LFC,FA Women's Super League,1,-0.7247548437923,-0.5114152434931472,3.775423,0.39617848
15718,Olivia Fergusson,Center Forward,Yeovil Town LFC,FA Women's Super League,6,-0.49112163741066156,-2.861134096899531,8.6507225,-21.351095
19774,Charlotte Buxton,0,Yeovil Town LFC,FA Women's Super League,2,-1.6693644329298458,-0.3650727395588151,-17.123966,-7.7160254
19776,Monique Fischer,0,Yeovil Town LFC,FA Women's Super League,1,-0.6800241986503347,-0.5231281139492616,-4.65137,-0.30701926
10093,Yana Daniëls,0,Liverpool WFC,FA Women's Super League,1,0.738625112503237,-1.861386526159584,17.462162,-19.95805
15218,Jessica Anne Clarke,Center Forward,Liverpool WFC,FA Women's Super League,4,-0.09964794204039641,-3.0267280918894945,23.233383,-38.68902
15611,Courtney Sweetman-Kirk,Center Forward,Liverpool WFC,FA Women's Super League,6,0.22038023143221108,-3.4051507474491784,4.7342443,-53.221397
15613,Rinsola Babajide,Right Midfield,Liverpool WFC,FA Women's Super League,4,3.8787629475804124,-4.271229772154692,50.228603,-40.593513
15614,Sophie Elizabeth Bradley-Auckland,Right Center Back,Liverpool WFC,FA Women's Super League,2,-1.9542602184644928,1.1689075339709003,-16.542929,22.479225
15618,Jasmine Matthews,Left Center Back,Liverpool WFC,FA Women's Super League,2,-0.6783303004553656,0.6473078143678012,-6.049742,2.9796247
15622,Leandra Little,Center Back,Liverpool WFC,FA Women's Super League,2,-1.7738960022768708,-0.7776727471435413,-29.059711,-2.279319
15626,Anke Preuß,Goalkeeper,Liverpool WFC,FA Women's Super League,0,-4.741472518559971,0.17120793830665082,-76.18797,-18.22175
15628,Christie Murray,Right Center Midfield,Liverpool WFC,FA Women's Super League,1,0.6772475680145772,-0.7055127439388246,6.241153,-4.0790796
15629,Satara Murray,Right Midfield,Liverpool WFC,FA Women's Super League,1,1.3975664222649615,1.6397089440640669,36.950447,14.540298
15630,Leigh-Anne Robe,Left Midfield,Liverpool WFC,FA Women's Super League,5,2.2655558547663968,0.9349296518958349,44.89558,8.945886
15631,Niamh Charles,Secondary Striker,Liverpool WFC,FA Women's Super League,4,2.841761681910774,-1.5362142274969186,47.699448,-36.43961
19416,Laura Coombs,Left Center Midfield,Liverpool WFC,FA Women's Super League,1,1.5665780889567775,0.30426360711846095,33.034126,-17.278093
19417,Amy Rodgers,0,Liverpool WFC,FA Women's Super League,1,0.7895224029743093,-0.11288651655457944,21.087759,-6.6361604
19418,Kirsty Linnett,0,Liverpool WFC,FA Women's Super League,4,0.906261323716444,-2.37292871746024,14.201785,-31.173328
19777,Niamh Fahey,Center Midfield,Liverpool WFC,FA Women's Super League,2,-0.5256553817088937,1.1814810665052362,-8.041352,21.19071
19778,Frances Kitching,0,Liverpool WFC,FA Women's Super League,0,-4.856393047379914,0.0009937628430611006,-75.92497,-21.285559
10179,Lisa Evans,Right Back,Arsenal WFC,FA Women's Super League,7,0.5228561033127833,1.5416149620804227,8.516884,45.87378
10192,Jordan Nobbs,Right Center Midfield,Arsenal WFC,FA Women's Super League,3,1.9863312909335402,-1.5761915780584812,33.31532,-53.419483
10405,Lia Wälti,Center Midfield,Arsenal WFC,FA Women's Super League,7,2.645094731982364,3.022514334344412,29.17735,48.624622
10646,Sari van Veenendaal,0,Arsenal WFC,FA Women's Super League,0,-4.1890265146208705,1.0566772837492266,-68.10534,5.512942
10658,Danielle van de Donk,Right Wing,Arsenal WFC,FA Women's Super League,4,1.871469992711346,-0.6670121640147878,33.11254,-22.91864
10666,Dominique Johanna Anna Petrone Janssen,Right Center Back,Arsenal WFC,FA Women's Super League,7,1.5387028252059864,2.384119081267267,12.323951,51.385643
15610,Ava Kuyken,Right Defensive Midfield,Arsenal WFC,FA Women's Super League,1,1.831999792052,0.6703853334263583,29.176867,15.416306
15612,Jessica Marie Wik,Right Back,Arsenal WFC,FA Women's Super League,5,4.015672379263735,4.041902630136611,47.27069,25.041052
15615,Pauline Peyraud Magnin,Goalkeeper,Arsenal WFC,FA Women's Super League,0,-3.7744729858103327,1.1436104039410075,-44.29665,31.75029
15616,Kim Little,Left Center Midfield,Arsenal WFC,FA Women's Super League,4,3.5976017299342105,0.1939195523079573,40.378815,-39.278957
15619,Bethany Mead,Left Wing,Arsenal WFC,FA Women's Super League,4,2.51141971300425,-2.01861300099392,30.873205,-37.4266
15620,Katie McCabe,Left Back,Arsenal WFC,FA Women's Super League,7,2.860463154587381,1.2819142162353752,28.565779,58.409565
15621,Louise Quinn,Left Center Back,Arsenal WFC,FA Women's Super League,7,-0.7424073528361524,3.051492995140296,-1.8072667,62.141598
15623,Vivianne Miedema,Center Forward,Arsenal WFC,FA Women's Super League,3,2.1011477342899854,-6.105883595773048,16.417002,-66.493904
18998,Emma Mukandi,0,Arsenal WFC,FA Women's Super League,7,2.195094365429628,1.8587030979565318,32.824635,48.37241
10180,Ellen White,Center Forward,Birmingham City WFC,FA Women's Super League,3,-0.34413488691381505,-4.892844069985855,8.309675,-60.794025
10193,Chloe Arthur,Right Defensive Midfield,Birmingham City WFC,FA Women's Super League,5,3.192893276620072,-0.08548215696923503,40.243553,-8.162839
15557,Emma Follis,Center Forward,Birmingham City WFC,FA Women's Super League,4,0.9203603373823434,-1.6613101310973304,16.646944,-33.968845
15560,Ann-Katrin Berger,Goalkeeper,Birmingham City WFC,FA Women's Super League,0,-3.03472784109576,1.6761392669507609,-42.47518,34.618587
15562,Lucy Staniforth,Center Attacking Midfield,Birmingham City WFC,FA Women's Super League,4,2.075085666546272,-0.15629950827954003,39.290512,-36.010788
15563,Charlie Wellings,Right Wing,Birmingham City WFC,FA Women's Super League,4,-0.0954549050945954,-2.01255218268392,10.623131,-34.010044
15564,Lucy Quinn,Left Wing,Birmingham City WFC,FA Women's Super League,4,0.8951643944896737,-1.660197308529176,16.305168,-33.42235
15565,Marisa Ewers,Right Defensive Midfield,Birmingham City WFC,FA Women's Super League,1,-0.18672863516819654,0.9181760092196862,2.6036172,9.147136
15567,Paige Williams,Left Back,Birmingham City WFC,FA Women's Super League,7,1.1353476838840981,2.3536217488404247,12.026383,47.21076
15569,Kerys Harrop,Left Center Back,Birmingham City WFC,FA Women's Super League,7,1.5890441023582031,2.5775089155677335,10.717204,51.596615
19499,Shania Hayles,0,Birmingham City WFC,FA Women's Super League,4,0.2025902830139087,-2.9681285414632743,10.2365265,-34.553318
19500,Sarah Emma Mayling,0,Birmingham City WFC,FA Women's Super League,1,1.5521156475218294,0.6288529177502432,34.780693,14.442405
19501,Hayley Ladd,Left Defensive Midfield,Birmingham City WFC,FA Women's Super League,1,1.6595002373756902,0.6550845100109961,34.212246,13.233299
19502,Meaghan Sargeant,Right Back,Birmingham City WFC,FA Women's Super League,2,-0.910441251093147,1.6248048150742063,-10.08394,38.584053
19503,Aoife Mannion,Right Center Back,Birmingham City WFC,FA Women's Super League,7,2.3179852551438236,4.116667200933757,9.632718,65.006195
19592,Harriet Scott,0,Birmingham City WFC,FA Women's Super League,1,1.1600113538430274,1.2845523506880656,33.533337,15.116364
21556,Connie Scofield,0,Birmingham City WFC,FA Women's Super League,1,1.0156770251253824,0.09436996468715057,10.071584,-9.63042
22032,Hannah Hampton,0,Birmingham City WFC,FA Women's Super League,0,-3.178548160778489,1.5127912736515925,-43.074707,35.863895
15556,Chantelle Boye-Hlorkah,Center Forward,Everton LFC,FA Women's Super League,4,1.8300741385492898,-3.5978279061841674,19.39823,-39.050278
15558,Dominique Bruinenberg,Right Center Midfield,Everton LFC,FA Women's Super League,2,0.12317210876692054,0.1259825431409727,-1.8145229,-7.5541263
15559,Simone Magill,Left Wing,Everton LFC,FA Women's Super League,6,2.3021927815742464,-2.8287654263507247,20.521791,-22.590979
15570,Chloe Kelly,Left Wing,Everton LFC,FA Women's Super League,4,3.329345566598825,-4.313725694291713,30.047955,-46.498634
15571,Danielle Turner,Left Midfield,Everton LFC,FA Women's Super League,1,0.2362826605080386,1.305297076487154,1.0790817,24.22254
15572,Siri Worm,Left Center Back,Everton LFC,FA Women's Super League,1,1.0345760039923015,1.3574277203260552,12.1256485,32.798515
15573,Abbey-Leigh Stringer,Right Center Midfield,Everton LFC,FA Women's Super League,1,1.2754586304676359,1.1858500996449457,26.428593,21.182775
15574,Georgia Brougham,Right Center Back,Everton LFC,FA Women's Super League,2,-1.3100603940849842,1.4768662461124256,-15.930991,22.916836
15575,Gabrielle George,Center Back,Everton LFC,FA Women's Super League,7,0.21821465690665157,1.3354871684715883,1.14996,35.270428
15576,Kirstie Levell,Goalkeeper,Everton LFC,FA Women's Super League,0,-4.022920507427318,1.184415927725979,-80.80616,2.9526603
15577,Angharad James,Left Center Midfield,Everton LFC,FA Women's Super League,1,1.5596771117792079,0.47044964229464603,32.983635,13.691403
15578,Faye Bryson,Right Midfield,Everton LFC,FA Women's Super League,1,1.4279153610322848,0.15355863166427194,39.26861,6.4883213
15579,Inessa Kaagman,Right Wing,Everton LFC,FA Women's Super League,4,0.3272666876409441,-2.0516133565050865,10.751091,-35.748875
15580,Claudia Walker,Center Forward,Everton LFC,FA Women's Super League,6,-0.5496290993521785,-2.914047075489303,6.818128,-36.580097
18253,Hannah Cain,0,Everton LFC,FA Women's Super League,6,0.1352463222966789,-3.858737142174601,9.691388,-38.02649
18254,Megan Finnigan,0,Everton LFC,FA Women's Super League,7,0.3114575054730868,1.7776088820264548,-8.167745,34.672733
19687,Taylor Hinds,0,Everton LFC,FA Women's Super League,1,0.28381300078963534,0.07143752227781545,11.666141,-5.074847
18145,Ria Percival,Right Back,West Ham United LFC,FA Women's Super League,1,1.5075169530372567,0.7433456074467751,34.05515,14.447265
18146,Leanne Kiernan,Left Wing,West Ham United LFC,FA Women's Super League,4,0.5765906280600052,-2.0997810913829698,15.697488,-33.344112
18147,Kate Longhurst,Left Defensive Midfield,West Ham United LFC,FA Women's Super League,1,-0.16279624226072803,-0.15267484335354556,5.2739587,-12.958327
18148,Lucienne Reichardt,Left Defensive Midfield,West Ham United LFC,FA Women's Super League,1,-0.06245053395094589,0.21549707921276884,0.91742206,-1.13599
18150,Julia Simic,Right Wing,West Ham United LFC,FA Women's Super League,4,1.7645175220922495,-0.08855922575285806,46.405785,-22.080212
18151,Gilly Louise Scarlett Flaherty,Left Center Back,West Ham United LFC,FA Women's Super League,2,-0.9656412818973025,1.2878380577675044,-16.904976,23.97418
18153,Alisha Lehmann,Left Center Forward,West Ham United LFC,FA Women's Super League,4,0.062494042136293254,-2.5513685466346017,12.231391,-34.686028
18154,Esmee de Graaf,Left Wing,West Ham United LFC,FA Women's Super League,2,-0.7335583769519887,-0.6428106477336585,0.9114767,-18.687397
18155,Erin Simon,Right Back,West Ham United LFC,FA Women's Super League,1,0.33179413724661994,1.3973345779295245,12.904712,15.89321
18156,Claire Lauren Rafferty,Left Back,West Ham United LFC,FA Women's Super League,2,-0.7794514190115558,1.4210464345083436,-13.301695,17.545876
18157,Brianna Visalli,Right Defensive Midfield,West Ham United LFC,FA Women's Super League,1,2.301668502679475,-1.3372345027224328,36.688828,-10.557148
18158,Rebecca Leigh Spencer,Goalkeeper,West Ham United LFC,FA Women's Super League,0,-3.138798700951121,1.6518171238610753,-42.69077,35.155636
18159,Brooke Hendrix,Right Center Back,West Ham United LFC,FA Women's Super League,2,-1.5206282401606783,1.027231935778918,-19.765263,24.034534
19896,Rosie Kmita,0,West Ham United LFC,FA Women's Super League,5,4.277826699917568,-1.6434726308591634,58.660763,-16.932281
21014,Vyan Sampson,0,West Ham United LFC,FA Women's Super League,1,0.3368604067612071,1.3553639216019577,9.085672,8.933512
22027,Anne Moorhouse,0,West Ham United LFC,FA Women's Super League,0,-3.115414316760618,1.5159822693936178,-43.32951,35.96317
18999,Leah Williamson,Right Center Back,Arsenal WFC,FA Women's Super League,7,2.4362408530741146,4.473873522349944,8.4418,66.13758
19775,Shannon Albuery,Right Center Midfield,Yeovil Town LFC,FA Women's Super League,6,-0.050706787708351575,-3.023041820239209,7.532589,-33.36664
21022,Jenna Legg,0,Brighton & Hove Albion WFC,FA Women's Super League,2,-3.3087480392473227,0.19358024863690956,-49.613605,-3.554688
19498,Jessica Park,Center Forward,Manchester City WFC,FA Women's Super League,2,-0.40974521834595684,-1.1569417708644356,4.4616914,-30.738356
23412,Abigail Harrison,Center Forward,Bristol City WFC,FA Women's Super League,6,-0.710772613341073,-2.319972941421433,6.616188,-34.440792
24922,Florence Allen,0,Bristol City WFC,FA Women's Super League,1,-0.8202799183570342,0.2107087739547473,-0.7177499,-0.18793827
21230,Elise Hughes,Left Center Back,Everton LFC,FA Women's Super League,6,-0.48107477997577724,-3.050764147626708,-17.100254,-49.89156
23547,Emma Brownlie,Right Wing Back,Everton LFC,FA Women's Super League,2,-2.5885874816799315,0.33665456016115586,-46.522743,-3.4384587
21062,Alexandra Riley,0,Chelsea FCW,FA Women's Super League,7,-0.4040486888031063,1.790366920556473,4.2802763,36.120564
21854,Jade Bailey,0,Chelsea FCW,FA Women's Super League,1,1.6676888717888985,0.8690993029774866,34.040653,14.670561
19419,Marie Hourihan,Goalkeeper,Brighton & Hove Albion WFC,FA Women's Super League,0,-4.1561741376430845,1.0310770795160418,-79.92928,1.6483155
21023,Amanda Nildén,0,Brighton & Hove Albion WFC,FA Women's Super League,1,-0.10331089608381544,-0.7238766823555807,12.234422,-12.803082
19779,Rhiannon Roberts,Center Defensive Midfield,Liverpool WFC,FA Women's Super League,1,-0.05564614694879359,-0.19845377591854596,-3.4511416,-6.3005924
19780,Rachel Rowe,Right Defensive Midfield,Reading WFC,FA Women's Super League,4,2.4219787135367814,-1.0534774977144405,38.79876,-10.943801
21021,Molly Bartrip,0,Reading WFC,FA Women's Super League,2,-0.3238500792609915,1.7849942073953102,-8.685052,34.715385
21059,Katie Robinson,Center Forward,Bristol City WFC,FA Women's Super League,6,0.7584479033815883,-2.2492917973563427,17.607271,-21.508516
20061,Deanna Cooper,0,Chelsea FCW,FA Women's Super League,7,-0.13659177487673896,2.435304560661816,-12.017896,40.288017
21290,Erin Bloomfield,Right Wing,Yeovil Town LFC,FA Women's Super League,1,-0.5387246454210063,-1.4598233389483095,17.84504,-11.140948
10190,Jade Moore,Right Center Midfield,Reading WFC,FA Women's Super League,1,1.000154087351623,-0.46942015331510933,29.604256,-20.82761
10088,Katrine Veje,Left Back,Arsenal WFC,FA Women's Super League,7,1.0546653808381765,2.5240891140923765,11.527672,49.57254
10091,Janni Arnth-Jensen,0,Arsenal WFC,FA Women's Super League,7,-0.5531626168844849,2.828411275776832,-7.07899,69.87791
10235,Viktoria Schnaderbeck,Right Center Back,Arsenal WFC,FA Women's Super League,7,-0.14417273179608903,3.9021160161751025,-1.8402336,62.56817
24281,Danielle Carter,Left Midfield,Arsenal WFC,FA Women's Super League,4,1.9180439542359615,-3.178107997509612,11.150029,-42.839348
24238,Ashley Hodson,Center Forward,Liverpool WFC,FA Women's Super League,1,-0.8779047937328242,-1.4232231559974344,5.1672087,-22.317932
24239,Jemma Elizabeth Purfield,Left Back,Liverpool WFC,FA Women's Super League,1,0.3682857446895529,0.26041279734667777,6.7332644,-0.21154943
20725,Pauline Bremer,0,Manchester City WFC,FA Women's Super League,3,2.7699997613185903,-7.955113792619679,13.105011,-67.78486
23465,Megan Campbell,Left Midfield,Manchester City WFC,FA Women's Super League,7,1.3706604082539184,2.945048918814939,6.455676,54.28058
24925,Olivia Chance,0,Everton LFC,FA Women's Super League,1,-0.153432098761488,-0.47260382952932994,6.517155,-10.6686735
23289,Emily Simpkins,0,Brighton & Hove Albion WFC,FA Women's Super League,1,-0.7423879279895779,-0.46764313924658835,6.5092483,-10.237909
23290,Sophie Harris,Goalkeeper,Brighton & Hove Albion WFC,FA Women's Super League,0,-4.44477932251808,0.5789612920910134,-79.51989,-11.0859995
23291,Ellie Hack,0,Brighton & Hove Albion WFC,FA Women's Super League,1,0.028635882903196283,1.3131254298189257,25.452753,1.8897222
23413,Megan Connolly,Center Attacking Midfield,Brighton & Hove Albion WFC,FA Women's Super League,1,0.967993159960912,-0.3137378839818645,11.860783,-7.3514113
13834,Rakel Hönnudóttir,Center Forward,Reading WFC,FA Women's Super League,4,2.189972591950863,-1.0976619349708605,26.765762,-27.879406
24747,Millie Laura Farrow,Center Forward,Reading WFC,FA Women's Super League,3,0.12743319485764273,-4.469611845185425,12.501285,-48.63151
10195,Rachel Mclauchlan,0,Yeovil Town LFC,FA Women's Super League,5,3.053510659271505,-0.8468011089708223,44.493313,0.34617695
21859,Ruby Grant,Center Midfield,Arsenal WFC,FA Women's Super League,4,-0.07947345507630557,-0.2772446867528616,6.8146987,-13.876125
21860,Paige Bailey Gayle,Center Forward,Arsenal WFC,FA Women's Super League,2,-2.6822336458330693,-0.7361469138496134,-41.79709,-18.956085
22337,Maya Le Tissier,0,Brighton & Hove Albion WFC,FA Women's Super League,2,-0.9856827747030219,0.933618743048315,-12.0853195,15.956312
46635,Emma Harries,0,Reading WFC,FA Women's Super League,6,-0.9292301408957979,-2.50233879102747,-15.36472,-45.445007
22798,So-Hyun Cho,Center Defensive Midfield,West Ham United LFC,FA Women's Super League,1,0.4446736055000087,0.3566956615798519,23.883488,14.235881
31563,Rachel Williams,0,Birmingham City WFC,FA Women's Super League,6,0.20911012368420048,-1.8193702516396102,5.2972813,-36.317776
3086,Ben Davies,0,Tottenham Hotspur,Champions League,7,0.17862529652838466,1.5147779989568222,5.1299453,35.61036
3091,Moussa Sissoko,Right Defensive Midfield,Tottenham Hotspur,Champions League,4,1.362185712908839,-0.5191198456287813,37.45528,-30.098576
3098,Victor Wanyama,0,Tottenham Hotspur,Champions League,1,2.35437929965329,0.9634433359777611,33.948864,34.178345
3481,Serge Aurier,0,Tottenham Hotspur,Champions League,7,2.860000127316796,2.0815123275360263,32.17095,41.610893
3585,Erik Lamela,0,Tottenham Hotspur,Champions League,4,2.575018598863573,-1.4346087519647381,36.247395,-19.896051
3609,Michel Vorm,0,Tottenham Hotspur,Champions League,0,-2.748469438306878,3.1220234843018164,-77.58438,12.24734
3745,Lucas Rodrigues Moura da Silva,Right Midfield,Tottenham Hotspur,Champions League,4,3.227971892729583,-1.3172129689328491,34.464157,-44.74376
5109,Paulo Dino Gazzaniga,0,Tottenham Hotspur,Champions League,0,-4.384043035419982,0.7894339059220083,-77.53816,-1.9923458
21081,Juan Marcos Foyth,0,Tottenham Hotspur,Champions League,7,0.8849710963076872,1.9788397266603899,-10.060999,55.482174
3247,Fábio Henrique Tavares,Center Defensive Midfield,Liverpool,Champions League,1,1.8130752568636836,0.7563407179508717,23.30034,36.89857
3495,Joe Gomez,Left Midfield,Liverpool,Champions League,1,2.6013423788603522,2.1622084385340825,36.66255,21.885866
3502,Joël Andre Job Matip,Right Center Back,Liverpool,Champions League,7,-0.04489836534121626,1.6586984194574288,-8.334518,41.638172
3525,Alex Oxlade-Chamberlain,0,Liverpool,Champions League,4,2.475814734176136,-0.4265995785824826,44.74262,-39.806843
4747,Divock Okoth Origi,Center Forward,Liverpool,Champions League,3,0.11878574540993651,-5.846430388059317,-3.9845977,-63.924686
25443,Min-Ji Yeo,Center Forward,Korea Republic Women's,Women's World Cup,3,2.716896457298803,-8.152642610661049,13.70028,-69.06961
25444,Mi-Na Lee,Right Defensive Midfield,Korea Republic Women's,Women's World Cup,7,-0.2390876340436893,0.18606782595838559,-29.580332,15.33675
25445,Chae-Rim Kang,Right Midfield,Korea Republic Women's,Women's World Cup,5,2.2432109668512323,-0.6669298753854982,38.407333,-6.067611
25447,Sel-Gi Jang,Left Back,Korea Republic Women's,Women's World Cup,1,1.9477017554478706,2.0918710505189004,34.729843,24.227623
25448,Do-Yeon Kim,Left Center Back,Korea Republic Women's,Women's World Cup,2,-2.2528303070433044,2.7603848705695966,-49.40954,15.398668
25449,Min-Jeong Kim,Goalkeeper,Korea Republic Women's,Women's World Cup,0,-4.6899790657197205,0.2982683990346474,-76.80241,-14.928308
25450,Young-Ju Lee,Right Defensive Midfield,Korea Republic Women's,Women's World Cup,6,-1.459432467845543,-1.5421412525380958,-3.533324,-22.687452
25451,Hye-Ri Kim,Right Back,Korea Republic Women's,Women's World Cup,2,-1.4259037982550882,0.8755839227677564,-11.29532,6.5805273
25453,Geum-Min Lee,Left Midfield,Korea Republic Women's,Women's World Cup,4,0.3149490092819878,-1.4549351504999832,9.970595,-32.800163
25454,Seol-Bin Jung,Center Forward,Korea Republic Women's,Women's World Cup,0,-3.6085552961094374,-0.5992389687957649,-46.964108,-14.065971
25455,Bo-Ram Hwang,Right Center Back,Korea Republic Women's,Women's World Cup,2,-1.7746549320437968,2.3593102550205356,-45.17595,16.88466
25717,Mi-Ra Moon,0,Korea Republic Women's,Women's World Cup,1,2.46624913614812,-1.7891620616041106,14.432389,-29.277529
25836,Dam-Yeong Shin,0,Korea Republic Women's,Women's World Cup,2,-1.226663826038373,1.960268531199504,-44.029957,16.910707
34509,Hwa-Yeon Son,0,Korea Republic Women's,Women's World Cup,6,-1.4267465533422599,-2.083047758292098,-18.687973,-33.857758
34510,Seon-Joo Lim,0,Korea Republic Women's,Women's World Cup,1,0.31165820299120267,-0.6777175862081039,16.315134,-0.61199296
10113,Gaëtane Thiney,Left Center Forward,France Women's,Women's World Cup,4,-1.2650337916944014,-1.1301061722220096,-8.059696,-23.360094
10114,Elise Bussaglia,Left Defensive Midfield,France Women's,Women's World Cup,7,-0.07968837719737985,1.756798283853992,-5.2465143,45.90071
10117,Sakina Karchaoui,0,France Women's,Women's World Cup,7,2.956366989350858,1.2072268870552003,26.911077,52.596935
10121,Eugénie Le Sommer,Left Midfield,France Women's,Women's World Cup,3,2.234549321037164,-4.26539621624643,13.851273,-64.6797
10123,Amandine Henry,Right Defensive Midfield,France Women's,Women's World Cup,1,2.947910050479017,-0.37461815862215186,33.08337,-20.76074
10125,Wendie Renard,Left Center Back,France Women's,Women's World Cup,7,1.5392056940945602,1.4145302824884975,10.772581,56.276012
10129,Sarah Bouhaddi,Goalkeeper,France Women's,Women's World Cup,0,-4.591182245440521,0.4253006107640731,-70.824776,-5.709859
10137,Kadidiatou Diani,Right Center Forward,France Women's,Women's World Cup,3,2.629228739835976,-4.250183761496621,20.584345,-58.142845
10271,Griedge Mbock Bathy Nka,Right Center Back,France Women's,Women's World Cup,7,-0.07857021838982695,3.049392840384588,-18.095112,57.000458
10272,Onema Grace Geyoro,Center Attacking Midfield,France Women's,Women's World Cup,3,0.8274434291756546,-1.0049546760395054,30.10624,-57.187458
10418,Eve Perisset,Left Back,France Women's,Women's World Cup,7,2.3754825820033614,2.349816705045655,27.75813,50.86387
15249,Amel Majri,Left Back,France Women's,Women's World Cup,7,0.48707583474263183,0.8569204039240457,39.89781,-32.087345
15470,Delphine Cascarino,Right Midfield,France Women's,Women's World Cup,4,5.0836725933475275,-2.6208418519346104,46.53075,-44.41606
25442,Valérie Gauvin,Right Center Forward,France Women's,Women's World Cup,3,-0.8563775739500963,-4.6386765546395035,4.8685083,-57.781425
25446,Marion Torrent,Right Back,France Women's,Women's World Cup,7,0.6246899916479715,2.0722670549837168,1.6795774,36.3644
25727,Charlotte Bilbault,0,France Women's,Women's World Cup,1,1.605178962475576,1.3080581022956388,21.94903,29.622639
25834,Viviane Asseyi,0,France Women's,Women's World Cup,5,3.585742201971208,-1.3202225357176105,43.84113,-2.4320676
31713,Maéva Clemaron,0,France Women's,Women's World Cup,1,1.3028500724498921,1.272791686927888,36.220943,16.192461
32216,Aïssatou Tounkara,0,France Women's,Women's World Cup,7,0.16267285833144335,2.9665355267989955,-17.62769,53.380135
10382,Ingrid Moe Wold,Right Back,Norway Women's,Women's World Cup,7,-0.3244950442362152,2.309535401904547,-0.6072321,38.027077
10386,Caroline Graham Hansen,Right Midfield,Norway Women's,Women's World Cup,4,2.226286678335921,-3.3904437904504388,27.775171,-43.01764
10387,Lisa-Marie Utland,Left Center Forward,Norway Women's,Women's World Cup,6,-1.2317928744157474,-3.2324841443939025,-10.762914,-51.84364
10392,Emilie Haavi,Left Midfield,Norway Women's,Women's World Cup,6,-2.4316796322547036,-1.8508144303988592,-27.460024,-30.7717
10393,Kristine Minde,Left Back,Norway Women's,Women's World Cup,1,0.3742119634748703,1.1377604554661882,23.875542,6.6610875
10394,Ingrid Hjelmseth,Goalkeeper,Norway Women's,Women's World Cup,0,-4.089379434339864,1.243648905499479,-77.98241,3.3054457
10514,Guro Reiten,Left Midfield,Norway Women's,Women's World Cup,4,0.7872064770550664,-1.8800708187362525,30.291435,-35.144142
10516,Frida Maanum,Right Center Midfield,Norway Women's,Women's World Cup,4,0.968914172104543,-1.075027984435694,31.224405,-24.407572
13479,Isabell Herlovsen,Right Center Forward,Norway Women's,Women's World Cup,6,-0.4135017661378606,-2.773673518495754,5.6015024,-48.988064
24370,Cecilie Fiskerstrand,0,Norway Women's,Women's World Cup,0,-4.014666198377695,1.2505624478357091,-80.05132,3.412422
24374,Ingrid Syrstad Engen,Left Center Midfield,Norway Women's,Women's World Cup,2,0.36166356355458545,0.9968604201613857,16.67815,24.399313
25466,Vilde Bøe Risa,Right Center Midfield,Norway Women's,Women's World Cup,7,0.8544038930679639,1.7021322722557395,47.098972,-23.57077
25728,Karina Sævik,0,Norway Women's,Women's World Cup,5,2.749462491636008,-1.8099974566775434,36.72905,-10.3284235
26570,Amalie Vevle Eikeland,0,Norway Women's,Women's World Cup,6,0.09871550848361398,-2.5982073874911493,6.2584515,-35.825897
31553,Cecilie Redisch Kvamme,0,Norway Women's,Women's World Cup,1,0.38257763983763327,0.76436500178539,13.085036,16.071806
17312,Rita Chikwelu,Left Center Midfield,Nigeria Women's,Women's World Cup,5,2.4006207221403715,-0.7995179550599223,43.957752,0.442675
24881,Asisat Lamina Oshoala,Left Wing,Nigeria Women's,Women's World Cup,6,0.32768002806566826,-3.8604034433446084,14.329233,-43.56385
25461,Uchenna Kanu,Center Forward,Nigeria Women's,Women's World Cup,5,2.9011574295756812,-2.6530387632711974,34.513397,-11.248082
25462,Chidinma Nkeruka Okeke,Left Center Back,Nigeria Women's,Women's World Cup,1,0.6167691308015613,1.0092225575699874,13.481204,17.68747
25463,Chinaza Uchendu,Right Center Midfield,Nigeria Women's,Women's World Cup,5,4.522431569628147,-0.6851118393814764,43.78032,-2.9512408
25465,Onome Ebi,Left Center Back,Nigeria Women's,Women's World Cup,0,-3.261368989920116,-0.20355052495745568,-29.355318,-0.32578674
25467,Tochukwu Oluehi,Goalkeeper,Nigeria Women's,Women's World Cup,0,-4.947641743786292,-0.06421880241991026,-67.78071,-6.4530888
25468,Ngozi Ebere,Left Back,Nigeria Women's,Women's World Cup,1,0.11739056281124635,0.8892447977922149,-3.7859466,7.4193726
25469,Halimatu Ibrahim Ayinde,Right Center Midfield,Nigeria Women's,Women's World Cup,1,0.08464497428936851,0.0849492939817037,-1.6262372,-5.771226
25470,Osinachi Marvis Ohale,Right Back,Nigeria Women's,Women's World Cup,2,-1.5466738742485857,-0.147147046183671,-27.265436,1.9626789
25471,Ngozi Sonia Okobi,Center Attacking Midfield,Nigeria Women's,Women's World Cup,1,1.3158757769003948,-0.7216376553385377,36.30065,-6.796577
25472,Ugochi Desire Oparanozie,Center Forward,Nigeria Women's,Women's World Cup,6,-1.6262137001415395,-3.686582549818581,-20.105206,-38.532547
25718,Chiamaka Cynthia Nnadozie,0,Nigeria Women's,Women's World Cup,0,-4.947914236733979,-0.12910623606336072,-75.976,-25.897455
26156,Rasheedat Busayo Ajibade,0,Nigeria Women's,Women's World Cup,4,0.18891251549344887,-2.9199438735334913,17.323103,-37.240887
10257,Almuth Schult,Goalkeeper,Germany Women's,Women's World Cup,0,-3.541526234262611,1.682760713218618,-82.05329,6.593078
10258,Linda Dallmann,0,Germany Women's,Women's World Cup,1,1.399227393932446,-0.6904861361773504,31.518965,-18.808163
10259,Lina Magull,Right Center Midfield,Germany Women's,Women's World Cup,3,1.5815123548362031,-2.1223423035656586,30.379822,-55.076614
10261,Sara Doorsoun-Khajeh,Left Center Back,Germany Women's,Women's World Cup,7,2.031032296265879,4.12700099208491,13.982382,60.218895
10262,Dzsenifer Marozsan,Right Center Midfield,Germany Women's,Women's World Cup,4,1.2515047857724884,-0.5232479409271773,23.264393,-29.313324
10263,Sara Däbritz,Left Center Midfield,Germany Women's,Women's World Cup,4,1.3370194737498016,-1.6219010310694775,28.171318,-54.08492
10374,Svenja Huth,Left Midfield,Germany Women's,Women's World Cup,1,1.1128117240509825,0.12470549261076534,33.119244,-17.465063
10376,Carolin Simon,Left Back,Germany Women's,Women's World Cup,7,3.004290111645289,3.9304704276518176,33.95814,56.311424
10380,Leonie Maier,0,Germany Women's,Women's World Cup,7,1.5887386037504052,2.7068475671399055,10.792413,50.443615
10399,Kathrin Julia Hendrich,Right Back,Germany Women's,Women's World Cup,7,2.492683488903579,3.3615826855433295,16.105873,55.633266
15178,Alexandra Popp,Center Forward,Germany Women's,Women's World Cup,3,0.8920562386987181,-5.319963973522789,10.052568,-62.956985
15423,Verena Schweers,0,Germany Women's,Women's World Cup,5,4.296161071898471,1.7106843030692958,48.967186,-16.6631
15443,Merle Frohms,0,Germany Women's,Women's World Cup,0,-3.901372756436505,1.405541250765934,-73.70033,8.149649
15648,Melanie Leupolz,Center Defensive Midfield,Germany Women's,Women's World Cup,7,1.7999801229886285,0.6585437184182893,23.360302,43.584476
25476,Lea Schüller,Left Midfield,Germany Women's,Women's World Cup,3,-0.5436376343775067,-4.455981477883691,6.824167,-59.102184
25478,Lena Oberdorf,Center Defensive Midfield,Germany Women's,Women's World Cup,1,2.2910952585451088,0.5953319401726346,42.40556,11.30255
25491,Marina Hegering,Right Center Back,Germany Women's,Women's World Cup,7,0.9696129788358774,2.6912638047914155,8.8183775,52.66477
25492,Giulia Gwinn,Right Midfield,Germany Women's,Women's World Cup,1,1.9762929328175463,0.9144980081205653,28.638866,30.320148
25729,Klara Bühl,0,Germany Women's,Women's World Cup,4,3.4320999878660596,-3.4167552279932463,31.051924,-45.464146
24461,Shuang Wang,Right Midfield,China PR Women's,Women's World Cup,4,1.7364202887458429,-2.37601369092946,29.919199,-50.749664
25480,Haiyan Wu,Right Center Back,China PR Women's,Women's World Cup,1,0.2293238564555869,1.5806170334155756,1.2115345,13.314656
25481,Peng Han,Right Back,China PR Women's,Women's World Cup,1,1.964646250716596,1.4824143799495162,39.68553,20.510344
25482,Jiahui Lou,Right Midfield,China PR Women's,Women's World Cup,1,1.5019503852293195,-0.6670582491035114,24.624228,-6.5866675
25483,Shimeng Peng,Goalkeeper,China PR Women's,Women's World Cup,0,-5.239355942671681,-0.5431182459771817,-72.28823,-26.97054
25484,Yao Wei,Left Center Midfield,China PR Women's,Women's World Cup,2,-2.205022789025888,0.5271322502297716,-19.508827,12.659492
25485,Shanshan Wang,Left Center Forward,China PR Women's,Women's World Cup,2,-1.11307724816881,0.21754638771321402,-35.833286,8.42754
25486,Shanshan Liu,Left Back,China PR Women's,Women's World Cup,2,0.15003058168744712,1.3004463325259565,-4.9976883,18.93783
25487,Yuping Lin,Left Center Back,China PR Women's,Women's World Cup,2,-1.6785087473605653,-0.023835856236068688,-23.616018,21.718395
25488,Yasha Gu,Left Midfield,China PR Women's,Women's World Cup,2,-0.7367802496220116,-0.596382275480981,8.237788,-15.881133
25489,Li Yang,Right Center Forward,China PR Women's,Women's World Cup,6,1.3212090178290055,-4.084780794995956,-12.821557,-56.81907
25490,Rui Zhang,Right Center Midfield,China PR Women's,Women's World Cup,7,1.0560555262975628,0.7786756617345174,9.768453,33.51098
25749,Ying Li,0,China PR Women's,Women's World Cup,6,-0.3859095682763727,-1.7518453343128586,-4.356351,-41.591713
25750,Yan Wang,0,China PR Women's,Women's World Cup,1,0.7231332779742509,0.7163717335542651,19.683807,10.959283
402016,Huan Xu,0,China PR Women's,Women's World Cup,0,-5.752078527558274,-1.3683383076638849,-75.68088,-32.823032
25511,Jermaine Seoposenwe,Left Midfield,South Africa Women's,Women's World Cup,1,1.059356343927905,-1.9852340448393446,15.029348,-22.406124
25512,Busisiwe Ndimeni,Right Midfield,South Africa Women's,Women's World Cup,1,1.2864993628490402,0.3056920300363346,26.410341,-1.8045099
25514,Noko Matlou,Left Center Back,South Africa Women's,Women's World Cup,1,-0.15297565293114662,-0.2229270234068359,2.3132675,-1.0224378
25515,Andile Dlamini,Goalkeeper,South Africa Women's,Women's World Cup,0,-3.917241340400226,1.307941868174769,-82.13,3.8130045
25516,Refiloe Jane,Left Center Midfield,South Africa Women's,Women's World Cup,2,-1.3771373132654072,-0.5270356421765625,2.4260426,-17.054457
25517,Nothando Vilakazi,Left Back,South Africa Women's,Women's World Cup,1,-0.39621549590045013,0.09948010823182983,-10.685567,5.22176
25518,Amanda Mthandi,Left Midfield,South Africa Women's,Women's World Cup,2,-2.8142362596858717,-1.0740710561756317,-28.841993,-21.367575
25519,Ode Fulutudilu,Right Center Forward,South Africa Women's,Women's World Cup,1,0.6257732779428776,-1.919550949259385,13.514688,-22.233114
25520,Lebogang Ramalepe,Right Back,South Africa Women's,Women's World Cup,1,2.229936568161216,0.8909089043991458,44.51304,7.79925
25521,Kholosa Biyana,Right Center Midfield,South Africa Women's,Women's World Cup,1,1.9873423572356403,-0.8845802250204536,32.99158,-7.1749
25745,Sibulele Cecilia Holweni,0,South Africa Women's,Women's World Cup,2,-1.185253167281874,-0.27845438495497826,-35.983868,-8.807951
25746,Kaylin Swart,0,South Africa Women's,Women's World Cup,0,-4.531905526622161,0.35392728759889386,-80.03164,-24.860067
25747,Bambanani Nolufefe Mbane,0,South Africa Women's,Women's World Cup,1,0.6336220218776798,-0.0910073117861488,4.927561,3.2140424
25748,Mamello Makhabane,0,South Africa Women's,Women's World Cup,2,-0.7663647049605692,0.504060169475254,-22.038345,-15.274987
402118,Karabo Dhlamini,0,South Africa Women's,Women's World Cup,2,-2.0677082119429246,-0.06866466054392616,-32.916595,-3.7374132
402119,Bongeka Gamede,0,South Africa Women's,Women's World Cup,1,1.3412951334339633,-0.5915926554758967,30.812658,7.1655936
10142,Sandra Paños García-Villamil,Goalkeeper,Spain Women's,Women's World Cup,0,-4.563547944311584,0.47200754464766204,-69.33377,-2.5193896
10143,Alexia Putellas Segura,Right Center Midfield,Spain Women's,Women's World Cup,4,3.7521070460178003,-0.03252614436562336,41.48134,-38.881065
10148,Marta Torrejón Moya,Right Back,Spain Women's,Women's World Cup,7,1.0624538155984753,1.7286955707230707,14.469437,48.39448
10151,Jennifer Hermoso Fuentes,Center Forward,Spain Women's,Women's World Cup,3,3.8756455651216215,-2.5841512557546573,32.801353,-52.04889
10155,María Pilar León Cebrián,Left Center Back,Spain Women's,Women's World Cup,7,2.390843511586354,4.329501604472732,8.523685,65.9402
10161,María Francesca Caldentey Oliver,Left Wing,Spain Women's,Women's World Cup,7,3.980017528908994,0.294989413020038,41.23524,-40.31324
10163,Leila Ouahabi El Ouahabi,0,Spain Women's,Women's World Cup,7,3.543286850038996,3.8730196224319133,15.544122,61.63004
10165,Irene Paredes Hernandez,Right Center Back,Spain Women's,Women's World Cup,7,1.107861493107363,3.8667398053001065,-0.6220291,69.49406
10200,Marta Corredera Rueda,Left Back,Spain Women's,Women's World Cup,5,4.7817978420568625,1.3977535914302517,47.11491,16.948248
10202,Virginia Torrecilla Reyes,Center Defensive Midfield,Spain Women's,Women's World Cup,1,1.6194473912259393,1.1563587238358874,25.012863,36.42488
15284,Aitana Bonmati Conca,Left Center Midfield,Spain Women's,Women's World Cup,7,3.6081901127436025,0.8290872377314172,27.322966,56.398533
15287,Patricia Guijarro Gutiérrez,0,Spain Women's,Women's World Cup,7,3.3381807240358476,2.0527341503637566,22.766376,59.144478
25510,Nahikari García Pérez,Right Center Midfield,Spain Women's,Women's World Cup,6,-1.6016231602637578,-2.9944498857670876,-19.457954,-38.532974
25513,Lucía García Córdoba,Right Wing,Spain Women's,Women's World Cup,4,-0.2550226390623024,-3.252278319639141,17.105478,-50.394917
49831,Ivana Andrés Sanz,0,Spain Women's,Women's World Cup,7,-0.9768298830531101,2.113889484468274,-6.9584184,70.7255
25537,Elise Kellond-Knight,Left Center Midfield,Australia Women's,Women's World Cup,7,1.6219636753080755,1.1910414421443314,38.401836,50.66992
25539,Lisa De Vanna,Left Midfield,Australia Women's,Women's World Cup,4,0.027905222375978287,-0.34152431629173896,-17.28845,-18.529152
25547,Chloe Logarzo,Left Midfield,Australia Women's,Women's World Cup,2,-0.483108851187408,-0.903295779482967,1.1305556,-22.506199
25549,Tameka Yallop,Left Center Midfield,Australia Women's,Women's World Cup,1,0.386049092375119,-1.2097947709827068,22.006176,-15.233546
25742,Karly Roestbakken,0,Australia Women's,Women's World Cup,7,3.1816000024302067,4.301740582840053,15.297789,59.23731
25744,Emily Gielnik,0,Australia Women's,Women's World Cup,4,3.5077340651699394,-1.3285172043049105,46.02483,-29.177128
42787,Mackenzie Arnold,0,Australia Women's,Women's World Cup,0,-3.6010369013357906,1.5970208048704262,-81.87941,6.1773467
10203,Cristiana Girelli,Center Attacking Midfield,Italy Women's,Women's World Cup,3,0.852344151900645,-4.378891688849988,10.080547,-62.745075
10204,Martina Rosucci,0,Italy Women's,Women's World Cup,1,2.028954259448023,2.4808797174426878,37.0703,24.609993
10206,Daniela Sabatino,Center Forward,Italy Women's,Women's World Cup,6,-0.037778549710510194,-2.999406578274528,6.186382,-46.246986
10208,Elena Linari,Left Center Back,Italy Women's,Women's World Cup,7,0.17236485715786537,2.321630353864454,-10.102015,33.534996
10211,Barbara Bonansea,Left Center Forward,Italy Women's,Women's World Cup,4,0.08282829655002835,-2.977856934443061,10.992214,-36.023243
10213,Alia Guagni,Left Back,Italy Women's,Women's World Cup,1,0.48960887312135987,1.4825428636704772,13.411264,16.678734
10218,Laura Giuliani,Goalkeeper,Italy Women's,Women's World Cup,0,-3.935401478711384,1.4234885801978023,-73.40179,7.767031
10225,Aurora Galli,Right Center Midfield,Italy Women's,Women's World Cup,3,0.4328662370618305,-2.577532385434596,12.435638,-56.25497
10228,Manuela Giugliano,Center Defensive Midfield,Italy Women's,Women's World Cup,1,1.5819192291765658,0.959988132962106,33.572414,12.383069
10359,Ilaria Mauro,Right Center Forward,Italy Women's,Women's World Cup,4,1.2834199205744476,-2.347113289750484,10.960544,-42.57718
10366,Sara Gama,Right Center Back,Italy Women's,Women's World Cup,1,0.3641292449917318,1.424543970972824,9.471754,6.144627
10371,Elisa Bartoli,Right Center Midfield,Italy Women's,Women's World Cup,1,0.6260608374949694,1.5641420483433774,21.771826,13.847324
10398,Valentina Cernoia,Left Center Midfield,Italy Women's,Women's World Cup,1,0.4916968919063968,0.5465959130520608,17.107592,27.16481
25541,Valentina Giacinti,Right Center Midfield,Italy Women's,Women's World Cup,6,0.0890775743134171,-3.439321778927433,7.382084,-45.001972
25544,Valentina Bergamaschi,Right Back,Italy Women's,Women's World Cup,4,1.4596871346547275,-2.0488999930070473,22.416866,-18.818687
25770,Lisa Boattin,0,Italy Women's,Women's World Cup,1,3.167040327971494,1.084372768461964,50.937107,-11.758532
25535,Tiffany Cameron,Left Wing,Jamaica Women's,Women's World Cup,1,2.18649904279284,-0.7819496903203763,42.338264,-0.2372213
25536,Chinyelu Asher,Center Defensive Midfield,Jamaica Women's,Women's World Cup,1,0.329673176767759,-0.5034923290024238,20.945324,-8.695571
25538,Jody Brown,Right Wing,Jamaica Women's,Women's World Cup,4,-0.10443305312136641,-1.5257546477128234,9.061803,-14.583661
25545,Allyson Swaby,Right Center Back,Jamaica Women's,Women's World Cup,1,-1.0168600958976164,0.3014658884009474,28.468245,-1.1463758
25546,Cheyna Matthews,Right Wing,Jamaica Women's,Women's World Cup,6,-1.7991385591335,-2.9693413708990213,-27.286858,-28.589258
25548,Konya Plummer,Left Center Back,Jamaica Women's,Women's World Cup,5,2.9746135333036277,0.3126454814288511,44.193012,7.8794656
25550,Sydney Schneider,Goalkeeper,Jamaica Women's,Women's World Cup,0,-4.48137964815286,0.495031913128955,-78.724,-11.069519
25551,Marlo Carmen Sweatman,Right Center Midfield,Jamaica Women's,Women's World Cup,2,-2.116125327345955,0.6763565299549953,-28.74111,31.556253
25552,Dominique Bond-Flasza,Right Back,Jamaica Women's,Women's World Cup,1,-0.11594762326838563,0.9690873842810469,23.197332,5.8992033
25553,Trudi Sudan Carter,Left Wing,Jamaica Women's,Women's World Cup,4,-0.005874251879280321,-2.3684651946691444,20.41786,-27.438065
25554,Khadija Monifa Shaw,Center Forward,Jamaica Women's,Women's World Cup,4,1.9132543106936784,-4.094018215562607,12.803077,-42.074387
25557,Deneisha Selena Blackwood,Left Back,Jamaica Women's,Women's World Cup,1,1.4983287245350825,0.5731682725215235,44.451614,6.148181
25558,Chantelle Swaby,Left Center Midfield,Jamaica Women's,Women's World Cup,1,-0.10761461651119981,0.10973224552602216,1.9563448,2.4957142
25771,Sashana Campbell,0,Jamaica Women's,Women's World Cup,1,1.3694391706042652,0.00752186855160347,35.941772,-6.144449
25772,Mireya Grey,0,Jamaica Women's,Women's World Cup,4,2.453291369130627,-1.822304769403981,53.890644,-7.1549206
25851,Nicole McClure,0,Jamaica Women's,Women's World Cup,0,-5.695846132974715,-1.459013396620587,-76.23369,-33.192684
25852,Toriana Jade Patterson,0,Jamaica Women's,Women's World Cup,1,0.009441694779803732,-0.22792793795255945,25.595072,-5.0192666
15291,Miraildes Maciel Mota,Right Center Midfield,Brazil Women's,Women's World Cup,1,1.2547709196886994,1.5091406532710672,26.079567,20.237085
15293,Cristiane Rozeira de Souza Silva,Left Center Forward,Brazil Women's,Women's World Cup,3,-0.05221320059295087,-5.695621966997194,9.267309,-62.45937
24368,Andressa Alves da Silva,Right Midfield,Brazil Women's,Women's World Cup,4,2.077214809610017,-2.4466464965366255,46.458965,-29.459724
25542,Ludmila da Silva,Left Center Forward,Brazil Women's,Women's World Cup,4,0.6983423665623418,-1.575066908222572,16.024538,-13.240871
25543,Geyse da Silva Ferreira,Right Center Forward,Brazil Women's,Women's World Cup,4,3.3268151704741933,-5.041708474758683,31.851799,-44.28788
25555,Bárbara Micheline do Monte Barbosa,Goalkeeper,Brazil Women's,Women's World Cup,0,-3.6673700467555688,1.871944238444115,-72.20014,10.937718
25556,Kathellen Sousa Feitoza,Right Center Back,Brazil Women's,Women's World Cup,7,0.02236113129889929,1.5948824036231486,-11.842179,31.313004
25559,Tamires Cássia Dias de Britto,Left Back,Brazil Women's,Women's World Cup,7,1.7403019698612263,2.7122118746266186,27.27415,46.921173
25560,Letícia Santos de Oliveira,Right Back,Brazil Women's,Women's World Cup,1,0.15560790901689286,0.61927137030165,11.211134,-2.7834036
25561,Beatriz Zaneratto João,Right Center Forward,Brazil Women's,Women's World Cup,3,2.9885852787448903,-5.1387965007637515,20.513689,-63.4237
25743,Luana Bertolucci Paixão,0,Brazil Women's,Women's World Cup,7,2.0072266502700833,0.617151760070001,27.160969,30.676394
131581,Letícia Izidoro Lima da Silva,0,Brazil Women's,Women's World Cup,0,-4.548790038055269,0.646293701255102,-64.982735,5.745433
10178,Lucy Bronze,Right Back,England Women's,Women's World Cup,7,2.5867383418337795,2.315198816334675,26.373499,52.87517
10252,Alex Greenwood,Left Back,England Women's,Women's World Cup,7,3.277853219082697,4.25741906010846,9.062738,67.17663
31538,Mary Alexandra Earps,0,England Women's,Women's World Cup,0,-3.421760961597984,1.2778742075527467,-40.85159,35.458054
10169,Leanne Crichton,0,Scotland Women's,Women's World Cup,4,3.2290282581989054,0.13047563045310967,50.19584,-6.083624
10194,Hayley Lauder,0,Scotland Women's,Women's World Cup,5,3.753531091129966,2.785179626128388,59.22829,-5.473047
10196,Kirsty Smith,Left Back,Scotland Women's,Women's World Cup,2,0.1453542859519826,1.4602048863575356,8.2149515,30.122274
25568,Elizabeth Arnott,Right Center Midfield,Scotland Women's,Women's World Cup,2,-2.087533046549111,-1.3541886367151554,-37.08624,-29.001724
25569,Nicola Docherty,Left Back,Scotland Women's,Women's World Cup,2,-2.134188834032618,0.23213432933531256,-30.217852,31.947573
25570,Lee Alexander,Goalkeeper,Scotland Women's,Women's World Cup,0,-4.3034146102858015,0.8665148387818189,-77.22286,-0.76667136
25605,Gaelle Enganamouit,Center Forward,Cameroon Women's,Women's World Cup,6,-0.8201443586802422,-3.0401775664364266,-17.525694,-47.54032
25614,Marie Aurelle Awona,Right Center Back,Cameroon Women's,Women's World Cup,5,1.886455877175898,-0.057323729591835855,48.097996,6.585373
25616,Gabrielle Onguene,Left Center Midfield,Cameroon Women's,Women's World Cup,4,1.2925067535088839,-4.7305578807081226,19.907173,-40.590343
25618,Christine Manie,Center Back,Cameroon Women's,Women's World Cup,2,-1.4944593340357637,-0.7834163586863478,-11.0437565,0.1882504
25620,Annette Ngo,Goalkeeper,Cameroon Women's,Women's World Cup,0,-5.1836482797255705,-0.5144124847932453,-72.09497,-26.729548
25623,Yvonne Patrice Leuko,Left Wing Back,Cameroon Women's,Women's World Cup,5,2.6262910474336314,0.014392354384129441,46.314438,7.5656657
25626,Raissa Feudjio Tchuanyo,Center Attacking Midfield,Cameroon Women's,Women's World Cup,1,2.6809653651597327,0.1926524459639934,35.290977,9.016584
25628,Ajara Nchout,Right Center Midfield,Cameroon Women's,Women's World Cup,4,1.9259303283732205,-4.267164386399573,40.46594,-50.40547
25630,Claudine Falonne Meffometou Tcheno,Right Wing Back,Cameroon Women's,Women's World Cup,5,1.5804420503736663,0.05072818008820849,45.382523,5.1850967
25631,Jeannette Yango,Center Defensive Midfield,Cameroon Women's,Women's World Cup,1,2.5239796177917784,-0.21463445506930356,32.42523,8.812353
26097,Augustine Sylvia Ejangue Siliki,0,Cameroon Women's,Women's World Cup,0,-3.3953289554454087,0.9433403098408527,-56.815857,9.000764
15180,Sophie Schmidt,Left Center Midfield,Canada Women's,Women's World Cup,7,2.661933630961696,2.026216773624494,25.438465,49.64722
15290,Ashley Elizabeth Marie Lawrence,Right Back,Canada Women's,Women's World Cup,7,2.4086260249345317,1.1531651989312104,41.523983,-27.893114
15357,Kadeisha Buchanan,Right Center Back,Canada Women's,Women's World Cup,7,0.29316390549856086,2.3473479650299036,-0.73968583,54.288242
25601,Deanne Cynthia Rose,Right Midfield,Canada Women's,Women's World Cup,6,-1.9817882240472928,-3.142243996447116,-22.135857,-30.870443
25609,Stephanie Lynn Marie Labbé,Goalkeeper,Canada Women's,Women's World Cup,0,-4.209377712318774,0.9061366236407306,-78.0756,-0.3347183
25612,Jessie Alexandra Fleming,Left Center Forward,Canada Women's,Women's World Cup,7,1.9723123794532837,1.1578867439271519,28.420597,35.938305
25785,Jayde Yuk Fun Riviere,0,Canada Women's,Women's World Cup,7,2.245904923719327,2.4189730322832648,29.511036,48.77843
26091,Jordyn Pamela Huitema,0,Canada Women's,Women's World Cup,4,1.5824029148783318,-2.6128617522217543,24.223066,-22.114565
131645,Julia Angela Grosso,0,Canada Women's,Women's World Cup,2,-0.2902536236862299,1.509050710577102,-5.158238,46.654716
25602,Mariana Valeria Larroquette,Right Midfield,Argentina Women's,Women's World Cup,6,0.7975622085436416,-2.9300822212447737,16.751564,-21.614828
25606,Vanesa Santana,Right Center Midfield,Argentina Women's,Women's World Cup,0,-3.755124253307459,-0.82839954249539,-43.925804,-21.312569
25611,Vanina Noemí Correa,Goalkeeper,Argentina Women's,Women's World Cup,0,-4.8936112486957,0.09181861934227403,-68.33462,-7.088295
25615,Flavia Lorena Benítez,Center Defensive Midfield,Argentina Women's,Women's World Cup,2,-0.17387812194001706,0.652131901400221,-14.884526,8.689638
25617,Miriam Anahí Mayorga,Left Center Midfield,Argentina Women's,Women's World Cup,1,-0.5405151676187944,0.6847125489210442,23.834787,-1.999962
25625,Linda Ruth Bravo,Right Center Midfield,Argentina Women's,Women's World Cup,1,0.8158634879021784,0.5823319543358381,8.041401,3.338203
25629,Agustina Barroso Basualdo,Right Center Back,Argentina Women's,Women's World Cup,2,-2.4763158200254614,0.26252025822213154,-31.802723,0.8421502
25633,Eliana Noemí Stábile,Left Back,Argentina Women's,Women's World Cup,2,-0.17113936954413148,1.4665999517048351,9.153858,20.162237
25634,Aldana Cometti,Left Center Back,Argentina Women's,Women's World Cup,1,0.46490714390308174,0.7104993400228932,5.1881995,3.6856103
25639,Virginia Gómez,Right Back,Argentina Women's,Women's World Cup,5,1.4925195010980237,0.7131024493710552,56.82293,11.181292
25640,María Florencia Bonsegundo,Right Midfield,Argentina Women's,Women's World Cup,4,1.6696248819708,-2.2649107004920093,19.860071,-36.349564
25641,Florencia Soledad Jaimes,Center Forward,Argentina Women's,Women's World Cup,6,-0.6913630335037898,-2.498463915927918,-16.64618,-47.48909
25768,Adriana María Sachs,0,Argentina Women's,Women's World Cup,1,-0.2928582472035432,-0.32837326934207406,4.1900473,0.29793933
15257,Saki Kumagai,Right Center Back,Japan Women's,Women's World Cup,7,-0.6917281649968153,3.058966985926012,-18.483093,56.986423
25608,Jun Endo,Left Midfield,Japan Women's,Women's World Cup,4,2.8292415520470215,0.6262908028768476,47.616573,-32.212368
25610,Mana Iwabuchi,Left Center Forward,Japan Women's,Women's World Cup,4,1.7334251869880506,-1.760369495990235,21.586569,-36.681633
25613,Narumi Miura,Left Center Midfield,Japan Women's,Women's World Cup,5,3.576482201171924,2.5436906116591933,48.687588,19.844608
25619,Kumi Yokoyama,Left Center Forward,Japan Women's,Women's World Cup,4,-0.2899405578990409,-2.9965133908962125,-13.287244,-32.753662
25621,Emi Nakajima,Right Midfield,Japan Women's,Women's World Cup,4,0.8551202208546257,-0.1637575972785736,28.660093,-22.862743
25624,Risa Shimizu,Right Back,Japan Women's,Women's World Cup,7,0.19404538090649334,2.142407201706492,8.205247,50.643955
25627,Ayaka Yamashita,Goalkeeper,Japan Women's,Women's World Cup,0,-4.340183869880563,0.8459160084659245,-67.13211,4.6852546
25632,Yui Hasegawa,Left Midfield,Japan Women's,Women's World Cup,7,4.617255837896114,1.1382084011448839,46.16282,34.701454
25635,Hina Sugita,Right Center Midfield,Japan Women's,Women's World Cup,7,4.4839328268631595,1.3836880221143224,41.30781,39.610302
25636,Aya Sameshima,Left Back,Japan Women's,Women's World Cup,7,0.9669687216402312,1.9785953909783864,-8.036191,53.590878
25637,Yuika Sugasawa,Right Center Forward,Japan Women's,Women's World Cup,3,-0.9839133364471776,-3.7033157741298606,3.3183446,-54.33376
25638,Moeka Minami,Left Center Back,Japan Women's,Women's World Cup,7,-0.3132592480676307,4.35662900907404,-3.6547606,67.45277
25766,Nana Ichise,0,Japan Women's,Women's World Cup,7,1.746841993437389,3.653739181857732,17.910213,66.79288
131814,Shiori Miyake,0,Japan Women's,Women's World Cup,7,-1.249630820898506,3.444150115627059,-7.096458,67.27869
25658,Hannah Wilkinson,Center Attacking Midfield,New Zealand Women's,Women's World Cup,6,-1.9916197110242047,-4.277979680550098,-10.417675,-50.651432
25660,Annalie Longo,Right Midfield,New Zealand Women's,Women's World Cup,2,-1.7361776656339432,-0.05572703602693577,-21.187078,-8.31192
25661,Erin Nayler,Goalkeeper,New Zealand Women's,Women's World Cup,0,-4.656083567445465,0.31203843100266004,-79.872826,-22.641035
25662,Catherine Joan Bott,Right Back,New Zealand Women's,Women's World Cup,5,3.549195967417966,1.5380104929959553,46.900345,16.814255
25663,Elizabeth Doon Hassett,Right Midfield,New Zealand Women's,Women's World Cup,1,1.2785903867056012,-0.6548333811235737,33.819645,-9.273334
25664,Sarah Gregorius,Center Forward,New Zealand Women's,Women's World Cup,6,-0.5535621854553515,-3.20460881917609,-13.683466,-53.10863
25784,Anna Green,0,New Zealand Women's,Women's World Cup,2,-1.8201646269170604,0.37727565454798645,-39.262726,-12.682949
214481,Victoria Esson,0,New Zealand Women's,Women's World Cup,0,-4.226649703524416,0.6103689212586357,-67.44496,3.201416
10645,Sherida Spitse,Left Center Midfield,Netherlands Women's,Women's World Cup,7,2.0788061635861292,2.4531364721452142,34.080902,55.050278
10647,Stephanie van der Gragt,Right Center Back,Netherlands Women's,Women's World Cup,7,-0.0034518689427084364,2.0020570357166516,0.26843715,57.03255
10648,Shanice van de Sanden,Right Wing,Netherlands Women's,Women's World Cup,4,-1.4763828359792155,-1.4710016622328381,-10.393271,-26.0153
10649,Lieke Martens,Left Wing,Netherlands Women's,Women's World Cup,4,2.530122457178279,-1.8736015138983475,30.693802,-41.385094
10650,Jill Roord,Right Center Midfield,Netherlands Women's,Women's World Cup,4,2.320150540069077,-1.2456887961549947,30.707504,-54.592358
10651,Kika van Es,Left Back,Netherlands Women's,Women's World Cup,7,-0.21900383936363016,2.3756343348007474,0.5569053,37.916676
10654,Jackie Groenen,Right Center Midfield,Netherlands Women's,Women's World Cup,1,2.644109962114471,0.8189697054255504,39.39759,16.57185
10656,Lineth Beerensteyn,Right Wing,Netherlands Women's,Women's World Cup,6,-0.9320353916268853,-3.696560013110363,3.0137992,-51.30211
10657,Desiree van Lunteren,Right Back,Netherlands Women's,Women's World Cup,7,1.8243460455861054,3.1655539100333456,27.227625,47.03952
25659,Merel van Dongen,Left Back,Netherlands Women's,Women's World Cup,7,2.534932068858437,3.3534056833725083,33.798367,43.84033
63788,Victoria Pelova,0,Netherlands Women's,Women's World Cup,4,2.7241947199780387,-0.20423825160625336,45.985653,-22.145746
25816,Tierna Lillis Davidson,0,United States Women's,Women's World Cup,7,5.450363363893143,4.112221642255116,50.56983,-20.879967
25669,Taneekarn Dangda,Left Wing,Thailand Women's,Women's World Cup,6,0.07812333433232803,-2.9321660375647602,-4.1619606,-25.622438
25670,Pikul Khueanpet,Right Center Midfield,Thailand Women's,Women's World Cup,2,-1.7455929776415047,-0.14511675017762904,-14.76429,-2.965256
25671,Kanjanaporn Saengkoon,Left Center Back,Thailand Women's,Women's World Cup,1,-1.3124661210917135,-0.8623191484952974,19.52356,-1.0835795
25672,Kanjana Sungngoen,Right Wing,Thailand Women's,Women's World Cup,5,3.5340193111538545,-0.933222990034196,54.40258,5.1758566
25673,Suchawadee Nildhamrong,Center Forward,Thailand Women's,Women's World Cup,2,-0.5167851206076814,-0.2890533238242872,-7.0487556,-4.0561485
25674,Sukanya Chor Charoenying,Goalkeeper,Thailand Women's,Women's World Cup,0,-5.421898342404705,-0.9660834220228405,-76.37322,-32.89597
25675,Sunisa Srangthaisong,Left Back,Thailand Women's,Women's World Cup,1,2.2337558575381173,0.8567032977210463,40.444374,8.950943
25676,Silawan Intamee,Center Attacking Midfield,Thailand Women's,Women's World Cup,1,-1.0675678940046942,-1.2010447663670234,6.0057344,-16.33861
25678,Rattikan Thongsombut,Left Wing,Thailand Women's,Women's World Cup,6,-2.3434420754047043,-2.6005606671301567,-42.502796,-14.525084
25679,Ainon Phancha,Left Center Midfield,Thailand Women's,Women's World Cup,1,-1.0323338521300212,-0.5358248471244993,3.3021412,-0.56424695
25680,Natthakarn Chinwong,Right Center Back,Thailand Women's,Women's World Cup,2,-2.7460700847332147,-1.229582873939086,-42.550743,-13.233426
25681,Warunee Phetwiset,Right Back,Thailand Women's,Women's World Cup,2,-1.412018389550349,-0.09648217197732815,-35.691364,-8.601361
25812,Pitsamai Sornsai,0,Thailand Women's,Women's World Cup,2,-1.4405108080607067,0.10497595329965582,-4.0601053,0.7730784
25813,Waraporn Boonsing,0,Thailand Women's,Women's World Cup,0,-4.478434459370897,0.6235231159963456,-82.333565,-18.322918
10205,Olivia Alma Charlotta Schough,0,Sweden Women's,Women's World Cup,1,1.692534813060648,-1.4239158443287498,21.991577,-13.172217
10215,Fridolina Rolfö,Left Wing,Sweden Women's,Women's World Cup,5,3.8372273739127403,-2.3352923764773004,50.820244,-30.554464
10220,Kosovare Asllani,Center Attacking Midfield,Sweden Women's,Women's World Cup,4,2.4682874258749674,-2.412035804483465,30.56481,-37.062916
10221,Elin Ingrid Johanna Rubensson,Right Defensive Midfield,Sweden Women's,Women's World Cup,1,2.3567090934745436,-0.042880290993870834,36.243073,10.89689
10224,Sara Caroline Seger,Left Defensive Midfield,Sweden Women's,Women's World Cup,7,1.2022626151693823,2.335165475138563,-1.0759815,43.605755
10229,Emma Stina Blackstenius,Center Forward,Sweden Women's,Women's World Cup,3,-0.5173820975383508,-4.671951657587511,7.1376014,-57.31275
10230,Linda Brigitta Sembrant,Left Center Back,Sweden Women's,Women's World Cup,2,-0.8634507325193254,1.172805017397507,-13.82093,36.863247
10375,Nilla Fischer,Right Center Back,Sweden Women's,Women's World Cup,7,0.11874729012662387,2.3305080588495386,2.550631,55.509563
13881,Eva Sofia Jakobsson,Right Wing,Sweden Women's,Women's World Cup,4,1.1844204060401613,-3.987202488641571,17.410341,-38.688572
24693,Hanna Erica Maria Glas,Right Back,Sweden Women's,Women's World Cup,1,2.338036151196245,1.8132634599636615,38.39081,18.872484
25696,Madelen Fatimma Maria Janogy,Right Defensive Midfield,Sweden Women's,Women's World Cup,4,2.649168143181316,-4.29349968963951,18.808487,-41.48821
25697,Lina Mona Andréa Hurtig,Left Wing,Sweden Women's,Women's World Cup,3,2.3672768455548456,-2.976432706049516,13.106043,-59.027477
25698,Anna Anvegård,Center Forward,Sweden Women's,Women's World Cup,4,0.7330188418804934,-3.475522708218473,24.541298,-43.34771
26092,Amanda Ilestedt,0,Sweden Women's,Women's World Cup,7,-0.36851390156215763,1.1410267962365688,-36.73891,18.70869
26093,Gun Nathalie Björn,0,Sweden Women's,Women's World Cup,7,0.6198601723589449,1.682946701658735,6.2984586,44.62436
26094,Julia Zigiotti-Olme,0,Sweden Women's,Women's World Cup,6,0.7027997814224024,-1.686092172383824,-2.9489498,-35.942783
62667,Jennifer Miley Falk,0,Sweden Women's,Women's World Cup,0,-4.431099874424232,0.03139212566685043,-75.412796,-8.235242
62713,Zecira Musovic,0,Sweden Women's,Women's World Cup,0,-4.796497178614544,0.11159429913757854,-72.94562,-14.330804
24462,Claudia Christiane Endler Mutinelli,Goalkeeper,Chile Women's,Women's World Cup,0,-3.908817726958966,0.3715042894527994,-42.090816,41.33701
25684,Rocio Andrea Soto Collao,Right Center Midfield,Chile Women's,Women's World Cup,2,-1.6721791461271909,1.9798614276805888,-43.829712,17.0223
25685,Yesenia López,Center Forward,Chile Women's,Women's World Cup,7,2.857417927210529,1.6545702908470479,30.334814,53.601818
25687,Camila Alejandra Saez Oyaneder,Left Center Back,Chile Women's,Women's World Cup,1,1.167690122319978,1.1566087775798508,11.4644165,9.671909
25688,Javiera Toro,Left Back,Chile Women's,Women's World Cup,1,-0.17924595354966866,0.298837632179337,20.431581,-1.3603076
25689,Rosario Balmaceda,Left Wing,Chile Women's,Women's World Cup,1,1.2092257847946994,-0.6526579235595132,27.10132,-10.730821
25690,Francisca Alejandra Lara Lara,Left Center Midfield,Chile Women's,Women's World Cup,2,-0.6731033981003579,-0.9090883059353433,-28.005125,-2.8925679
25691,Su Helen Ignacia Galaz Espinoza,Right Back,Chile Women's,Women's World Cup,1,0.6713060136793572,0.30099707488631855,20.56587,-6.0139575
25692,Carla Valentina Guerrero Puelle,Right Center Back,Chile Women's,Women's World Cup,2,-2.9550516576864116,0.6232470705540407,-49.597443,-2.6226552
25693,Karen Araya,Center Defensive Midfield,Chile Women's,Women's World Cup,4,2.326851056923406,-0.43554328975727263,36.070404,-13.45749
25694,María José Urrutia,Center Forward,Chile Women's,Women's World Cup,6,-0.5072320850875364,-3.4593910449852427,15.816789,-50.333065
25695,Daniela Paz Zamora Mancilla,Right Wing,Chile Women's,Women's World Cup,6,0.35665907946603176,-1.794681524585736,5.7644024,-38.668224
10652,Anouk Dekker,Right Center Back,Netherlands Women's,Women's World Cup,2,-0.16273806278673042,0.9784659169450018,0.75347406,-25.242416
35693,Mary Boio Fowler,0,Australia Women's,Women's World Cup,3,0.9081287847339734,-4.009742018016229,20.260885,-52.43423
17797,Giovanni van Bronckhorst,Left Back,Barcelona,La Liga,7,0.366377253758394,1.6305850817698426,5.739693,35.152195
19757,Anderson Luís de Souza,Left Center Midfield,Barcelona,La Liga,7,4.055793254199141,1.3821457922694993,28.282957,60.260082
25863,Juliano Haus Belletti,Right Back,Barcelona,La Liga,7,1.0084138188769622,1.8524551151577349,12.897135,48.28693
25873,Oleguer Presas Renom,Right Center Back,Barcelona,La Liga,7,0.45234163521767706,2.446710049358523,6.9894876,49.44213
25878,Ludovic Giuly,Right Wing,Barcelona,La Liga,3,-0.22837458452086026,-2.9434637126913485,22.348581,-53.006294
25879,Ronaldo de Assis Moreira,Left Wing,Barcelona,La Liga,3,3.064071384960054,-3.7424280082558714,37.64839,-50.37822
25853,Ludovic Delporte,Left Wing,Osasuna,La Liga,2,-2.6485250867130032,-0.9576050745848819,-27.429829,-32.022446
25856,John Aloisi,Center Forward,Osasuna,La Liga,4,-1.475741295859206,-2.5069165944853493,-19.17173,-24.37231
25858,Ricardo Sanzol Goñi,Goalkeeper,Osasuna,La Liga,0,-4.252575948392907,0.9441908199448891,-84.909164,-2.9436033
25860,Enrique Corrales Martín,Left Back,Osasuna,La Liga,2,-0.22846029465563106,0.768739196041418,-6.282696,1.4130857
25861,Iñaki Muñoz Oroz,Left Defensive Midfield,Osasuna,La Liga,2,-0.6984969122271614,0.5440154220665675,-3.6481984,17.78242
25864,Mohamed El Yaagoubi,Left Wing,Osasuna,La Liga,2,-1.8967941259738939,-1.4939285953565857,-25.04257,-22.630058
25865,José Romero Urtasun,Left Center Back,Osasuna,La Liga,1,-1.2712093831623643,0.007152923016418663,-3.8666015,0.8725523
25867,César Cruchaga Lasa,Right Center Back,Osasuna,La Liga,2,-2.6298158623139125,0.626515508920037,-29.18478,24.184885
25869,David López Moreno,Right Wing,Osasuna,La Liga,1,1.0009178204784257,-0.2105828171270518,32.825405,-9.0085
25871,José Izquierdo Martínez,Right Back,Osasuna,La Liga,5,3.4028914390361087,0.5651922353944924,47.920673,8.735231
25872,Valmiro Lópes Rocha,Center Attacking Midfield,Osasuna,La Liga,6,-0.08652696664204466,-1.9455365775760047,5.7288527,-37.253014
25874,Francisco Puñal Martínez,Right Defensive Midfield,Osasuna,La Liga,2,-0.7884959088994891,0.8956195586325276,-6.5399404,6.698396
25876,Pierre Achille Webó Kouamo,Center Forward,Osasuna,La Liga,6,0.05918587971172828,-3.2520759173294156,-4.59156,-52.647873
25854,Sylvio Mendes Campos Junior,Left Back,Barcelona,La Liga,7,1.6351292568677125,2.7758000016565756,28.147224,49.868767
25859,Sérgio Paulo Barbosa Valente,Left Wing,Málaga,La Liga,4,1.4205541336689045,-0.7464596932955189,35.052864,-27.23996
25862,Carlos Manuel de Oliveira Magalhães,Right Center Back,Málaga,La Liga,0,-4.865629843255164,-0.0999777539228938,-56.070435,-7.066813
25866,Raúl Iznata Zabala,Left Back,Málaga,La Liga,0,-4.348746386488986,0.11247291948014984,-74.995476,-14.664405
25868,Fernando Sanz Durán,Left Center Back,Málaga,La Liga,0,-4.06459547611773,-0.01779973291422775,-52.646935,-5.363143
25870,Juan Jesús Calatayud Sánchez,Goalkeeper,Málaga,La Liga,0,-4.973938022099099,-0.11081050675355562,-76.41325,-27.80769
25875,Miguel Ángel Lozano Ayala,Left Center Midfield,Málaga,La Liga,1,-0.2991939429455332,1.203604196388215,25.156013,5.1732945
25877,Márcio Amoroso dos Santos,Center Forward,Málaga,La Liga,6,-2.4202189428097998,-0.98270957241978,-24.248217,-36.056797
25881,Juan Antonio Rodríguez Villamuela,Center Attacking Midfield,Málaga,La Liga,2,-0.006404725284523451,0.4638517357885306,0.9226062,16.808514
25882,Edgar Patricio De Carvalho Pacheco,Left Wing,Málaga,La Liga,0,-3.653038465445136,-2.2880121115178227,-45.467014,44.594307
25883,Juan Jesús Gutiérrez Robles,Right Center Midfield,Málaga,La Liga,1,-0.818395566777373,0.3366655842982806,23.494448,-1.9592851
25896,Damià Abella Pérez,Right Back,Barcelona,La Liga,1,0.00939626839550644,-0.345656434549174,4.951661,-5.5574794
20321,Fabio Celestini,Right Defensive Midfield,Levante UD,La Liga,7,2.151026428268035,2.139722120344036,33.19679,26.877092
25885,Juan Manuel Gómez Sánchez,Right Wing,Levante UD,La Liga,1,2.219465535492093,-1.0692315944035495,37.745426,-10.51681
25886,Diego Camacho Quesada,Center Attacking Midfield,Levante UD,La Liga,1,-0.129429546385827,0.831620468850028,16.966463,4.728951
25887,José Alejandro Suárez Martín,Left Center Back,Levante UD,La Liga,0,-3.245552954807846,-0.8030839280709949,-46.4626,42.222065
25888,Jose Antonio Culebras Arenas,Right Center Back,Levante UD,La Liga,0,-3.7957136711961277,-0.3925940693074071,-50.68999,-7.9809175
25889,Pablo Pinillos Caro,Right Back,Levante UD,La Liga,2,-1.5291944202262782,0.7603198866486904,-7.6428795,-1.2336547
25890,Jofre González Mateu,Left Wing,Levante UD,La Liga,1,0.6550395408036817,-2.6739608170553373,12.417826,-57.835793
25891,Juan Luis Mora Palacios,Goalkeeper,Levante UD,La Liga,0,-4.726580842052864,0.31628502062862063,-72.61672,-9.23118
25892,Ignacio Pérez Santamaría,Center Attacking Midfield,Levante UD,La Liga,1,0.1347642539641548,0.43450051493447983,-0.12148823,-6.7857037
25893,Alberto Rivera Pizarro,Left Defensive Midfield,Levante UD,La Liga,1,1.3497146663597532,0.41106991114839353,29.182652,13.74072
25894,Iñaki Descarga Retegi,Left Back,Levante UD,La Liga,2,-1.3567523044522223,0.5046486958214899,-40.128323,-6.957627
25895,Felix Dja Ettien Yohou,Right Wing,Levante UD,La Liga,2,-2.0742565117865426,-0.8641275160679042,-6.5991383,-19.642754
4325,Thiago Motta,Center Defensive Midfield,Barcelona,La Liga,7,4.611302114480834,5.670854018809072,9.506911,70.10888
24631,Agustín García Iñiguez,Left Center Back,Albacete,La Liga,0,-3.7752422247890367,0.06351192039426105,-52.411613,-5.5569115
25899,Gaspar Gálvez Burgos,Right Center Back,Albacete,La Liga,2,-1.8825099225991495,0.1412165945690003,-15.265611,-2.9235773
25900,Francisco Peña Romero,Left Midfield,Albacete,La Liga,1,1.8660765829496868,0.7394060196583774,39.064087,5.821352
25901,Raúl Valbuena Cano,Goalkeeper,Albacete,La Liga,0,-5.079593090559658,-0.3366276901115735,-75.62339,-28.92153
25902,Carles Domingo Pladevall,Left Back,Albacete,La Liga,0,-3.8480193712450252,-0.4614557054477893,-48.212307,-9.64338
25903,Laurent Viaud,Center Midfield,Albacete,La Liga,2,-2.7879740782204196,-0.1303322942333274,-18.361216,-7.778936
25904,"Antonio Pacheco D""Agosti",Right Center Midfield,Albacete,La Liga,4,1.4168243908273157,-2.2930324356448444,26.128222,-31.373354
25905,Santiago Denia Sánchez,Right Back,Albacete,La Liga,2,-1.2983644770027059,0.9043277403804836,-25.216734,27.052238
25906,Jaime Sánchez Fernández,Left Center Midfield,Albacete,La Liga,1,1.0334077057285675,-0.11617288786812643,35.68827,-6.6326337
25908,Mark Dennis González Hoffmann,Center Forward,Albacete,La Liga,6,-0.7483713077080953,-2.600918387367292,1.2109808,-45.41963
15743,Henrik Larsson,Left Center Forward,Barcelona,La Liga,3,1.6804296425482121,-7.312803903265627,0.22080235,-64.7028
24520,Alberto Zapater Arjol,Left Center Midfield,Real Zaragoza,La Liga,1,0.9491219555083025,0.9182267564030803,26.422747,19.461218
25909,Albert Celades López,Right Center Midfield,Real Zaragoza,La Liga,7,0.9873450882458542,1.6930287953217913,18.12301,28.290905
25911,Óscar Javier González Marcos,Right Wing,Real Zaragoza,La Liga,1,-0.5225695617092313,-0.1471778006083765,12.987347,-11.333797
25913,Álvaro Luiz Maior de Aquino,Right Center Back,Real Zaragoza,La Liga,2,-1.6352775240490978,0.12494656868172507,-4.391452,0.96903175
25915,Sávio Bortolini Pimentel,Left Wing,Real Zaragoza,La Liga,4,1.059306768999823,-1.147198797660741,16.427507,-14.96731
25916,Ewerthon Henrique de Souza,Right Wing,Real Zaragoza,La Liga,6,-0.5238680365042853,-3.2742757721311553,-5.7569,-55.033993
25917,César Sánchez Domínguez,Goalkeeper,Real Zaragoza,La Liga,0,-4.640337291585968,0.30758915489269084,-78.057175,-15.77793
25918,Delio Cesar Toledo,Left Back,Real Zaragoza,La Liga,1,0.6741325989275629,0.6444963803539779,5.8286247,0.7502191
25919,Gabriel Alejandro Milito,Left Center Back,Real Zaragoza,La Liga,7,1.0496074704147211,3.2676078219968643,4.436486,60.30194
25920,Jose María Movilla Cubero,Right Center Midfield,Real Zaragoza,La Liga,7,0.5925465284760785,1.934732797043541,3.4750202,31.985996
25921,Rubén Gracia Calmache,Center Attacking Midfield,Real Zaragoza,La Liga,1,2.2608646989426013,-0.12963802008148978,38.652912,-11.794329
25922,Leonardo Daniel Ponzio,Right Back,Real Zaragoza,La Liga,2,-0.891272453702908,1.2230370074473262,-21.890385,-0.30400375
25910,José Edmílson Gomes de Moraes,Center Defensive Midfield,Barcelona,La Liga,7,1.3064056350191406,1.9393841625612798,20.326029,34.846325
25912,Ricardo López Felipe,Goalkeeper,Osasuna,La Liga,0,-4.679293706767068,0.32203118364821803,-78.97261,-17.379541
25914,Rafael Clavero Prados,Left Back,Osasuna,La Liga,1,-0.3951834619619216,0.2618766610968215,20.526651,-1.283034
15074,Zinédine Zidane,Center Attacking Midfield,Real Madrid,La Liga,7,2.0359214854945664,1.712346726686542,26.539904,34.488827
15584,Iván Helguera Bujía,Left Center Back,Real Madrid,La Liga,2,-2.6991675496276275,0.23342978706368833,-31.66623,1.2393483
15601,Miguel Ángel Salgado Fernández,Right Back,Real Madrid,La Liga,2,-0.6698989562542189,0.3710207177031313,-19.773384,3.8723814
15607,Raúl González Blanco,Right Wing,Real Madrid,La Liga,1,1.4568945003574523,-1.9739932818247494,24.58241,-16.267117
15661,David Beckham,Left Defensive Midfield,Real Madrid,La Liga,7,0.1837883455350299,2.1772600529262993,-7.0614557,51.688156
25923,Júlio César Clement Baptista,Left Wing,Real Madrid,La Liga,2,-1.4172507547842532,-1.1153042036221796,-21.615011,-23.727407
25924,José Maria Gutiérrez Hernández,Left Defensive Midfield,Real Madrid,La Liga,7,1.8805747346851118,1.701376564634366,31.498646,53.574963
25926,Roberto Carlos da Silva,Left Back,Real Madrid,La Liga,2,-1.3151732169672083,1.320102363393262,-21.475267,31.801086
25928,Ronaldo Luíz Nazário de Lima,Center Forward,Real Madrid,La Liga,6,-2.8680959469309104,-2.367189539608362,-21.986778,-29.918863
25930,Róbson de Souza,Left Wing,Real Madrid,La Liga,5,4.825026242026377,-0.7364111954169588,49.10553,-8.728806
25925,Gabriel Francisco García de la Torre,Center Forward,Barcelona,La Liga,2,1.441997307115544,0.5835452158040931,-10.4049835,-7.616765
20135,Marcos Antonio Senna da Silva,Left Center Midfield,Villarreal,La Liga,7,3.508970795897616,-0.021183694766344872,30.154854,34.008274
25927,Francisco Sebastián Nadal Martorell,Center Forward,Villarreal,La Liga,0,-2.8451682426487785,-0.8887679999457293,-26.495869,-21.93417
25931,Gonzalo Javier Rodríguez,Right Center Back,Villarreal,La Liga,7,0.4333016661679901,2.628311168750656,2.2429671,52.23368
25933,Juan Manuel Peña Montaño,Left Center Back,Villarreal,La Liga,0,-3.5782060613486055,1.376960083800559,-51.19262,0.6871577
25934,Juan Román Riquelme,Right Wing,Villarreal,La Liga,4,0.049013731315595305,-0.23727429644858994,-17.213902,-20.07722
25935,Rodolfo Martín Arruabarrena,Left Back,Villarreal,La Liga,1,0.7502479293073929,-0.8639054689212342,44.43381,-14.88407
25936,Mario Sebastián Viera Galain,Goalkeeper,Villarreal,La Liga,0,-4.384299232558732,-0.3979813450587161,-43.9938,44.52138
25937,Javier Rodríguez Venta,Right Back,Villarreal,La Liga,1,0.4599533249678602,1.5421259018460003,22.900383,9.089251
25938,Juan Pablo Sorín,Left Wing,Villarreal,La Liga,2,-1.8532658214430013,1.6730239071060522,-42.11292,0.51996124
25939,José Joaquín Moreno Verdú,Right Center Midfield,Villarreal,La Liga,7,1.4830932985869028,1.6986773520176637,1.5859139,42.40244
25940,José María Romero Poyón,Center Attacking Midfield,Villarreal,La Liga,6,-0.9178238634826392,-2.792183257374208,-5.524773,-42.738163
24683,Diego Ángel Capel Trinidad,Left Midfield,Sevilla,La Liga,2,-0.20616596594135417,-1.0691522033780627,4.4560747,-30.643568
25943,Luís Fabiano Clemente,Right Center Forward,Sevilla,La Liga,6,-0.8244773128918537,-4.222631080778973,-1.6210024,-67.859886
25946,Andrés Palop Cervera,Goalkeeper,Sevilla,La Liga,0,-4.155971213293251,1.0194944627194837,-82.46558,-0.7399738
25948,Jose Luis Martí Soler,Right Back,Sevilla,La Liga,1,0.7810584460732585,0.3028578977622261,21.462893,-7.338529
25950,Aitor Ocio Carrión,Right Center Back,Sevilla,La Liga,0,-4.0819033931565665,0.20400781189298947,-57.450794,-4.9063497
25952,Ivica Dragutinovic,Left Center Back,Sevilla,La Liga,1,1.0093804595349822,1.6019108914550737,4.3013654,5.8441687
25954,Enzo Maresca,Left Defensive Midfield,Sevilla,La Liga,7,1.883384832303961,1.9409508726170885,31.531801,26.794003
25956,David Castedo Escudero,Left Back,Sevilla,La Liga,1,0.8112538713984906,1.254936942480734,7.3166623,3.726572
25958,Jordi López Felpeto,Right Defensive Midfield,Sevilla,La Liga,1,0.617383361139334,0.3683360616423421,12.5404005,2.5777297
25960,Frédéric Oumar Kanouté,Left Center Forward,Sevilla,La Liga,3,0.08425751401243181,-3.6178204005781986,20.881222,-54.350773
25962,Javier Pedro Saviola Fernández,Right Center Forward,Sevilla,La Liga,3,1.3139935490858297,-4.360830500308636,21.524017,-63.081127
25949,Santiago Ezquerro Marín,Right Wing,Barcelona,La Liga,2,-1.7973239204287066,0.41574812641285924,-4.68988,-18.534784
25947,Fabián Larry Estoyanoff Poggio,Center Forward,Cádiz,La Liga,4,4.564913567020371,-3.485849566429989,50.172237,-40.28731
25951,Mário Fernando Magalhães da Silva,Left Back,Cádiz,La Liga,1,0.3926823131831406,0.6110378699689395,8.7571945,2.4110243
25953,Armando Riveiro de Aguilar Malda,Goalkeeper,Cádiz,La Liga,0,-5.138373184037256,-0.46878870776481585,-76.40025,-31.188604
25955,Jonathan Sesma González,Left Wing,Cádiz,La Liga,6,-0.5593817124089483,-2.175024055822463,6.6590395,-33.51957
25957,Andrés José Fleurquin Rubio,Left Defensive Midfield,Cádiz,La Liga,2,-1.3519010798667357,0.09156026144899199,-37.301983,-10.03372
25959,Alejandro Varela López,Right Back,Cádiz,La Liga,2,-0.38919978913257536,1.1593722303502214,-18.94329,6.4046474
25961,Ramón de Quintana Dalmau,Right Center Back,Cádiz,La Liga,2,-2.9246366424470835,-0.5102800459638452,-42.33298,-12.8555355
25963,José Julián De La Cuesta Herrera,Left Center Back,Cádiz,La Liga,1,0.18858294398745135,-1.6335638797991117,9.215887,0.78992844
25968,Francisco Javier García Guerrero,Right Center Forward,Celta Vigo,La Liga,6,0.18016126850667227,-1.8755340220731074,-18.915794,-56.52568
25969,Sergio Fernández González,Right Center Back,Celta Vigo,La Liga,2,-2.6051005337127844,0.32014261038558006,-13.936879,1.7782301
25971,Esteban Andrés Suárez,Goalkeeper,Celta Vigo,La Liga,0,-4.1029519929290945,-0.25789135064508467,-44.177723,44.034775
25973,Matías Emanuel Lequi,Left Center Back,Celta Vigo,La Liga,2,-1.6201972540539038,0.7692990717699884,-34.07577,-0.16593905
25976,Diego Rodolfo Placente,Left Back,Celta Vigo,La Liga,1,2.8220996791685002,2.538215555417331,40.46555,34.151337
25978,Iriney Santos Da Silva,Right Defensive Midfield,Celta Vigo,La Liga,5,4.3297389816394825,1.258246454557414,51.466743,7.977538
25980,Néstor Fabián Canobbio Bentaberry,Center Attacking Midfield,Celta Vigo,La Liga,1,1.6568116050478596,1.176646545935489,36.34103,6.032192
25984,Ángel Domingo López Ruano,Right Back,Celta Vigo,La Liga,2,0.20210300012816576,1.7187549270582478,9.7536955,20.356932
25986,Borja Oubiña Meléndez,Left Defensive Midfield,Celta Vigo,La Liga,1,1.6786583947712086,1.1603293458190822,29.264051,32.342438
25988,João Fernando Nelo,Center Forward,Celta Vigo,La Liga,3,0.3562355521826321,-5.272727609715845,-3.1607985,-66.46449
8193,Maximiliano Gastón López,Right Wing,Barcelona,La Liga,6,-0.35106579597879417,-4.516479919714326,-2.8735173,-55.994453
25764,Anderson Luis de Carvalho,Left Midfield,Deportivo Alavés,La Liga,1,-0.2490443827256508,-0.7613037605727296,-0.9280498,-16.17713
25974,Franco Costanzo,Goalkeeper,Deportivo Alavés,La Liga,0,-4.7703684957604615,0.15715157757532788,-75.166275,-16.366018
25977,Alejandro Castro Fernández,Left Center Midfield,Deportivo Alavés,La Liga,2,-1.0392843051097325,0.38133066384423076,-40.000477,7.341811
25979,Eduardo Alonso Álvarez,Right Back,Deportivo Alavés,La Liga,0,-3.435193338463742,1.254259970608391,-56.799316,6.062418
25981,Santiago Carpintero Fernández,Right Center Midfield,Deportivo Alavés,La Liga,2,-0.21291258238798969,0.41677888974005944,-16.820822,-11.883974
25983,Josu Sarriegi Zumárraga,Right Center Back,Deportivo Alavés,La Liga,1,-0.08297506723783288,1.144965476127188,5.2504077,10.933226
25985,David Coromina Pararols,Left Back,Deportivo Alavés,La Liga,2,-2.7998325652824403,1.3973195317462739,-54.163456,4.4831843
25987,Rodolfo Bodipo Díaz,Left Center Forward,Deportivo Alavés,La Liga,6,-2.8343149254884987,-1.49486812732686,-24.854681,-35.31163
23791,Víctor Casadesús Castaño,Center Forward,Mallorca,La Liga,6,-0.5529150042825107,-2.0102442770255777,-6.812145,-43.285984
25991,Eduardo Nicolás Tuzzio,Right Center Back,Mallorca,La Liga,2,-3.07977810846288,0.840414796486452,-52.234592,-3.4877882
25992,José Carlos de Araújo Nunes,Left Center Back,Mallorca,La Liga,1,-0.36593691569709125,-0.5511460657637869,6.571981,4.995097
25993,Yoshito Ōkubo,Center Attacking Midfield,Mallorca,La Liga,4,-0.9267551982166091,-2.4692872635948704,-18.450022,-23.828423
25994,David Cortés Caballero,Right Back,Mallorca,La Liga,1,-0.3499546613002777,1.3608031189123246,-0.07187187,20.527771
25995,Juan Fernando Arango Sáenz,Left Wing,Mallorca,La Liga,2,-1.2832970767000096,-0.3857099372458624,-38.917713,-13.780697
25996,Cristiano Doni,Right Defensive Midfield,Mallorca,La Liga,1,1.6674632414931092,2.7182200961063723,35.85936,25.463253
25997,Jonás Manuel Gutiérrez,Right Wing,Mallorca,La Liga,5,4.3352113288958485,-0.7917890921068016,44.66468,-0.45878908
25998,Francisco Javier Farinós Zapata,Left Defensive Midfield,Mallorca,La Liga,2,0.11136538952726512,1.7939548615713432,-6.1087885,21.59329
11270,Eiður Smári Guðjohnsen,Right Wing,Barcelona,La Liga,4,0.2635193277848613,-1.73061317585204,33.611618,-33.37279
15774,Gianluca Zambrotta,Right Back,Barcelona,La Liga,7,1.412355098010015,2.428587626969132,17.023788,51.82755
26005,José Manuel Pinto Colorado,Goalkeeper,Celta Vigo,La Liga,0,-3.835176746271821,0.8525682464267385,-39.314587,35.384342
26007,Pablo Andrés Contreras Fica,Right Center Back,Celta Vigo,La Liga,2,-3.330014692993727,1.6582769977133804,-43.771458,1.4283677
26008,George Lucas Coser,Left Back,Celta Vigo,La Liga,1,0.04185512844416948,1.4652782218991816,24.292562,2.3133113
15071,Lilian Thuram,Right Center Back,Barcelona,La Liga,7,0.1178366660181183,3.7654270631303763,1.9328858,60.12377
26002,Javad Nekounam,Right Defensive Midfield,Osasuna,La Liga,1,0.7182172032189647,0.03211834913563486,28.425812,13.262666
26004,Carlos Javier Cuéllar Jiménez,Right Center Back,Osasuna,La Liga,0,-3.733736931683759,1.1661877571505648,-76.0506,4.549069
26006,Javier Flaño Bezunartea,Right Back,Osasuna,La Liga,5,2.2839206441255127,2.126363091916905,57.76863,10.3047495
26009,Roberto Soldado Rillo,Center Forward,Osasuna,La Liga,6,-0.058848330651476884,-2.501108271373125,4.062846,-34.709618
7030,Raúl Albiol i Tortajada,Right Center Back,Valencia,La Liga,7,0.017466710273302242,3.068717007858443,0.5262056,53.4765
7476,Emiliano Moretti,Left Back,Valencia,La Liga,7,0.27281145329241685,2.824906600444557,3.5049348,52.441277
19579,José Santiago Cañizares Ruíz,Goalkeeper,Valencia,La Liga,0,-5.0893280578268385,-0.3288443506329646,-74.08508,-27.335903
20070,Luís Miguel Brito Garcia Monteiro,Right Back,Valencia,La Liga,1,1.7050032838599063,1.1864945735257604,42.411358,8.791115
20124,Vicente Rodríguez Guillén,Left Wing,Valencia,La Liga,4,3.110346653352672,-1.2657469460666178,41.847965,-11.200476
20128,David Albelda Aliqués,Right Defensive Midfield,Valencia,La Liga,2,-0.24979205569823013,1.2879965866713166,-12.31185,-4.2062163
26011,Miguel Ángel Angulo Valderrey,Center Forward,Valencia,La Liga,4,3.0391277084286825,-1.5178856571145276,46.236282,-26.84977
26012,David Navarro Pedrós,Right Center Back,Valencia,La Liga,2,-1.3327817641898596,1.027230177328486,-20.536474,22.225607
26014,Eduardo César Daude Gaspar,Left Defensive Midfield,Valencia,La Liga,7,1.2951649670943526,1.4242168839191802,22.51097,41.657726
26016,Roberto Fabián Ayala,Left Center Back,Valencia,La Liga,2,-3.244093072960836,0.5994359478079708,-46.808918,-6.291321
20150,Christian Bjørnshøj Poulsen,Right Center Midfield,Sevilla,La Liga,1,1.0735577876283349,1.7825540595897726,23.486622,28.710741
26015,Renato Dirnei Florencio,Left Center Midfield,Sevilla,La Liga,1,0.8477122145966104,0.32729780770857936,23.266651,13.087644
26017,Francisco Javier Vicente Navarro,Right Center Back,Sevilla,La Liga,2,-2.435713851568329,1.7918469790687903,-45.83371,8.823789
26018,Julien Escudé,Left Center Back,Sevilla,La Liga,2,-1.8703660965925013,1.4342095103428987,-26.3171,24.69366
15775,Fabio Cannavaro,Left Center Back,Real Madrid,La Liga,1,0.22021893545532598,0.7388855372645172,26.319849,-1.3101975
19729,Ruud van Nistelrooy,Center Forward,Real Madrid,La Liga,3,1.2037354640831717,-7.362443346472814,12.672817,-67.63135
23816,José Antonio Reyes Calderón,Center Forward,Real Madrid,La Liga,4,0.7526768345620749,-2.0472076979821634,26.312958,-34.754253
26021,Mahamadou Diarra,Left Defensive Midfield,Real Madrid,La Liga,7,1.8956500879051044,1.1342722584891032,24.884079,35.497486
25410,Andrés Nicolás D''Alessandro,Right Midfield,Real Zaragoza,La Liga,4,1.7139742968805358,-0.8241823102853909,37.222385,-41.283478
26020,Ángel Lafita Castillo,Right Midfield,Real Zaragoza,La Liga,6,1.3066222852363083,-3.762406193811324,13.147432,-42.564503
26022,Carlos Andrés Diogo Enseñat,Right Back,Real Zaragoza,La Liga,2,-0.9979263314223644,0.4289174000435605,-4.8177266,4.469138
26023,Juan Francisco García García,Left Back,Real Zaragoza,La Liga,1,-0.12967378084189807,1.1333420106646768,-3.73799,8.098721
26024,Pablo César Aimar Giordano,Left Midfield,Real Zaragoza,La Liga,2,-1.0469859571248652,0.8407675026484007,-5.9122767,-16.259762
4547,Ludovic Butelle,Goalkeeper,Valencia,La Liga,0,-4.095027763689602,0.36503099844759196,-42.175053,40.54413
20127,Carlos Marchena López,Left Center Midfield,Valencia,La Liga,1,1.0870215848339813,1.4418584381834552,26.724388,15.951847
20130,Fernando Morientes Sánchez,Right Center Forward,Valencia,La Liga,1,1.2763978975237824,-1.4596594311320594,13.91015,-27.30192
26025,Jorge López Montaña,Left Midfield,Valencia,La Liga,2,-0.7435366019888461,-1.290484580949357,4.5983753,-20.354464
26026,Miguel Pallardó González,Right Center Midfield,Valencia,La Liga,1,2.06667367878647,-0.7738268355558608,31.38796,8.119531
26028,Fernando Amorebieta Mardaras,Left Center Back,Athletic Club,La Liga,2,-2.065955586545372,0.41812390967667645,-12.313385,1.7181715
26030,Ander Murillo García,Right Defensive Midfield,Athletic Club,La Liga,5,2.1207972143315494,0.4384776152715493,56.24841,12.810287
26031,Andoni Iraola Sagarna,Left Defensive Midfield,Athletic Club,La Liga,2,-0.10790301031241431,0.8849002658508908,7.7264514,23.047382
26032,Unai Expósito Medina,Right Back,Athletic Club,La Liga,5,1.541799395191642,0.7349599302036725,57.2668,9.152151
26033,Javier Casas Cuevas,Left Back,Athletic Club,La Liga,1,-1.2412945080422793,0.39339020575727945,4.104156,10.766654
26034,Igor Gabilondo del Campo,Left Midfield,Athletic Club,La Liga,1,0.4545339696492784,-1.0034383568558356,18.38399,-11.450457
26035,Francisco Javier Yeste Navarro,Center Attacking Midfield,Athletic Club,La Liga,4,-0.527773929682355,-1.1519216198904887,-10.582114,-23.375109
24191,Alejandro Alfaro Ligero,Right Center Forward,Sevilla,La Liga,6,1.0767162906589238,-2.9220527794941358,5.7154794,-41.833115
6878,Miguel Torres Gómez,Left Back,Real Madrid,La Liga,2,-0.7894333713540174,1.0021010167070385,-7.1051927,9.459399
20540,Rubén de la Red Gutiérrez,Left Center Midfield,Real Madrid,La Liga,5,3.5090241192795992,1.9914209571057302,51.70386,14.406099
26036,Fernando Rubén Gago,Left Defensive Midfield,Real Madrid,La Liga,5,4.090384712372437,1.486576884446031,45.380745,17.697771
26040,Aníbal Samuel Matellán,Left Center Back,Gimnàstic Tarragona,La Liga,2,-0.9268094822847541,1.0161157310626592,-5.3294415,1.8886129
26041,Rubén Pérez Chueca,Goalkeeper,Gimnàstic Tarragona,La Liga,0,-4.5903933297523585,0.6246040991319197,-76.151344,-5.1616535
26042,José María Calvo,Right Back,Gimnàstic Tarragona,La Liga,1,1.867768489885172,0.7601568002319637,40.216183,8.679615
26044,César González Navas,Right Center Back,Gimnàstic Tarragona,La Liga,2,-2.2315595960875974,0.7767776051650057,-31.009579,3.188314
26046,Marco Antonio Ortega Cotano,Left Back,Gimnàstic Tarragona,La Liga,0,-3.766029581033596,-1.00324887692527,-44.018597,-20.877863
26047,Ángel Morales Cuerva,Right Center Midfield,Gimnàstic Tarragona,La Liga,1,0.6114683810445726,1.3735959705656529,26.354834,-1.0441132
26048,Sebastien Chabaud,Left Center Midfield,Gimnàstic Tarragona,La Liga,2,-1.9298516054383699,0.7833941454621441,-22.918896,-10.667739
26049,Ismael Marchal Razquín,Right Wing,Gimnàstic Tarragona,La Liga,4,3.2197536003378855,-1.4411838791853913,55.29086,-14.343012
26050,Javier García Portillo,Center Forward,Gimnàstic Tarragona,La Liga,6,-1.4360884425461447,-3.1681277059155413,-12.16901,-42.2896
10183,Toni Duggan,Left Midfield,England Women's,Women's World Cup,4,1.3342351968364636,-0.7485192864809572,49.415768,-25.958815
20132,Daniel González Güiza,Center Forward,Getafe,La Liga,3,-1.2330543523754576,-4.393743235731725,14.730812,-51.203217
24580,Jaime Gavilán Martínez,Center Defensive Midfield,Getafe,La Liga,4,-0.6070953512634653,-1.0314969549915076,4.236361,-18.10949
26053,Ángel Manuel Vivar Dorado,Left Center Midfield,Getafe,La Liga,2,-0.44990495103138717,1.6080957617446978,-36.97487,15.220076
26055,Iván Sánchez Rico Soto,Left Wing,Getafe,La Liga,6,-1.1037727820882657,-2.933187968588833,-15.24442,-34.93191
26057,Mariano Andrés Pernía,Left Back,Getafe,La Liga,1,1.819047315894503,1.2216682961723802,38.981613,21.649445
26058,David Belenguer Reverter,Right Center Back,Getafe,La Liga,2,-0.18183587756455227,1.8921425986992662,5.4121246,11.271573
26059,Luis García Conde,Goalkeeper,Getafe,La Liga,0,-4.838084655178781,-0.07724332115570944,-75.081566,-21.226372
26060,Diego Rivas Gutiérrez,Right Center Midfield,Getafe,La Liga,1,1.135893688190747,1.6416663634533009,24.190363,11.607037
26061,Mario Gutiérrez Cotelo,Right Wing,Getafe,La Liga,1,2.0846590175190953,0.3909364843196607,39.280865,-9.48519
26062,Rubén Martín Pulido,Right Back,Getafe,La Liga,1,1.9885585254607894,1.1473663151658904,44.564102,9.610048
6934,Jerónimo Figueroa Cabrera,0,Racing Santander,La Liga,7,2.6572660301484765,1.4107293984895661,29.303614,53.279774
19577,Pedro Manuel Munitis Álvarez,Right Center Forward,Racing Santander,La Liga,1,-0.9929636834419184,-1.0141824652943436,6.8467727,-17.716766
25430,Felipe Melo de Carvalho,Left Midfield,Racing Santander,La Liga,7,1.0654315110422312,1.8293231020136775,22.189606,42.138283
26064,Antonio Tomás González,Left Defensive Midfield,Racing Santander,La Liga,2,-1.9323231709416395,0.40308716326973276,-18.197124,-9.530647
26066,Juan José Expósito Ruíz,Right Midfield,Racing Santander,La Liga,6,-1.2485541302483631,-1.8166281662739998,-22.227869,-36.925846
26067,Oriol Lozano Farrán,Right Center Back,Racing Santander,La Liga,2,-2.2434995269212865,0.36493992692001903,-25.297396,22.563148
26068,Rubén González Rocha,Left Center Back,Racing Santander,La Liga,5,0.6598849375315438,-0.17543735449271608,56.866608,11.014244
26069,Luis Fernández Gutiérrez,Left Back,Racing Santander,La Liga,2,-1.570498855218345,1.4736011969568235,-32.48951,5.4230666
26070,Antonio Rodríguez Martínez,Goalkeeper,Racing Santander,La Liga,0,-4.337166167721953,0.8035410068782245,-78.841064,-2.84563
26071,Víctor Javier Añino Bermúdez,Right Defensive Midfield,Racing Santander,La Liga,2,-0.41353620788986645,0.14666712097498358,2.0304177,-4.7014794
26073,Gonzalo Colsa Albendea,Left Defensive Midfield,Racing Santander,La Liga,1,0.4120861389260222,1.0443075076762904,24.106724,-1.5003765
26074,Nikola Žigić,Left Center Forward,Racing Santander,La Liga,6,0.8810607993757338,-4.286532563004454,9.066039,-52.2479
26419,Javier Ángel Balboa Osa,0,Racing Santander,La Liga,1,1.037007571074841,-0.3888947235775632,30.43297,-10.258003
15656,Roberto Luis Gaspar de Deus Severo,Left Center Back,Recreativo Huelva,La Liga,2,-2.858770738575724,0.21188072818754075,-49.128292,0.32782564
23930,Ikechukwu Uche,Right Center Forward,Recreativo Huelva,La Liga,4,-0.10265877863513372,-3.157667043649728,16.848175,-44.54409
25848,César Arzo Amposta,Left Defensive Midfield,Recreativo Huelva,La Liga,1,0.7850718886883669,-0.014733778214146205,9.902884,3.717721
26076,Daniel Bautista Pina,Left Back,Recreativo Huelva,La Liga,2,-1.9200098475870664,1.4188673516783952,-41.72757,-7.493833
26077,Antonio Jesús Vázquez Muñoz,Right Defensive Midfield,Recreativo Huelva,La Liga,5,3.69612755510105,0.9198340088012412,50.88958,10.631208
26078,Aitor Tornavaca Fernández,Left Midfield,Recreativo Huelva,La Liga,2,-0.3389128269465112,0.12883024342079286,-2.3303363,-5.9836774
26079,Javier López Vallejo,Goalkeeper,Recreativo Huelva,La Liga,0,-5.050806331487042,-0.11311920546981971,-64.24662,4.589803
26080,Rafael Barber Rodríguez,Left Defensive Midfield,Recreativo Huelva,La Liga,1,1.8316203092994345,-0.4632873759489795,36.490063,-6.3676534
26081,Pedro Mario Álvarez Abrante,Right Center Back,Recreativo Huelva,La Liga,2,-1.7861664976516785,0.9698668780590209,-25.015709,25.499023
26082,Juan Merino Ruíz,Right Back,Recreativo Huelva,La Liga,5,4.227756633122765,1.982298164715132,52.012978,7.966588
26083,Florent Sinama-Pongolle,Left Center Forward,Recreativo Huelva,La Liga,6,-2.01034078000703,-2.2098477564592836,-20.574478,-38.958233
26172,Hipólito Fernández Serrano,0,Recreativo Huelva,La Liga,2,-1.8120764216694145,1.451011177632077,-31.112532,3.4425752
26708,Pablo Amo Aguado,0,Recreativo Huelva,La Liga,0,-3.620389111641916,0.11693382892948409,-53.997185,-4.0112343
15606,Joseba Andoni Etxeberria Lizardi,Right Attacking Midfield,Athletic Club,La Liga,2,-1.9952496094066683,-1.7583205391819725,-22.135511,-27.810986
26084,Iñaki Lafuente Sancha,Goalkeeper,Athletic Club,La Liga,0,-5.124486109049964,-0.33382712245621166,-75.19426,-28.240927
26085,Luis Prieto Zalbidegoitia,Left Center Back,Athletic Club,La Liga,0,-3.3364030719667706,-0.08093474684035572,-30.413607,28.418245
26086,Pablo Orbaiz Lesaka,Left Center Midfield,Athletic Club,La Liga,1,0.7801986529743663,0.7441433356248748,23.97653,19.779343
26087,Carlos Gurpegi Nausia,Right Center Midfield,Athletic Club,La Liga,2,-0.4496414769360801,1.0674692319103196,-3.9314458,13.618575
26088,Jesús María Lacruz Gómez,Right Center Back,Athletic Club,La Liga,2,-2.869301606765774,0.5703607236040892,-41.450706,-2.7888188
26100,Ustaritz Aldekoaotalora Astarloa,Left Center Back,Athletic Club,La Liga,2,-2.1247591903094247,0.6831601527259313,-35.201675,3.572167
26101,Joseba Garmendia Elorriaga,Center Forward,Athletic Club,La Liga,4,2.9086602598688165,-2.2785939281382523,40.868874,-13.365459
3052,Pablo Javier Zabaleta Girod,Right Wing,Espanyol,La Liga,7,1.0266372634597238,2.1557492839442425,22.252123,27.02654
23916,Luis García Fernández,Left Wing,Espanyol,La Liga,2,-1.535601056189352,-0.6758099524776349,-23.029392,-20.313448
24797,Didier Domi,Left Back,Espanyol,La Liga,1,0.22037919126147074,1.6908060415799953,17.681095,4.523058
26102,Ferrán Corominas Telechea,Left Wing,Espanyol,La Liga,6,-1.005404732099746,-2.955490507839237,7.5246296,-35.221645
26103,Idriss Carlos Kameni,Goalkeeper,Espanyol,La Liga,0,-3.998456814459797,0.3687532689722098,-42.129356,40.783566
26104,Fredson Câmara Pereira,Left Defensive Midfield,Espanyol,La Liga,6,0.5885629004449656,-3.0102001660959536,-4.5739017,-25.555265
26105,Iván De la Peña López,Center Attacking Midfield,Espanyol,La Liga,4,0.7963618195680442,-2.1971943452095393,15.123334,-34.60872
26106,Armando Miguel Correia de Sa,Right Back,Espanyol,La Liga,1,0.3090250232953726,0.11911262567817264,10.007741,0.7578969
26107,Alberto Lopo García,Right Center Back,Espanyol,La Liga,2,-1.5326524170595557,0.7153696829015778,-22.32703,20.439922
26108,Eduardo Nascimento Costa,Right Defensive Midfield,Espanyol,La Liga,0,-2.7704555177373744,0.7442992353279326,-56.192097,10.95962
26109,Raúl Tamudo Montero,Center Forward,Espanyol,La Liga,6,-0.7978416433219269,-4.607685901762741,-1.5196991,-56.485363
26110,Daniel Jarque Gonzalez,Left Center Back,Espanyol,La Liga,2,-1.2179273249177507,0.008043702380561986,-11.20294,-0.035393354
19888,Martin Petrov,Left Midfield,Atlético Madrid,La Liga,4,-1.466883102653299,-2.298718967254245,-7.4022627,-25.964264
26116,José Antonio García Calvo,Left Back,Atlético Madrid,La Liga,2,-2.4805989838117575,0.17712745074810102,-29.596905,30.82146
26117,Pablo Ibáñez Tébar,Left Center Back,Atlético Madrid,La Liga,2,-2.150650002655346,0.43634723567518535,-32.537838,1.4392315
26118,Antonio López Guerrero,Left Back,Atlético Madrid,La Liga,2,-1.040842116723404,1.5748495920951522,-12.83287,16.622082
26119,Leonardo Neoren Franco,Goalkeeper,Atlético Madrid,La Liga,0,-4.17645716763101,0.34423759973415863,-83.60248,-13.845556
26120,Luis Amaranto Perea Mosquera,Right Center Back,Atlético Madrid,La Liga,1,-0.7996316149290362,0.5679112823236698,0.27662247,3.11894
26121,Ariel Miguel Santiago Ibagaza,Right Defensive Midfield,Atlético Madrid,La Liga,7,3.293248057430354,1.055514009032052,50.098423,-18.757893
26122,Luciano Martín Galletti,Right Midfield,Atlético Madrid,La Liga,4,1.0562898434427899,-1.6164607173389574,26.302416,-22.926592
26123,Peter Luccin,Left Defensive Midfield,Atlético Madrid,La Liga,1,0.872858637826744,1.881901620587204,21.206127,30.433266
26124,Maximiliano Rubén Rodríguez,Right Center Forward,Atlético Madrid,La Liga,3,2.945586784983386,-2.8181895259913956,13.627078,-46.223248
26126,"Daniel Armand N""Gom Komé",Left Center Forward,Getafe,La Liga,4,2.1487801937229207,-0.558361811364545,23.621193,-25.721586
26129,Francisco Javier Sánchez Broto,Goalkeeper,Getafe,La Liga,0,-5.2466275283148,-0.5199797441791716,-71.04715,-24.886253
26130,José Manuel Yanguas Calleja,Right Back,Getafe,La Liga,4,-0.07196975960173137,1.4752795243234547,-17.398626,-19.83265
26131,Victoriano Rivas Álvaro,Left Center Back,Getafe,La Liga,2,-3.085718252546546,-0.27552424180927587,-19.891346,-6.6623755
26136,Mauricio Roberto Pochettino Trossero,Right Center Back,Espanyol,La Liga,6,-2.2392614694471065,-1.7101506664329635,-35.460796,-28.084795
26137,Óscar Serrano Rodriguez,Left Wing,Espanyol,La Liga,4,0.7007184633400629,-1.4663074587210168,16.344433,-15.176139
26138,David García De La Cruz,Left Back,Espanyol,La Liga,1,0.6563926266038466,1.2440751810094048,20.590723,14.706988
26139,Antonio Álvarez Pérez,Right Center Midfield,Espanyol,La Liga,1,1.6609897029220453,0.005791122379358792,35.744003,-5.634774
26140,Hugo Benjamín Ibarra,Right Back,Espanyol,La Liga,7,0.7065704425752214,2.1063576209038373,13.616356,31.195326
26144,Francisco Javier Casquero Paredes,Center Defensive Midfield,Racing Santander,La Liga,2,-0.7054032034074887,0.04647472803132697,0.36930445,-22.051132
26145,Francisco Borja Enrique Ayesa,Left Center Back,Racing Santander,La Liga,1,-0.6837751641244972,-0.9266012382465768,17.008314,-1.9901384
26146,Dudú Aouate,Goalkeeper,Racing Santander,La Liga,0,-4.801802877351231,0.010280149459237926,-76.18518,-20.742422
26147,Ayoze Díaz Díaz,Left Back,Racing Santander,La Liga,2,-1.9326518313473946,-0.35036640071863745,-20.895792,-9.318443
26148,José Moratón Taeño,Right Center Back,Racing Santander,La Liga,2,-2.5871664751928334,-0.3212713452998847,-15.641708,-2.9455123
26149,Stephane Dalmat,Right Center Midfield,Racing Santander,La Liga,4,1.0409011031218414,-0.926338497692512,26.052357,-40.572258
26159,Albert Riera Ortega,Left Midfield,Espanyol,La Liga,4,0.38742511939920704,-1.9877311247741105,22.839659,-27.708876
26160,Ángel Martínez Cervera,Right Center Midfield,Espanyol,La Liga,2,-0.4802694559275048,0.3328348814685152,-3.541523,-5.635993
26161,Clemente Juan Rodríguez,Left Back,Espanyol,La Liga,5,3.5109592794077877,1.6179264987889481,56.95518,14.827491
26162,Moisés Hurtado Pérez,Left Center Midfield,Espanyol,La Liga,2,-0.9257811111650909,0.30227526291201817,-6.8266873,-2.0582197
26163,Marc Torrejón Moya,Right Center Back,Espanyol,La Liga,2,-1.3095449226880849,1.1383657125945583,-25.499609,24.68085
3087,Gnégnéri Yaya Touré,Center Defensive Midfield,Barcelona,La Liga,7,2.7918001927672265,2.2415361356062555,21.58637,57.609756
7055,Stefano Sorrentino,Goalkeeper,Recreativo Huelva,La Liga,0,-4.249018640614999,0.1667462288776148,-42.824024,43.4412
25426,Marco Gastón Ruben Rodríguez,Center Attacking Midfield,Recreativo Huelva,La Liga,6,-1.5166538029812975,-3.6002750781481994,-10.970965,-50.923447
26168,Iago Bouzón Amodeo,Right Back,Recreativo Huelva,La Liga,1,0.479076251951374,0.3200053218961799,4.2457466,2.8671408
26169,Javier Camuñas Gallego,Right Midfield,Recreativo Huelva,La Liga,5,2.559579034533495,-0.9762411886750545,38.154667,-8.723017
26171,Carlos Jorge Neto Martins,Right Defensive Midfield,Recreativo Huelva,La Liga,4,-0.12225085052481856,-0.8693882814619821,-10.106725,-23.04899
26167,Francisco Joaquín Pérez Rufete,Right Wing,Espanyol,La Liga,4,2.401371490426547,-0.8447039707717315,45.842426,-18.95393
26170,Francisco Javier Chica Torres,Left Back,Espanyol,La Liga,2,-0.6794070269819757,0.8426532304932336,-7.846656,5.5834255
24083,Manuel Reina Rodríguez,0,Levante UD,La Liga,0,-4.414761199853095,0.6276092082918084,-77.462006,-3.3800879
26177,José Manuel Serrano Arenas,Right Center Back,Levante UD,La Liga,0,-4.419153309555155,0.2707182296739321,-54.49701,-6.8378525
26178,Laurent Courtois,Left Midfield,Levante UD,La Liga,4,-0.18760901339845307,-0.8139550592687701,-16.015802,-20.93703
26179,Mathieu Berson,Right Center Midfield,Levante UD,La Liga,5,3.9978764520282613,1.7808464933610717,56.521362,6.343799
26180,Vladan Kujović,Goalkeeper,Levante UD,La Liga,0,-5.3173856281200695,-0.7943096306050998,-76.1299,-32.065994
26181,Rahamat Riga Mustapha,Left Center Forward,Levante UD,La Liga,4,-0.4969087185267883,-3.495696049820441,16.213491,-50.105633
26182,Alexandre Geijo Pazos,Right Center Forward,Levante UD,La Liga,6,-2.044490315210154,-1.5506889010708336,-24.562912,-34.30626
26233,Manuel Gaspar Haro,0,Levante UD,La Liga,2,-0.6704336254937201,0.5358355377877292,2.727829,10.61678
26426,Luis Manuel Rubiales Béjar,0,Levante UD,La Liga,5,3.4826613151552417,-0.2359470101370852,53.946827,5.9713507
15516,Thierry Henry,Left Wing,Barcelona,La Liga,3,1.8827062107504087,-5.334509267266695,17.581732,-65.97019
26176,Iván Gabriel Heinze,Left Center Back,Real Madrid,La Liga,2,-1.2899179344791154,1.9347098573199033,-30.607704,8.495829
24614,Rafael López Gómez,Right Center Back,Real Valladolid,La Liga,2,-1.2126018958761036,1.514722197907975,-32.6483,5.677598
26186,Bartholomew Owogbalor Ogbeche,Center Forward,Real Valladolid,La Liga,3,0.10232892980559792,-5.323279004579819,2.187879,-64.373375
26187,Alberto López Fernández,Goalkeeper,Real Valladolid,La Liga,0,-5.200725694616828,-0.6403230313167898,-71.65469,-26.894554
26188,Alberto Marcos Rey,Left Back,Real Valladolid,La Liga,1,0.6232832018048782,1.2397422321818465,4.213645,5.642053
26189,Sisinio González Martínez,Right Wing,Real Valladolid,La Liga,4,1.7740314565158586,-1.1648202681660407,34.298573,-9.875733
26190,Álvaro Rubio Robles,Left Defensive Midfield,Real Valladolid,La Liga,2,-0.44806419549334264,0.9997964246930859,-14.98729,9.143597
26191,Joseba Llorente Etxarri,Right Center Forward,Real Valladolid,La Liga,3,-0.6197290370896255,-5.107813497709759,7.391827,-63.39714
26693,Javier Baraja Vegas,0,Real Valladolid,La Liga,1,1.7437503752382932,1.4278273950882356,59.398743,12.825967
19312,Robert Pirès,Center Attacking Midfield,Villarreal,La Liga,4,2.566135161107838,-0.3296746799025388,39.69802,-39.35928
20134,Joan Capdevila Méndez,Left Back,Villarreal,La Liga,2,-0.6530858226362932,0.8084687978823653,-7.1467786,8.290725
22819,Bruno Soriano Llido,Right Center Midfield,Villarreal,La Liga,7,1.1652323442672683,2.1568262276652512,-1.0063357,44.67264
26192,Matías Ariel Fernández Fernández,Center Attacking Midfield,Villarreal,La Liga,7,1.99003846474045,1.0287954357527511,23.153864,47.707367
26194,Pascal Cygan,Left Center Back,Villarreal,La Liga,2,-0.8307721418189752,1.6554403254667962,-6.993026,35.641743
26196,Fabricio Fabio Fuentes,Right Center Back,Villarreal,La Liga,0,-2.628566408272304,-0.17414176236913617,-31.381878,-1.6155375
26198,Guillermo Luis Franco Farquarson,Center Forward,Villarreal,La Liga,4,1.1723198568058417,-2.8641175499211546,50.406902,-26.907347
8234,Ignacio Camacho Barnola,Right Defensive Midfield,Atlético Madrid,La Liga,1,2.081165959007289,0.8943346420433396,24.859179,19.061949
19765,Simão Pedro Fonseca Sabrosa,Left Midfield,Atlético Madrid,La Liga,4,1.7055706684475147,-0.6597464057016945,35.685833,-16.441982
26195,Juan Valera Espín,Right Back,Atlético Madrid,La Liga,2,-1.1704861186056217,-0.3730358445122042,-1.1122843,-1.5490285
26197,Christian Abbiati,Goalkeeper,Atlético Madrid,La Liga,0,-4.798573477155117,0.11859487193632287,-76.58284,-19.113525
26199,Diego Forlán Corazo,Left Center Forward,Atlético Madrid,La Liga,3,-1.2276482303443323,-3.1657130159055,18.05057,-52.778076
6997,Borja Valero Iglesias,Right Center Midfield,Mallorca,La Liga,7,2.456141928782807,1.8324788300314268,20.833857,52.614616
19771,Angelos Basinas,Left Center Midfield,Mallorca,La Liga,7,1.7521536446512398,1.2425566929829,14.411309,24.211433
26200,Héctor Berenguel del Piño,Right Back,Mallorca,La Liga,1,1.3521092883236747,1.217711555067511,17.964886,16.73545
26201,Fernando Varela Ramos,Left Midfield,Mallorca,La Liga,4,2.8048212753752804,-2.1612719403232923,47.75993,-38.43161
16478,Miguel Marcos Madera,Right Center Back,Sporting Gijón,La Liga,2,-1.1801445186087547,-0.1506676589185584,-3.6770349,-4.7939124
25706,Raúl Miguel Cámara,Left Back,Sporting Gijón,La Liga,1,-2.072426566622637,0.24793564523334483,-29.83855,0.07346201
25805,Jorge García Torre,Left Center Back,Sporting Gijón,La Liga,0,-4.207891693064271,0.2136132315185991,-61.337414,-3.321194
26227,Mate Bilić,Left Center Forward,Sporting Gijón,La Liga,6,-1.81125256761826,-2.9013799304137957,-12.312066,-42.737804
26229,Carmelo José González Jiménez,Right Center Forward,Sporting Gijón,La Liga,5,2.6024819597764495,-0.6645096299205436,45.323277,2.8029835
26237,Andreu Guerao Mayoral,Left Defensive Midfield,Sporting Gijón,La Liga,2,-1.5142896088429396,1.272519908253589,-42.231358,3.4709225
26244,Rafael Sastre Reus,Right Back,Sporting Gijón,La Liga,2,-2.1814578517794185,0.9146195304729263,-32.718243,-0.5016279
26245,Sergio Sánchez Sánchez,Goalkeeper,Sporting Gijón,La Liga,0,-4.844361414026737,0.05744854201328188,-73.373055,-16.164505
26248,David Barral Torres,Center Forward,Sporting Gijón,La Liga,6,1.2299738009484777,-2.97656998893982,10.772051,-41.996857
26250,Gerard Autet Serrabasa,Right Center Back,Sporting Gijón,La Liga,2,-1.5776296853748575,-0.0717938031494383,-11.134889,0.40501037
26252,Diego Castro Giménez,Left Midfield,Sporting Gijón,La Liga,4,0.2728425756882295,-0.8785016638008994,12.240106,-15.739271
26255,Sergio Matabuena Delgado,Right Defensive Midfield,Sporting Gijón,La Liga,2,-2.6213416686972617,-0.40562059775547715,-40.46659,-15.635496
6904,Sergio Sánchez Ortega,Right Back,Espanyol,La Liga,2,-2.3006511562470413,1.1099889995465209,-15.817417,3.1312501
7909,Nicolás Martín Pareja,Right Center Back,Espanyol,La Liga,2,-0.4091293884075803,1.3982291149733637,-2.108415,11.828085
26242,Román Fernando Martínez,Left Defensive Midfield,Espanyol,La Liga,6,0.3915795579792934,-1.6159517551382598,-9.638203,-5.1185384
26243,Iván Daniel Alonso Vallejo,Center Forward,Espanyol,La Liga,6,-0.5938872124052988,-4.444446918565718,-9.465666,-56.33733
20129,Rubén Baraja Vegas,Right Center Midfield,Valencia,La Liga,7,0.8974406358950913,2.09690677130587,8.822703,39.97226
26219,Timo Hildebrand,Goalkeeper,Valencia,La Liga,0,-5.075530903190437,-0.3945698063858055,-72.17574,-24.987087
18882,Aliaksandr Hleb,0,Barcelona,La Liga,4,3.66582647848177,0.7497138857018044,53.26069,-17.230947
26638,Alberto Botía Rabasco,0,Barcelona,La Liga,2,-1.4377678037203432,-0.3375341923188772,-8.112359,-0.2587947
4788,Jesús Gámez Duarte,Right Back,Málaga,La Liga,2,-0.17240850688478784,1.322784503411978,9.919039,19.037743
10798,Eliseu Pereira dos Santos,Left Wing,Málaga,La Liga,4,0.7824268359595381,-1.0803366703992687,15.370639,-14.472502
20518,Albert Luque Martos,Right Wing,Málaga,La Liga,4,1.7258822622646404,-3.6410550189630744,18.601902,-40.206825
26224,Hélder Miguel Do Rosario Data,Left Center Back,Málaga,La Liga,0,-3.740225804000378,0.1586598527186149,-52.136414,-4.9856663
26225,Iñaki Goitia Peña,Goalkeeper,Málaga,La Liga,0,-4.814825463086687,0.229175044140806,-67.00475,-2.6675272
26232,Ibán Javier Cuadrado Alonso,Right Center Back,Málaga,La Liga,1,-1.4702828489653197,1.211940148380526,-26.77484,5.3060083
26234,Antonio Galdeano Benítez,Right Defensive Midfield,Málaga,La Liga,1,2.570165557167391,0.7038409924499568,39.69533,-3.628959
26246,Salvador Ballesta Vialcho,Center Forward,Málaga,La Liga,6,-0.7839419437125293,-2.0957882483697836,9.552765,-26.04195
26249,Fernando Miguel Fernández Escribano,Center Attacking Midfield,Málaga,La Liga,6,-0.975847203523731,-1.6671647861778636,-14.373893,-47.32957
26254,Manuel Jesús Ortiz Toribio,Left Defensive Midfield,Málaga,La Liga,2,-2.134499317686415,0.20801053937012925,-31.819664,2.281253
26460,Francesc Arnau,0,Málaga,La Liga,0,-5.237818986512495,-0.561145228667973,-75.65939,-30.689075
25274,Ricardo de Oliveira,Left Center Forward,Real Zaragoza,La Liga,3,0.6480245167416343,-4.244814086230468,8.054288,-46.814465
26215,Francisco Pavón Barahona,Left Center Back,Real Zaragoza,La Liga,0,-3.7955858058023355,0.47290060620170804,-56.954773,2.962124
26220,Matuzalém Francelino da Silva,Left Center Midfield,Real Zaragoza,La Liga,7,2.11795159363083,3.796677119418717,15.870728,57.301197
19760,Nuno Ricardo de Oliveira Ribeiro,Right Center Midfield,Atlético Madrid,La Liga,7,0.09286924383420397,2.0855473332403176,6.7130322,40.794037
19767,Giorgios Seitaridis,Right Back,Atlético Madrid,La Liga,1,1.469833728555886,1.5980474115295524,42.446934,22.252462
26222,José Eduardo Rosa Vale de Castro,Left Center Back,Atlético Madrid,La Liga,2,-0.3141045605128673,1.5989375898234737,-6.591897,39.02603
26391,Luis Javier García Sanz,Left Center Forward,Atlético Madrid,La Liga,4,0.7793686015805048,-1.2023677067735383,26.302677,-10.391007
26392,Fabiano Eler dos Santos,Left Center Back,Atlético Madrid,La Liga,2,-2.7345472009327576,1.401773301527001,-42.76284,-4.6068354
24144,Ángel Montoro Sánchez,Center Defensive Midfield,Valencia,La Liga,7,0.5083821115380407,2.849109115343251,-1.9504039,43.692715
26217,Ángel Javier Arizmendi de Lucas,Left Wing,Valencia,La Liga,6,0.8021507453108168,-3.6559877486498,9.113167,-43.065502
23793,Carlos Bellvís Llorens,Left Midfield,CD Numancia de Soria,La Liga,1,0.6099598384791797,0.14946083200326343,34.493023,0.85400337
26226,José Javier Barkero Saludes,Center Attacking Midfield,CD Numancia de Soria,La Liga,3,0.9641035524155581,-3.3593021539971133,9.288995,-52.372066
26228,Juan Pablo Colinas Ferreras,Goalkeeper,CD Numancia de Soria,La Liga,0,-4.7601353578359635,0.2316453989186146,-79.77767,-22.222368
26230,César Palacios Chocarro,Right Center Back,CD Numancia de Soria,La Liga,2,-0.7944227389070736,0.8496133151065384,4.993345,11.336095
26231,Juan Ramón Cabrero Obrer,Right Back,CD Numancia de Soria,La Liga,1,-1.0578793302474085,-0.23590959204754158,19.643639,-0.86115426
26238,Domingo Cisma González,Left Back,CD Numancia de Soria,La Liga,1,-0.001990115231419401,0.37105543437672933,-4.682912,6.217461
26239,Juan Carlos,Right Center Midfield,CD Numancia de Soria,La Liga,2,-1.8179411199191684,-1.5762046964434984,-34.98201,-11.267876
26241,Sergio Boris González Monteagudo,Left Center Back,CD Numancia de Soria,La Liga,0,-4.774426939095428,-0.4542379019014701,-54.460106,-8.003077
26247,Domingo Nagore Arbizu,Left Center Midfield,CD Numancia de Soria,La Liga,2,-1.981919736993257,-0.700080183153628,-28.552217,-14.248878
26394,Javier Del Pino González,Center Attacking Midfield,CD Numancia de Soria,La Liga,1,0.44130281468182025,-0.6501763593765623,15.574588,-12.336373
20267,Khalid Boulahrouz,Right Center Back,Sevilla,La Liga,2,-2.556230321585334,0.6804496057763135,-4.71417,-20.069002
4711,Pablo Hernández Domínguez,Right Wing,Valencia,La Liga,4,1.090763069452743,-0.6848762366990908,34.813488,-26.730185
26396,Hedwiges Maduro,Left Center Back,Valencia,La Liga,1,0.061014816608316855,-0.012957808909538772,13.658882,-4.6918864
26397,Renan Brito Soares,Goalkeeper,Valencia,La Liga,0,-4.749630760334833,0.2501628768478784,-75.97673,-15.49515
26398,Asier del Horno Cosgaya,Left Back,Valencia,La Liga,1,0.03334680118707972,-0.2629140272153493,-2.906172,-7.045768
26210,Christian Riganò,Right Center Forward,Levante UD,La Liga,0,-3.7921502297557796,-3.235833437240651,-28.47404,-40.461758
26213,Bruno Cirillo,Left Center Back,Levante UD,La Liga,1,-0.7387673181981239,0.8678524406355677,24.835787,0.9511794
26409,Sergio Rodríguez García,Center Defensive Midfield,Barcelona,La Liga,2,-0.008196537451447442,1.1641799395107464,-5.96505,22.73605
26410,Ronald Louis Gaspercic,Goalkeeper,Albacete,La Liga,0,-4.691044367665364,0.30064404525951827,-70.66518,-7.1145144
26411,Óscar Montiel Marín,Right Back,Albacete,La Liga,1,0.5757919728723042,1.7601545767379652,26.32863,9.105433
26414,Gustavo Lionel Siviero,Left Center Back,Albacete,La Liga,1,-0.036410462657276384,-0.030926275180189765,8.634383,2.2837672
26415,Mikel Aguirregomezkorta Larrea,Center Forward,Albacete,La Liga,1,0.0029097818775242843,-0.9205576246709717,12.212223,-23.831932
7669,Marcos García Barreno,Left Wing,Villarreal,La Liga,1,-0.441378198612329,-1.6995426276933328,17.341478,-11.584739
23804,Jonathan Pereira Rodríguez,0,Villarreal,La Liga,6,-0.7002703820697482,-3.83373150429896,16.594717,-48.966213
26418,José Enrique de la Sánchez Diaz,Left Back,Villarreal,La Liga,2,-0.6749309539876942,1.3206812017781395,-19.97567,4.186551
26705,José Miguel González Rey,0,Villarreal,La Liga,5,3.7565995837801864,1.9348192723966975,59.819046,7.9794526
13817,José Francisco Molina Jiménez,Goalkeeper,Levante UD,La Liga,0,-4.794694397451031,0.27908384226981864,-72.6065,-9.785756
26428,Narcisse-Olivier Kapo Obou,Left Wing,Levante UD,La Liga,5,3.0039612183200433,-2.081933851769519,53.454723,0.45956004
17730,Cosmin Marius Contra,Right Back,Getafe,La Liga,7,2.2817834174780915,1.4205461982130902,27.606188,34.166336
24507,Manuel del Moral Fernández,Right Center Forward,Getafe,La Liga,6,-0.7493713159372244,-3.122152502392333,6.0532823,-49.736294
26425,Juan Ángel Albín Leites,Left Midfield,Getafe,La Liga,4,-0.4804247211980493,-2.377679381822879,11.62726,-37.281345
26427,Roberto Carlos Abbondanzieri,Goalkeeper,Getafe,La Liga,0,-4.007188160660177,-0.041209953223138245,-44.21644,42.478973
26429,Javier Paredes Arango,Left Back,Getafe,La Liga,2,-0.9654446612116494,0.4806797462065549,-2.518226,1.9641483
3095,Bruno Saltor Grau,Right Back,Almería,La Liga,1,0.6532336929283576,1.5166083437936042,10.916346,20.20275
20542,Álvaro Negredo Sánchez,Center Forward,Almería,La Liga,6,-0.9272993316336641,-4.068226201132681,-2.7545018,-56.100643
26432,Miguel Ángel García Pérez Roldán,Left Center Midfield,Almería,La Liga,2,-1.5579490332370143,-0.36171932382473654,-21.636105,-12.193853
26434,Santiago Wilmer Acasiete Ariadela,Left Center Back,Almería,La Liga,2,-1.465307624150501,0.92531007489753,-8.711571,2.5241687
26435,Fernando Soriano Marco,Right Center Midfield,Almería,La Liga,2,-0.9231954215664724,-0.7917796222689388,-36.97593,-16.840172
26436,José Manuel Jiménez Ortiz,Left Back,Almería,La Liga,2,-0.15823848217145003,1.1885510181243077,-3.3715873,26.720263
26437,Albert Crusat Domene,Left Wing,Almería,La Liga,1,0.7187445757909877,-0.8215767534403734,18.700628,-11.386808
26438,David Cobeño Iglesias,Goalkeeper,Almería,La Liga,0,-4.01060072099371,1.1970167487878587,-78.646454,4.1034517
26439,Carlos García Badías,Right Center Back,Almería,La Liga,2,-1.51614900603404,1.7244041871221574,-31.206873,5.7874775
26440,Juan Manuel Ortiz Palazón,Right Wing,Almería,La Liga,2,-1.0973905398250943,-0.5840998720745995,8.355443,-15.905378
26442,Boško Janković,Center Attacking Midfield,Mallorca,La Liga,6,-1.5802890428998506,-2.411252077239582,-15.446791,-46.77036
26444,Sergio Martínez Ballesteros,Right Center Back,Mallorca,La Liga,1,0.2625277639018386,0.11642011855140894,6.817612,2.6981583
26446,Guillermo Ariel Pereyra,Left Center Midfield,Mallorca,La Liga,2,-2.014914128489601,0.763168610630083,-40.865067,-4.2830343
16622,Mikel González de Martín Martínez,Right Back,Real Sociedad,La Liga,2,-1.8344119298513444,0.7113808299407963,-22.643837,20.885973
19346,Darko Kovačević,Center Forward,Real Sociedad,La Liga,6,-1.5434507777342632,-3.3115181660256052,-19.750582,-54.581203
26441,Daniel Estrada Agirrezablaga,Right Wing,Real Sociedad,La Liga,2,-2.2850819678138388,0.31493842352250245,-16.245409,-6.6860766
26445,Víctor Rubén López,Left Center Back,Real Sociedad,La Liga,2,-1.9413349652482108,0.7276608183770805,-24.800362,-8.119424
26448,Javier Garrido Behovide,Left Back,Real Sociedad,La Liga,7,-0.7347137767727658,2.8589815642580945,-13.795858,41.225582
26449,Mikel Aranburu Eizagirre,Left Defensive Midfield,Real Sociedad,La Liga,2,-0.9417086519109044,-0.2898675348156138,-16.861116,-11.623589
15381,Johann Vogel,Right Defensive Midfield,Real Betis,La Liga,0,-2.7320068960603634,1.5046204393790168,-55.222023,6.949167
20519,Juan Gutiérrez Moreno,Left Center Back,Real Betis,La Liga,2,-1.8498682618179028,1.1362556800799928,-29.267101,6.209061
24511,Branko Ilič,Right Back,Real Betis,La Liga,1,0.3356164010031981,0.4798965929225987,3.957201,3.7566686
26452,Pedro Gonzalez Contreras Cano,Goalkeeper,Real Betis,La Liga,0,-4.920215716387914,-0.0975355672845062,-75.03459,-24.518187
26453,Juan Alberto Andreu Alvarado,Right Center Back,Real Betis,La Liga,0,-3.4846536341894514,-1.132702924187728,-45.329903,42.55643
26454,Jesús Capitán Prada,Left Defensive Midfield,Real Betis,La Liga,4,1.9557767734042257,0.7120931957312976,31.694399,-15.690345
26455,José Isidoro Gómez Torres,Left Back,Real Betis,La Liga,2,-1.743647896292645,0.3798287775444206,-25.806744,-11.68454
26456,Luís Eduardo Schmidt,Center Forward,Real Betis,La Liga,6,-0.8753796818697805,-1.7978428580722239,5.1047535,-39.512123
26459,Vicente Valcarce Cano,Left Back,Málaga,La Liga,0,-3.3644903217222546,1.0841006341964194,-56.128464,7.738435
26462,Gerardo García León,Right Center Midfield,Málaga,La Liga,4,-0.4497912497310127,-0.4855378811408775,-18.182169,-16.352812
19761,Ricardo Alexandre Martins Soares Pereira,Goalkeeper,Real Betis,La Liga,0,-4.587919573115578,0.45427618538278136,-79.93757,-17.08116
26464,Arturo García Muñoz,Left Center Midfield,Real Betis,La Liga,1,0.11414201714381016,0.5225545162247935,-5.6728144,24.38627
26465,Juan de Dios Prados López,Right Center Midfield,Real Betis,La Liga,2,-0.9021684426350443,0.9171081648961593,-12.430051,-4.3373184
26468,Willian Lanes Lanes de Lima,Left Center Back,Real Betis,La Liga,2,-3.326731646397434,-0.14755944658117237,-49.427128,-8.760382
26469,Marko Babić,Left Back,Real Betis,La Liga,2,-1.968216133624519,1.1881151852417877,-26.433422,33.427505
26484,Antonio Baltasar Doblas Santana,0,Real Betis,La Liga,0,-5.0884627015102675,-0.2898063180687966,-73.91211,-25.96448
26548,Fernando Vega Torres,0,Real Betis,La Liga,2,-2.7200686573052533,0.5907971956034743,-45.75072,-3.1945891
26479,Koikili Lertxundi Del Campo,Left Back,Athletic Club,La Liga,2,-1.9413191460294847,0.7681577813581411,-15.190081,3.1690803
23929,Francisco Jiménez Tejada,Center Forward,RC Deportivo La Coruña,La Liga,1,0.5319434263694155,-1.0922338062434438,17.950335,-7.872478
26206,Sergio González Soriano,Right Center Midfield,RC Deportivo La Coruña,La Liga,1,1.2056839179124321,0.8442332934949492,34.46557,6.174641
26207,Fabricio Coloccini,Left Center Back,RC Deportivo La Coruña,La Liga,2,-0.4315166085545065,0.7525704914028319,-1.9641658,15.501334
26209,Manuel Pablo García Díaz,Right Back,RC Deportivo La Coruña,La Liga,1,0.3062664862590606,1.2656084892070947,23.821623,28.69663
26211,Joan Verdú Fernández,Center Attacking Midfield,RC Deportivo La Coruña,La Liga,7,0.8911382841681991,0.9975405797718061,18.172905,41.324013
26212,Cristian Hidalgo González,Right Wing,RC Deportivo La Coruña,La Liga,1,1.2803155821392669,-1.0492541173336862,24.645065,-15.785628
26214,Julián de Guzmán,Left Center Midfield,RC Deportivo La Coruña,La Liga,1,1.8295420522716708,0.9667127863754761,29.298582,15.51974
26218,Adrián López Rodríguez,Right Center Back,RC Deportivo La Coruña,La Liga,2,-2.416616202674716,-0.0033361877940067185,-32.51802,-0.68452203
26221,Gustavo Adolfo Munúa Vera,Goalkeeper,RC Deportivo La Coruña,La Liga,0,-4.782399068581131,0.17315162825669558,-76.50208,-17.943745
26480,Christian Koffi Romaric N''Dri,Left Defensive Midfield,Sevilla,La Liga,1,0.2205715338577047,0.7300676630317325,0.72277147,-7.1714826
26481,Sébastien Squillaci,Right Center Back,Sevilla,La Liga,2,-1.73718298197662,0.4523670682305619,-23.723763,23.93598
26482,Aquivaldo Mosquera Romaña,Right Back,Sevilla,La Liga,1,-0.4346417809607395,1.174979620681131,24.004179,3.1484923
26485,Daniel Martín Alexandre,Center Forward,Real Betis,La Liga,6,-2.4143357097717444,-1.9140391832726162,-19.302645,-31.313702
26486,Oscar López Hernández,Right Back,Real Betis,La Liga,1,1.0781664694131463,0.7879577223916893,6.0874867,0.30323982
26487,Pablo Álvarez Nuñez,Left Center Forward,Racing Santander,La Liga,2,-0.5209514118819476,-0.9269151791323089,-13.222547,-9.478168
26488,Fabio Coltorti,Goalkeeper,Racing Santander,La Liga,0,-4.5031319623944635,0.5760604442431226,-77.49323,-4.3571086
26489,Aldo Pedro Duscher,Right Defensive Midfield,Racing Santander,La Liga,5,3.1996702440011675,0.549501022005322,55.29114,6.4489837
26490,Mohamed Gasana Tchité,Right Center Forward,Racing Santander,La Liga,6,-1.824160489674944,-3.094294684917837,-20.725817,-40.602478
26491,Iván Bolado Palacios,Left Center Forward,Racing Santander,La Liga,6,-1.8144518738794477,-1.5385176878283164,-23.758938,-43.129463
26492,Juan Manuel Delgado Moreno,Left Center Back,RC Deportivo La Coruña,La Liga,5,2.148133242720293,1.8380459322682203,58.16685,10.469622
19758,Jorge Manuel Almeida Gomes de Andrade,Left Center Back,RC Deportivo La Coruña,La Liga,0,-3.3122264580472973,0.016368880764336274,-42.75082,-19.039993
26493,Miguel Ángel Ferrer Martínez,Left Wing,Atlético Madrid,La Liga,6,-1.4111741186563758,-1.4591247953127382,-18.621405,-34.453007
25144,Diego Alves Carreira,Goalkeeper,Almería,La Liga,0,-4.026449549649437,0.46254507500206843,-41.900635,41.307343
26494,Hernán Darío Pellerano,Left Center Back,Almería,La Liga,2,-1.5568838045124442,0.5601065756034879,-7.689658,1.1934139
26495,Kalu Uche,Left Center Forward,Almería,La Liga,6,-1.1105049312516957,-1.9076687536137764,-22.528925,-36.995712
26496,Daniel Alberto Díaz,Right Center Back,Getafe,La Liga,1,-0.43185079227471684,0.9449239010132959,7.3406963,8.385891
26497,Lucas Matías Licht,Left Back,Getafe,La Liga,5,3.5921384176544784,1.7582685357154801,53.972477,7.013773
24075,Christian Fernández Salas,Left Midfield,Racing Santander,La Liga,2,-2.1365633468066645,0.03708787658628593,-16.61105,-7.202246
19728,Johnny Heitinga,Right Back,Atlético Madrid,La Liga,1,0.638496692328313,1.9304021963759381,26.47966,4.240995
19731,Tomáš Ujfaluši,Left Center Back,Atlético Madrid,La Liga,2,-1.1692753338289474,0.40797195654083834,-8.252795,3.0346382
26502,Paulo Assunção da Silva,Left Defensive Midfield,Atlético Madrid,La Liga,1,2.5891638668512207,0.8885027760201113,30.257244,15.161091
26503,Abel Gómez Moreno,Right Midfield,Real Murcia CF,La Liga,2,-1.1175169236180051,-1.224509143990432,-0.6464727,-41.781162
26508,Daniel Aquino Pintos,Left Midfield,Real Murcia CF,La Liga,2,-2.017876559790361,-1.1167943939615976,-24.48523,-21.293287
26509,Stéphane Jean François Pignol,Right Center Back,Real Murcia CF,La Liga,1,0.2868994049978156,1.6626548591767656,20.764566,3.7708259
26510,David Gutiérrez de Coz,Right Back,Real Murcia CF,La Liga,2,-2.236168108079143,-0.90049741727685,-27.00673,-20.542263
26511,Enrique de Lucas Martínez,Right Midfield,Real Murcia CF,La Liga,4,2.2338834441603583,-1.3060154887125188,44.967464,-18.411041
26512,Álvaro Mejía Pérez,Right Center Midfield,Real Murcia CF,La Liga,2,-0.11588743887041127,0.8922270953450522,-20.776865,29.11707
26513,Juan Cruz Ochoa López,Left Center Back,Real Murcia CF,La Liga,3,-0.10723221450637972,-2.0139753095184707,-0.888756,-41.826687
3150,Jaroslav Plašil,Center Attacking Midfield,Osasuna,La Liga,7,0.8417533263968447,0.7870708863009828,23.636478,40.196346
24313,Miguel Flaño Bezunartea,Right Center Back,Osasuna,La Liga,0,-2.9569003233905296,-0.46735471635933196,-31.390738,1.0680591
26516,Walter Gerardo Pandiani Urquiza,Right Defensive Midfield,Osasuna,La Liga,6,1.5879833546776845,-5.475772642111304,-16.543444,-59.743393
26518,Enrique Sola Clemente,Center Forward,Osasuna,La Liga,6,-0.45806595358272223,-3.510303641171319,-18.5391,-51.68346
26522,Carlos Reina Aranda,Center Forward,CD Numancia de Soria,La Liga,6,0.1449005945916794,-5.305260108385241,-5.4537916,-66.04646
26523,Dimas Delgado Morgado,Left Center Midfield,CD Numancia de Soria,La Liga,0,-3.424236238644199,-0.4048820708901854,-44.379417,-20.213503
26524,Sergio Ortega González,Right Center Back,CD Numancia de Soria,La Liga,0,-3.9630999107378155,-0.26544855648925747,-49.45326,-9.350373
20023,Marco Aurélio Brito Dos Prazeres,Left Center Midfield,Real Betis,La Liga,2,-0.2038214705076889,0.21510174838955876,-7.074205,-3.905624
23815,Casto Espinosa Barriga,0,Real Betis,La Liga,0,-4.602498350341955,0.3551646333139157,-80.18066,-18.264265
26547,Luciano Fabián Monzón,Right Center Back,Real Betis,La Liga,6,-0.8840078618775391,-2.4859334673376994,-1.3527001,-44.073154
26549,Achille Emaná Edzimbi,Center Attacking Midfield,Real Betis,La Liga,4,1.397848954251794,-2.1535076632600543,44.353535,-18.40826
26589,Nélson Augusto Tomar Marcos,Right Back,Real Betis,La Liga,2,-0.6746383295917499,1.0551812057616996,-6.213938,7.6640663
6745,Mehdi Lacen,Right Center Midfield,Racing Santander,La Liga,1,1.1543295640248254,1.5895298832545561,27.304348,20.622307
13157,Ivan Marcano Sierra,Left Back,Racing Santander,La Liga,2,-2.351300996900384,0.5897797532262661,-32.779705,-0.40406722
26597,László Sepsi,Left Wing,Racing Santander,La Liga,2,-2.8941179936643824,0.664531548195476,-45.991447,-2.6969347
26598,Antonio Moral Segura,Left Wing,Racing Santander,La Liga,2,-1.8729104675772739,-1.488075701793753,-21.700727,-24.89114
26754,Eduardo Bedia Peláez,0,Racing Santander,La Liga,7,2.876741358516901,3.2988287767798425,22.929193,63.581524
3672,Zlatan Ibrahimović,Center Forward,Barcelona,La Liga,3,1.940584366553276,-5.124844408660783,15.628841,-66.29532
18608,Dmytro Chygrynskiy,Center Defensive Midfield,Barcelona,La Liga,7,0.7858780323520435,4.698587096466231,0.27739877,69.778366
12358,Haris Medunjanin,Left Wing,Real Valladolid,La Liga,2,-0.8364642389596627,-0.4055060353622865,-15.119565,-30.399763
26600,Vítor Hugo Gomes Passos,Left Center Midfield,Real Valladolid,La Liga,1,1.4557680154064716,-1.0361343430398295,25.063625,-22.21895
26601,Justo Wilmar Villar Viveros,Goalkeeper,Real Valladolid,La Liga,0,-5.0202618228148825,-0.3172101570181834,-76.27871,-29.820875
26602,Carlos Lázaro Vallejo,Right Center Midfield,Real Valladolid,La Liga,5,4.791504802544557,0.38608619292026103,50.604218,9.600997
7029,José María Callejón Bueno,Right Center Forward,Espanyol,La Liga,2,0.004576045045570577,-0.8059556282712302,30.832094,-28.386608
20256,Grégory Coupet,Goalkeeper,Atlético Madrid,La Liga,0,-4.397021266319611,0.9652179346768889,-69.38725,4.287976
23991,Miguel Ángel De las Cuevas Barberá,Right Midfield,Atlético Madrid,La Liga,2,-0.7055393231958325,-0.2262413534420906,8.426993,-14.304578
26613,Maxwell Scherrer Cabelino Andrade,Left Wing,Barcelona,La Liga,7,1.350554481739221,3.4461589251711326,7.798637,61.38287
24744,Juan Daniel Forlín,Right Center Midfield,Espanyol,La Liga,2,-1.624284949014701,1.2747347633350725,-39.790577,3.6601698
26607,José Raúl Baena Urdiales,Left Center Midfield,Espanyol,La Liga,2,-0.3850205514693954,0.6863929067443441,-14.650607,10.404849
26609,Pablo Daniel Osvaldo,Center Forward,Espanyol,La Liga,3,-0.6963681577113738,-5.182354237601723,-1.9074926,-67.48118
26624,Jeffren Isaac Suárez Bermúdez,Right Wing,Barcelona,La Liga,4,2.93423901521078,-1.736472950621759,28.669075,-52.48504
26608,Carlos Calvo Sobrado,Right Wing Back,Xerez,La Liga,6,-2.24883238914807,-2.3943530011387675,-27.507862,-29.226635
26610,Leandro Andrés Gioda,Center Back,Xerez,La Liga,0,-3.8439139377501284,-1.6661906169799445,-51.82198,-8.951904
26611,Emiliano Daniel Armenteros,Left Wing,Xerez,La Liga,2,-1.5652669334350964,-0.8737025868640201,-26.805695,-20.20262
26612,José Manuel Casado Bizcocho,Left Wing Back,Xerez,La Liga,1,-0.47238235796245465,1.0226626485937684,-5.3723435,7.689191
26614,David Prieto Gálvez,Left Center Back,Xerez,La Liga,1,-0.48019125923647227,0.5553814965625085,26.203548,1.3254359
26615,Francisco Jesús Pérez Malia,Right Wing Back,Xerez,La Liga,2,-1.296092350838649,-0.039050299945936603,-20.777811,-9.44517
26616,Sidi Yaya Keita,Left Center Midfield,Xerez,La Liga,1,1.0567862264527428,0.21926420649046086,24.919922,-5.8767796
26617,Mario Bermejo Castanedo,Center Forward,Xerez,La Liga,6,-0.9631981787594031,-4.184983168748594,-5.621841,-63.43113
26619,Gaizka Toquero Pinedo,Left Defensive Midfield,Athletic Club,La Liga,6,-2.162207249812819,-3.871873418521133,-11.692794,-49.506443
7141,Giuseppe Rossi,Right Center Forward,Villarreal,La Liga,4,0.6751421599584132,-3.418511983734377,17.737875,-45.470917
26621,Sebastián Eguren Ledesma,Center Defensive Midfield,Villarreal,La Liga,2,-0.9768164236872385,0.43015299170173255,-7.0455217,-17.11315
26623,Diego Daniel Colotto,Right Center Back,RC Deportivo La Coruña,La Liga,1,-0.9120822468153401,-0.5202011738101042,7.900534,1.7661338
24166,Juan Francisco Martínez Modesto,Center Forward,Tenerife,La Liga,6,-1.8699183412731564,-1.6975772210966837,-9.121581,-28.02394
26626,Ricardo León Brito,Left Defensive Midfield,Tenerife,La Liga,1,1.0239028503581795,1.8342122302778292,23.220648,9.176409
26627,Sergio Aragoneses Almeida,Goalkeeper,Tenerife,La Liga,0,-5.105325976770144,-0.332969721807386,-73.66847,-26.128057
26629,Mikel Alonso Olano,Right Defensive Midfield,Tenerife,La Liga,5,2.7430006384173296,0.7813288511909816,46.7367,3.767124
26630,Pablo Sicilia Roig,Left Center Back,Tenerife,La Liga,5,1.7780532662619142,-0.13112958401637342,57.72897,8.800292
26631,Ezequiel Luna,Right Center Back,Tenerife,La Liga,2,-2.91853720074225,0.013172230130026994,-49.435337,-7.6926494
26632,Juan Luis Hens Lorite,Right Back,Tenerife,La Liga,1,-0.1210320987898733,-0.9956282892837394,9.534851,-26.143204
24686,Roberto Canella Suárez,Left Back,Sporting Gijón,La Liga,2,-0.3776244087336308,0.8984940001486166,-1.6481656,8.830537
26633,Alberto Lora Ramos,Right Back,Sporting Gijón,La Liga,2,-0.38289906176841176,1.6299267589759714,6.821405,20.984617
26635,Luis Morán Sánchez,Right Wing,Sporting Gijón,La Liga,4,0.41246409317249977,-1.3215133399752477,4.276502,-18.234072
26639,Grégory Arnolin,Left Center Back,Sporting Gijón,La Liga,0,-4.019392080322617,-1.229669848310474,-48.191372,-9.778479
23800,Laureano Sanabria Ruiz,Right Back,RC Deportivo La Coruña,La Liga,1,0.48681224587719435,1.556414282687673,11.233967,18.680088
24234,Juan Domínguez Lamas,Center Attacking Midfield,RC Deportivo La Coruña,La Liga,1,2.317416668134079,-0.3177388347487426,32.348953,8.866113
16604,Alain Nef,Right Back,Recreativo Huelva,La Liga,2,-2.2756027486452983,0.8816477819958684,-42.844795,-8.188335
26642,Mogammat Nasief Morris,Right Center Back,Recreativo Huelva,La Liga,0,-4.103312608538192,-0.17612727651747812,-57.377487,-5.141608
26644,Andrés Lamas Bervejillo,Left Center Back,Recreativo Huelva,La Liga,0,-3.2092272791264462,0.5271300023810781,-50.158684,0.22865024
8404,Eugen Polanski,Center Defensive Midfield,Getafe,La Liga,1,1.1209348075301189,0.32242437069639335,19.69794,21.822878
26645,Ángel Dealbert Ibáñez,Left Center Back,Valencia,La Liga,1,0.605004179820518,1.0491685264770967,30.42858,-1.6785623
26646,Alejandro Damián Domínguez,Center Forward,Valencia,La Liga,4,-0.7934630978797758,-0.6583159941361155,-21.4387,-23.630178
19724,Rafael van der Vaart,Right Center Forward,Real Madrid,La Liga,1,1.418985823339921,-0.2645390565211704,18.027056,20.047056
20014,Christoph Metzelder,Left Center Back,Real Madrid,La Liga,0,-3.345471048957649,0.21341299126177124,-37.377674,36.287327
21568,Royston Ricky Drenthe,Left Midfield,Real Madrid,La Liga,1,-0.36697864975784117,-1.4906723610478625,14.392874,-16.169832
26647,Henok Goitom,Right Center Forward,Almería,La Liga,6,-1.8247888478472556,-2.5236364757031517,-19.861485,-53.59313
26648,Modeste M''bami,Left Center Midfield,Almería,La Liga,4,-0.6746255009126826,-0.48825272714924406,-19.456087,-18.702156
26650,Guilherme Oliveira Santos,Left Wing Back,Almería,La Liga,4,1.452590194758829,-1.335629162659572,29.82598,-11.650636
26651,Hernán Darío Bernardello,Right Center Midfield,Almería,La Liga,1,1.6316764439839275,0.2413376475171615,35.793015,8.727481
26653,José Manuel Flores Moreno,Right Center Back,Almería,La Liga,1,-0.07291929117585051,1.15734629449321,3.4430418,9.262459
3606,Ander Herrera Agüera,Center Defensive Midfield,Real Zaragoza,La Liga,7,3.5096234088648517,1.8425470639056727,33.22572,41.284924
26649,Jermaine Pennant,Center Forward,Real Zaragoza,La Liga,1,2.495692509399242,-0.4805895954552011,38.966118,-11.553547
26652,Adrián Colunga Pérez,Right Midfield,Real Zaragoza,La Liga,6,-0.26906593707330523,-2.9789749593915933,0.84488404,-47.165363
26654,Matteo Contini,Left Center Back,Real Zaragoza,La Liga,2,-1.8999601560898272,-1.231568200989836,-4.758446,-21.024984
26655,Jirí Jarošík,Right Center Back,Real Zaragoza,La Liga,2,-1.326117307776155,-0.3225357418688586,-12.494427,0.025358643
26657,Pedro Ríos Maestre,Center Attacking Midfield,Getafe,La Liga,2,-1.5667136479608434,-0.20010898125463022,-24.281494,-20.500713
26658,Óscar Alfredo Ustari,Goalkeeper,Getafe,La Liga,0,-4.2124994585174225,1.0638946377294467,-73.31376,3.4179144
26659,Roberto Fernández Alvarellos,Goalkeeper,Osasuna,La Liga,0,-4.451257178751013,0.5470128330053964,-81.69971,-17.879494
26660,Krisztián Vadócz,Center Attacking Midfield,Osasuna,La Liga,2,-1.4603416862301677,-1.1321045818163962,-36.536808,-17.336597
26661,Iván Hernández Soto,Left Center Back,Sporting Gijón,La Liga,0,-4.467731748128654,-0.8137753776930344,-55.310307,-8.170615
26663,Julio Álvarez Mosquera,Left Defensive Midfield,Almería,La Liga,2,-0.1881161070231512,0.5611474320168253,-39.793526,7.2681236
18404,José Ángel Crespo Rincón,Left Back,Racing Santander,La Liga,2,0.4796716970648629,1.840891667174686,-7.853864,24.860832
25358,Henrique Adriano Buss,Left Center Back,Racing Santander,La Liga,2,-2.1274880214734653,1.1338416409297145,-33.734325,7.878774
26665,Manuel Jesús Arana Rodríguez,Right Wing,Racing Santander,La Liga,1,-0.32337135093011604,-1.986404341078205,14.501602,-16.466814
24035,Álvaro Vázquez García,Right Wing,Espanyol,La Liga,6,-0.8145684218544194,-4.189412781553381,-1.826859,-55.671307
24147,Ernesto Galán Iñigo,Right Back,Espanyol,La Liga,2,-2.678859899080429,0.9237174675579407,-49.257973,2.75048
24783,Javier Márquez Moreno,Left Center Midfield,Espanyol,La Liga,1,1.2026834692539188,-0.04133234083947702,30.428768,12.66331
26667,Raúl Rodríguez Navarro,Left Center Back,Espanyol,La Liga,2,-0.6399146232615684,0.8600961110675536,-6.009057,9.212425
26668,Javier Calleja Revilla,Left Back,Málaga,La Liga,1,0.9811409032528582,0.5580145065837154,7.1416564,-0.23857072
26669,Weligton Róbson Pena de Oliveira,Left Center Back,Málaga,La Liga,2,-0.8531247459707589,1.2046324455314619,-2.9971716,10.950269
26670,Nabil Baha,Center Attacking Midfield,Málaga,La Liga,6,-0.40981408082703075,-2.985024152442432,-16.18432,-49.26346
8675,Jonathan de Guzmán,Left Wing,Mallorca,La Liga,4,1.18661638426189,-2.918296014791037,12.48417,-32.525276
13581,Emilio Nsue López,Right Wing,Mallorca,La Liga,6,-1.0138434879102554,-3.80179355846447,3.8648555,-58.84572
26671,Michaël Pereira,Center Attacking Midfield,Mallorca,La Liga,6,-0.9381650188133637,-1.8879890084583741,3.5177658,-20.599813
26672,Martí Crespí Pascual,Left Center Back,Mallorca,La Liga,0,-3.3285604373073925,0.48111662259614396,-56.14347,3.7174115
26673,Kevin Martín García Martínez,Left Back,Mallorca,La Liga,0,-4.275718363198147,-0.843447835826953,-44.130177,-21.438677
26674,Edson Ramos de Silva,Right Back,Mallorca,La Liga,2,-2.238983781012957,0.45544018968905287,-29.073154,24.970484
26675,João Victor de Albuquerque Bruno,Right Center Midfield,Mallorca,La Liga,2,0.28680867812810185,0.4720952304665182,-5.0162215,33.78774
26737,Pablo Cendrós López,0,Mallorca,La Liga,5,3.0793888592711594,2.435981201152017,58.85886,12.246326
27305,Germán Darío Lux,0,Mallorca,La Liga,0,-3.9231846315457024,0.5286926343053361,-41.146515,43.513966
26677,Álvaro Domínguez Soto,Left Center Back,Atlético Madrid,La Liga,2,-1.4367102167086225,2.0274207644508904,-9.9084835,37.78537
23792,Daniel Toribio Gutiérrez,Left Center Midfield,Málaga,La Liga,1,0.24472141586350643,0.6335634728771848,24.320242,-3.3714828
24162,Xavier Torres Buigues,0,Málaga,La Liga,2,-0.7478220553615266,0.4910842917302121,-14.883392,7.984486
26678,Victor Obinna Nsofor,Center Forward,Málaga,La Liga,4,0.6506331046060855,-1.376687447442777,23.393488,-26.458853
26679,Manuel Torres Caturla,Left Back,Málaga,La Liga,1,0.39123980836527694,1.1825920104479708,8.729224,7.075843
26681,Marius Stankevičius,Right Defensive Midfield,Sevilla,La Liga,1,0.5536828159651259,0.7854145181188449,12.959212,0.84141594
26682,Alain Didier Zokora-Déguy,Left Defensive Midfield,Sevilla,La Liga,1,1.7814302160955786,0.7297801832696363,55.614338,-12.474859
26683,Abdoulay Konko,Right Back,Sevilla,La Liga,7,1.2047073013388505,1.8850880959192051,8.798456,35.005547
26684,Derek Owusu Boateng,Left Center Midfield,Getafe,La Liga,7,2.8164459830790354,3.0897625522381604,15.862327,53.303997
26685,Nicolás Ladislao Fedor Flores,Left Wing,Getafe,La Liga,6,0.1633279980523709,-4.484728672009857,-4.443327,-58.424843
26686,Jordi Codina Rodríguez,Goalkeeper,Getafe,La Liga,0,-4.309678679770565,0.8989519546305446,-71.941666,1.7076737
26687,Héctor Sánchez Cabrera,Left Back,Tenerife,La Liga,2,-1.7496501633091037,-0.01049730242374543,-39.680565,-6.2755904
26688,Manuel Martínez Lara,Center Defensive Midfield,Tenerife,La Liga,2,-1.380125380170928,-0.8826757920068146,-35.535267,-14.684034
26807,Marc Bertrán Vilanova,0,Tenerife,La Liga,1,-0.45503878177767654,-0.14725416669460661,3.6437013,1.1132227
6879,Alberto Bueno Calvo,0,Real Valladolid,La Liga,6,-0.800943511201747,-1.7606632783953253,-6.8231454,-34.553036
26689,Nauzet Alemán Viera,Right Wing,Real Valladolid,La Liga,2,-1.1080385230597425,1.1297999713795097,-22.87155,8.625163
26690,Alberto Mateus Contreiras Gonçalves,Center Forward,Real Valladolid,La Liga,6,-0.8455245819953697,-4.007952001614345,-10.222641,-54.730595
26691,Jacobo Sanz Ovejero,Goalkeeper,Real Valladolid,La Liga,0,-4.13286440515119,0.9287909390428466,-84.96398,-2.2027383
26692,Henrique Sereno Fonseca,Right Center Back,Real Valladolid,La Liga,0,-2.000598024046032,0.5208124905596719,-28.717249,1.8727099
26694,José Carlos Fernández Vázquez,Right Attacking Midfield,Sevilla,La Liga,1,1.958657072494767,0.15046901287397418,31.724495,-8.238991
26695,Marc Valiente Hernández,Center Defensive Midfield,Sevilla,La Liga,2,-1.4049843606831403,0.9611675852849761,-34.324528,2.3693457
26696,Arouna Koné,Center Forward,Sevilla,La Liga,4,1.6724850871853847,-2.2022353692574805,20.183573,-44.204205
26698,Nilmar Honorato da Silva,Left Center Forward,Villarreal,La Liga,4,0.39766116401757345,-3.021462361120608,13.725238,-32.65206
10805,Ricardo Alberto Silveira de Carvalho,Left Center Back,Real Madrid,La Liga,2,-0.8577010095899409,1.7460366573160426,-13.521077,34.88611
20133,Xabier Alonso Olano,Left Center Midfield,Real Madrid,La Liga,7,2.93871740826502,4.446076084087335,9.678671,68.217255
26699,Emmanuel Adebayor,Center Forward,Real Madrid,La Liga,6,-0.6236510427553928,-2.784542283727701,-14.519413,-54.244534
8724,Carlos Martínez Díez,Right Back,Real Sociedad,La Liga,1,0.792237654842363,1.267181776758543,12.895628,18.927372
12191,Gorka Elustondo Urkola,Left Defensive Midfield,Real Sociedad,La Liga,2,-0.7534931211282337,0.5117970786985492,-18.552078,19.675491
26700,Diego Ifrán Sala,Center Forward,Real Sociedad,La Liga,3,-0.15822252523006256,-6.027553956883513,7.7670226,-62.87365
26701,Vadim Demidov,Left Center Back,Real Sociedad,La Liga,2,-1.4266930460136695,-0.28174162458967245,-5.7935925,0.71410865
18925,Ignacio Cases Mora,Right Center Midfield,Sporting Gijón,La Liga,2,0.2687882322014616,0.6188648231757863,2.6992753,20.520615
26703,André de Castro Pereira,Left Center Midfield,Sporting Gijón,La Liga,2,-1.7802705453571,-0.31023497831107216,-17.955854,-2.242054
3181,Lassana Diarra,Right Defensive Midfield,Real Madrid,La Liga,5,4.526572226573065,2.0726341782148263,40.384083,38.83725
8060,Klaas-Jan Huntelaar,Left Center Forward,Real Madrid,La Liga,6,-1.8146106638731387,-4.028665775254928,2.4814548,-57.475273
26758,Felipe Mattioni Rohde,0,Mallorca,La Liga,2,-1.4681290025052336,1.1044486008306251,-48.9356,11.263346
26707,Juan Pablo Carrizo,Goalkeeper,Real Zaragoza,La Liga,0,-4.4526745253514335,0.7428301449553436,-69.86891,0.67926466
19454,Ricardo Miguel Moreira da Costa,Left Center Back,Valencia,La Liga,2,-1.8243784866620898,0.5291880766768944,-18.836582,16.077312
26712,Ricardo Izecson dos Santos Leite,Center Attacking Midfield,Real Madrid,La Liga,4,3.3956268307543995,-3.0920705450692267,32.61125,-44.450787
23651,Ivan Obradović,Left Wing Back,Real Zaragoza,La Liga,2,-2.739571605692836,-0.23393465211328845,-20.612305,-7.397577
26715,Maurizio Lanzaro,Right Center Back,Real Zaragoza,La Liga,2,-3.3263569466859026,-0.33562479864660844,-49.94279,-7.957015
26716,Braulio Nóbrega Rodríguez,Right Center Forward,Real Zaragoza,La Liga,6,-2.6231284221517237,-3.2622990069829787,-19.849253,-54.548195
3385,Alexis Alejandro Sánchez Sánchez,Left Wing,Barcelona,La Liga,4,3.0859158966674873,-3.0067333822943842,31.806427,-46.778233
3478,Francesc Fàbregas i Soler,Center Forward,Barcelona,La Liga,7,4.068626481877145,2.3993731067107436,25.895037,61.74694
7321,Liassine Cadamuro-Bentaïba,Right Wing,Real Sociedad,La Liga,1,0.7487357835422126,0.7454243972144595,3.4665241,5.204357
23806,Alejandro Bergantiños García,Right Defensive Midfield,Xerez,La Liga,2,0.3081806194568307,0.4751343024392944,19.839153,23.719744
7034,Mateo Pablo Musacchio,Left Center Back,Villarreal,La Liga,1,0.447319416545885,0.9312296847796084,4.037573,5.9800515
26721,Joan Oriol i Gràcia,Left Back,Villarreal,La Liga,1,-0.13915527616089116,-0.15972790148519478,10.76886,-16.215534
26722,Pablo César Pintos Cabral,Right Back,Getafe,La Liga,2,-1.6316399823671155,0.7112957186227823,-39.615696,-10.26659
26723,Álvaro Cejudo Carmona,Left Wing,Osasuna,La Liga,4,0.7392368853775373,-1.1302594989968686,17.589512,-26.48541
7781,Felipe Salvador Caicedo Corozo,Center Forward,Levante UD,La Liga,6,0.43384749354816726,-3.8592356755583856,-5.3125806,-49.11149
26726,Iñaki Bea Jauregi,Left Center Back,Real Valladolid,La Liga,1,-1.4025846949253944,0.2532807289514394,21.925297,0.058569714
26727,Marcos Sebastián Aguirre,Right Wing,Real Valladolid,La Liga,6,-2.7568791496081015,-1.9069429836408314,-28.295122,-30.553795
17083,Jonas Gonçalves Oliveira,Left Midfield,Valencia,La Liga,4,1.5222648117228905,-2.231923877177013,13.275081,-39.581932
26728,Alberto Facundo Costa,Right Center Midfield,Valencia,La Liga,7,1.9996161964366375,2.213039777857081,18.733782,48.7183
24040,Cristian Darío Álvarez,0,Espanyol,La Liga,0,-3.945928031429539,1.3267343207373103,-77.30713,6.168319
23931,Francisco Mérida Pérez,Center Attacking Midfield,Atlético Madrid,La Liga,2,-0.20723466110103186,0.2835864953486882,-22.521881,-4.168116
4041,José Salomón Rondón Giménez,Left Center Forward,Málaga,La Liga,6,0.2619569071061171,-5.002330014114532,-10.133949,-59.547882
26731,Patrick Jan Mtiliga,Left Back,Málaga,La Liga,2,-1.7481105364277818,1.5768763267381651,-23.34157,1.7748126
15602,Juan Carlos Valerón Santana,Right Wing,RC Deportivo La Coruña,La Liga,7,1.2401395030066407,3.8296237181950064,-8.244276,56.573654
26736,Borja Ekiza Imaz,Right Center Back,Athletic Club,La Liga,2,-0.8547003266600169,0.885808135391654,-6.6258664,-0.14934704
26746,Kennedy Bakircioglu,Right Midfield,Racing Santander,La Liga,1,0.522669640005077,0.20729277339926194,30.893013,-0.9473192
3269,Francisco Femenía Far,Center Attacking Midfield,Hércules,La Liga,2,-1.0364326605433167,-0.35957489586541264,-6.5736613,-17.899357
19311,David Sergio Trézéguet,Center Forward,Hércules,La Liga,6,-1.5228576374491087,-3.321140308206007,-17.922907,-39.510246
26744,Jorge López Marco,Right Wing,Hércules,La Liga,4,1.2644254817992202,-0.04140424248722181,-14.935105,-18.320034
26747,Noé Elias Pamarot,Left Center Back,Hércules,La Liga,1,-1.1330337320723685,0.2848782599839699,18.299501,2.6456854
26748,Nelson Antonio Haedo Valdez,Center Attacking Midfield,Hércules,La Liga,3,-0.09552132764590056,-5.300212662694693,7.896355,-62.710484
26749,Abraham Paz Cruz,Right Center Back,Hércules,La Liga,1,0.9262829608015206,-2.543008258649128,29.00894,-7.8849373
26751,Matías Lionel Fritzler,Left Center Midfield,Hércules,La Liga,1,0.3315065057583711,-0.05437666727831288,26.758226,14.605393
7456,Diego Perotti,Right Midfield,Sevilla,La Liga,4,2.7540317687765388,-0.26576133001141355,39.807228,-29.155355
8420,Luca Cigarini,0,Sevilla,La Liga,7,2.5073790058287524,1.179567149854109,21.025162,46.72448
26752,Mouhamadou Dabo,Right Back,Sevilla,La Liga,2,-0.9161015463685408,0.9646011968103472,-16.173336,10.045271
26753,Javier Varas Herrera,Goalkeeper,Sevilla,La Liga,0,-3.5746148249861225,0.9659233064422891,-42.60549,38.11662
16453,Gary Alexis Medel Soto,Left Defensive Midfield,Sevilla,La Liga,7,1.7983522234418052,3.0611016722274806,29.07192,43.848522
26553,Mamadou Koné,Center Forward,Racing Santander,La Liga,5,3.5831817944357542,-3.6199857396967703,52.701283,0.314918
26757,Mohamed Adama Sarr,Right Center Back,Hércules,La Liga,1,0.6883726389390659,-0.17524032304758957,32.04005,-1.8146048
34390,Jerzy Dudek,0,Real Madrid,La Liga,0,-4.522987726337186,0.6065130753339463,-78.60472,-6.5693107
10815,Ádám Pintér,Right Center Midfield,Real Zaragoza,La Liga,1,-0.08365634664581198,0.3091294966589598,24.508755,-2.2927887
26760,Guirane N''Daw,Left Center Midfield,Real Zaragoza,La Liga,5,4.736343783734928,-2.1011882254100454,52.644585,12.847236
26761,Paulo César Da Silva Barrios,Left Center Back,Real Zaragoza,La Liga,2,-3.193714292551697,-0.29211224288685245,-50.581898,-7.4022827
26764,Jon Ansotegi Gorostola,Right Center Back,Real Sociedad,La Liga,0,-3.416963626650634,-0.22491356946461072,-49.858562,-4.4368715
26765,José Manuel Catalá Mazuecos,Left Back,Villarreal,La Liga,5,4.977240353522243,1.714772224084269,59.79025,6.836359
16688,Marcelo Andrés Silva Fernández,Right Center Back,Almería,La Liga,0,-4.002236672372947,-0.6322661063292301,-50.066338,-8.719955
18724,Sofiane Feghouli,Right Wing,Almería,La Liga,4,0.19538012705118918,-1.3467898858895735,22.157383,-32.28892
3671,José Leonardo Ulloa,0,Almería,La Liga,6,3.2171959906351084,-5.819689373876858,-15.239308,-60.883648
26766,Fabián Andrés Vargas Rivera,Left Center Midfield,Almería,La Liga,2,-2.064620188779537,0.608351554732715,-43.91229,-8.286509
23944,Oier Sanjurjo Mate,0,Osasuna,La Liga,1,0.31153305716599017,0.1839782899522019,5.8699174,-1.3295333
23975,Dejan Lekić,Center Forward,Osasuna,La Liga,3,4.042613229486566,-6.196979921935081,12.2473955,-59.477386
7063,Jefferson Antonio Montero Vite,Right Midfield,Villarreal,La Liga,4,1.1173841431689966,-1.7919588174142775,24.111652,-38.03218
10922,Vladimír Weiss,Left Wing,Espanyol,La Liga,4,3.7144319906493197,-0.8440542483393629,55.99157,-6.306066
26775,Thievy Guivane Bifouma Koulossa,Right Wing,Espanyol,La Liga,6,1.234066779246557,-3.4905098771518945,11.872369,-41.70305
26776,Juan Isaac Cuenca López,Right Midfield,Barcelona,La Liga,4,1.0281039293402592,-0.6005811821986572,36.37906,-31.470427
19431,Fernando Damián Tissone,Center Attacking Midfield,Mallorca,La Liga,2,0.3348959363234018,1.3100195438695883,6.896269,25.394505
24053,Álvaro Giménez Candela,Center Forward,Mallorca,La Liga,6,-1.9119536060797742,-3.0286354319204185,-8.42209,-49.33788
23995,Jaime Romero Gómez,Right Midfield,Granada,La Liga,2,-2.9283135378964125,-0.9836873956615992,-46.20489,-13.9527025
25707,Francisco Manuel Rico Castro,Right Defensive Midfield,Granada,La Liga,2,0.8721808526144118,0.7066794432007806,16.770498,24.466042
26573,Íñigo López Montaña,Right Center Back,Granada,La Liga,2,-1.6122837999563677,0.10303179696744574,-8.146863,2.5204732
26779,Daniel González Benítez,Left Midfield,Granada,La Liga,0,-3.0779975057475815,-1.2201879378463814,-26.95352,-21.503819
26780,Guilherme Magdalena Siqueira,Left Back,Granada,La Liga,1,1.3747163406024256,1.1365596114559882,36.91286,17.4469
26781,Diego Mainz García,Left Center Back,Granada,La Liga,2,-0.990957962637677,0.25919315510507535,-22.437239,23.719503
11543,José Antonio Dorado Ramírez,Left Center Back,Real Betis,La Liga,2,-1.3397880041142485,1.7519743925470836,-10.303576,37.313934
18407,José Alberto Cañas Ruiz Herrera,Right Center Midfield,Real Betis,La Liga,2,-0.2159760251874926,1.8716274958303003,-12.544713,26.647085
26782,José Antonio Delgado Villar,Right Center Forward,Real Betis,La Liga,1,3.7136564438133735,0.7097010056667172,36.982456,36.274563
26783,Roque Luis Santa Cruz Cantero,Left Midfield,Real Betis,La Liga,6,1.0473580600447643,-2.452972149081157,-5.5816703,-48.045513
26784,Paulo Afonso Santos Júnior,Right Center Back,Real Betis,La Liga,1,2.3840752010740127,3.215067909037494,59.585636,-6.123713
7125,Khouma El Hadji Babacar,Center Forward,Racing Santander,La Liga,3,-0.2794661034304961,-4.39844827873762,5.471359,-57.630066
26786,Mario Fernández Cuesta,Goalkeeper,Racing Santander,La Liga,0,-4.4995452631292645,0.6742220512450026,-76.4792,-4.701395
26787,Marcos Gullón Ferrera,Left Defensive Midfield,Racing Santander,La Liga,1,1.5264070807614063,-0.5646628377014692,37.8494,-5.5594206
23945,Iñigo Pérez Soto,Right Center Midfield,Athletic Club,La Liga,1,2.0968941975244935,0.2867759341701524,46.62749,3.8212085
26788,Jon Aurtenetxe Borde,Left Back,Athletic Club,La Liga,1,0.26107320339126616,1.5151365483889474,10.89417,15.680464
3040,Tomer Hemed,Right Center Forward,Mallorca,La Liga,6,0.24502994290628946,-6.860164442036147,-7.8760133,-63.545025
26789,Pablo Domingo Cáceres Rodríguez,Left Back,Mallorca,La Liga,2,-2.27309498973881,2.191603771710078,-44.93836,11.76533
26790,Piotr Trochowski,Left Center Midfield,Sevilla,La Liga,2,-1.1639874881210834,-0.30950202299373486,-43.9739,7.1906295
26791,Emir Spahić,Right Center Back,Sevilla,La Liga,2,-0.040116105366757665,1.698176527621684,-8.141762,26.95891
24072,Salvador Sevilla López,Left Center Midfield,Real Betis,La Liga,7,0.4570785938264558,1.058019219506142,15.974116,45.991657
11161,Rúben Micael Freitas da Ressurreição,Center Attacking Midfield,Real Zaragoza,La Liga,2,-1.0328036239861014,0.6512678542535238,-41.45632,5.3065467
16268,Efraín Juárez Váldez,Right Back,Real Zaragoza,La Liga,2,-1.6661711024756423,0.9336335394110895,-37.24117,-5.140478
20011,Hélder Manuel Marques Postiga,Center Forward,Real Zaragoza,La Liga,6,-0.7412811709916917,-4.495697299946448,-0.22205043,-57.217407
20264,Fernando José da Silva Freitas Meira,Right Defensive Midfield,Real Zaragoza,La Liga,0,-3.302306746531699,1.416007738749563,-56.751736,6.3013363
23942,Abraham Minero Fernández,Left Back,Real Zaragoza,La Liga,2,-3.1486710322720315,-0.10921063871464762,-18.442091,-7.9007516
26798,David Mateos Ramajo,Left Center Back,Real Zaragoza,La Liga,2,-1.8667440810993667,0.4197822726606557,-39.462147,-6.3159585
6869,Alejandro Arribas Garrido,Left Center Back,Rayo Vallecano,La Liga,2,-0.831462855706578,0.6962795043090308,-3.450105,11.680229
23761,Alhassane Bangoura,Center Forward,Rayo Vallecano,La Liga,4,1.8789957646063595,-2.7083214206912336,24.335026,-40.46499
26797,Francisco Medina Luna,Center Forward,Rayo Vallecano,La Liga,4,1.0296660271659854,-2.4614052667620006,22.631613,-35.382816
26800,Mikel Labaka Zurriarain,Right Center Back,Rayo Vallecano,La Liga,1,-0.26596668759694725,-0.6140536456162143,5.0974526,1.3244327
26801,Jordi Figueras Montel,Left Back,Rayo Vallecano,La Liga,2,-1.743587534432288,1.0127455806264964,-19.15971,20.02176
26803,Pedro Roberto Silva Botelho,Right Back,Rayo Vallecano,La Liga,5,2.467260401651217,0.5756093535462857,46.51973,8.70421
26804,Miguel Pérez Cuesta,Center Attacking Midfield,Rayo Vallecano,La Liga,6,-0.03456060523259589,-3.356117578957689,-15.046572,-48.229664
20269,Joris Mathijsen,Left Center Back,Málaga,La Liga,0,-3.864624848874978,0.06890674699389984,-53.14252,-7.00118
15416,Jukka Raitala,Left Back,Osasuna,La Liga,2,-1.436803084215603,0.2846916283863355,-4.071201,-3.5551963
23364,Sílvio Manuel Azevedo Ferreira Sá Pereira,Left Center Midfield,Atlético Madrid,La Liga,2,-2.401871894108854,0.8861572826533806,-43.06024,-8.217735
24068,José Luis Moreno Barroso,Right Center Forward,Villarreal,La Liga,6,-3.4849943263694847,-2.667418760210737,-31.399105,-21.563904
26809,Diego Mario Buonanotte Rende,Right Center Midfield,Málaga,La Liga,3,-0.4066632625285097,-2.2974623928681557,26.957869,-56.045406
23933,Abdelaziz Barrada,Left Center Midfield,Getafe,La Liga,7,2.3480949641388817,0.5923412095722973,43.402794,-25.03531
24506,Álvaro Arroyo Martínez,Right Midfield,Getafe,La Liga,2,-3.271770175064411,-0.025012972882664287,-50.28723,-7.4704857
26815,Tsepo Peter Masilela,Left Back,Getafe,La Liga,1,-0.5097060077521046,0.5073770230856213,27.492695,0.45570752
7701,Franco Zuculini,Right Wing,Real Zaragoza,La Liga,5,7.039715912251821,0.524811476480664,59.810604,5.4173636
26837,Pablo Sebastián Valeira Álvarez,Right Back,Real Zaragoza,La Liga,1,-0.7423793451814346,-1.2481597348814433,46.166645,-15.961834
16718,Roland Conde Lamah,Left Wing,Osasuna,La Liga,6,-0.10499644080891428,-2.87141188996024,6.075712,-32.343403
26842,Rovérsio Rodrigues de Barros,Left Center Back,Osasuna,La Liga,0,-4.509872465627768,0.05049779385654567,-54.516308,-6.5248528
23974,Roberto Antonio Correa Silva,Right Back,Rayo Vallecano,La Liga,2,-0.478847271088102,1.9660779744005026,1.0386418,29.045164
26848,Roberto Trashorras Gayoso,Right Defensive Midfield,Rayo Vallecano,La Liga,7,2.891038822932767,2.6664145033307376,24.089336,60.461452
27121,Andrija Delibašić,0,Rayo Vallecano,La Liga,1,-0.3416801355016951,-1.090511054754008,25.171206,-2.6516922
26849,Júlio César Jacobi,Goalkeeper,Granada,La Liga,0,-4.80949053079241,0.16693921178056603,-77.518425,-19.179546
26851,Borja Gómez Pérez,Left Center Back,Granada,La Liga,1,-1.2161705952259736,0.09696627419662261,29.861832,-2.3054552
27053,Alexandre Dimitri Song-Billong,Center Defensive Midfield,Barcelona,La Liga,7,3.2095002006014717,3.395966539893755,18.159386,60.624554
27052,Lévy Clément Madinda,Right Defensive Midfield,Celta Vigo,La Liga,2,-2.3411030297177358,0.9478075102965816,-43.456203,-17.409811
27054,Roberto Lago Soto,Left Back,Celta Vigo,La Liga,2,0.03960907462811795,1.4001339284277363,6.5037513,23.591692
27088,Fernando Macedo Da Silva Rodilla,Left Back,Osasuna,La Liga,0,-2.988937096696957,0.8500009274975125,-48.088963,-3.6154783
27089,Raoul Cédric Loé,Left Defensive Midfield,Osasuna,La Liga,1,0.6478160615658476,-0.11491919362157066,1.4413147,8.344926
27091,Jorge Sammir Cruz Campos,Center Forward,Getafe,La Liga,4,-0.5496173725705732,-1.593216294653177,-19.584337,-18.934204
27092,Abdoul Karim Yoda,Right Midfield,Getafe,La Liga,4,2.5806231726716247,0.29720730939037004,50.26515,-45.200844
27112,Papa Babacar Diawara,0,Getafe,La Liga,6,-2.3620541852721604,-2.302787827144679,-23.517485,-44.114567
10731,Gabriel Andrei Torje,Right Wing,Granada,La Liga,1,0.5110183032904431,-0.9162553597042804,20.950222,-8.779169
11165,Yacine Brahimi,Center Attacking Midfield,Granada,La Liga,4,5.171392343406493,-3.8074625351009623,46.22825,-44.92042
27109,Youssef El-Arabi,Center Forward,Granada,La Liga,6,1.2458041757535923,-5.143200289180355,-3.40898,-59.074013
27110,Antonio Floro Flores,Center Forward,Granada,La Liga,4,1.769875997153325,-4.001553334176831,21.447824,-47.282787
23833,Borja Viguera Manzanares,Left Center Forward,Athletic Club,La Liga,6,-1.3606559284580995,-2.577199784827562,-19.749344,-39.515327
27119,Alex Sandro Mendonça Dos Santos,Right Back,Sevilla,La Liga,5,1.7699497244901286,0.7560787427925197,57.3358,13.58773
20494,Andreas Ivanschitz,Left Center Forward,Levante UD,La Liga,6,0.6284540742506524,-2.491077726873474,-3.269231,-26.209743
23943,Rubén García Santos,Left Wing,Levante UD,La Liga,4,0.9767931961714558,-1.0877344827258768,17.155659,-27.47297
24860,Héctor Rodas Ramírez,Right Center Back,Levante UD,La Liga,2,-0.8415697549474025,0.4117019026419949,-24.457281,18.404024
27122,Simão Mate,Right Defensive Midfield,Levante UD,La Liga,2,-0.2087019849780497,0.9046083074381692,-3.2997978,13.170654
27123,Jordi Xumetra Feliu,Right Wing,Levante UD,La Liga,6,-2.6134611384804294,-1.6146325184319639,-26.860453,-33.562206
27142,Christian Lell,Right Back,Levante UD,La Liga,1,0.8999145682055387,-0.31318385447742014,9.216172,1.3953241
3623,Adrián San Miguel del Castillo,Goalkeeper,Real Betis,La Liga,0,-4.146410567306098,0.2709106595726138,-42.377823,43.114304
24143,Álvaro Vadillo Cifuentes,Center Attacking Midfield,Real Betis,La Liga,4,0.21780718427219772,-3.2071990823126924,21.190203,-41.555912
25022,Alejandro Martínez Sánchez,Left Back,Real Betis,La Liga,2,-1.1081582131039562,1.3742356037868182,-22.51937,31.762814
26257,Dorlan Mauricio Pabón Ríos,Right Wing,Real Betis,La Liga,4,1.4635379678056124,-2.4832444706043018,28.187857,-40.606186
27144,Antonio Amaya Carazo,Right Center Back,Real Betis,La Liga,2,-0.9543234644364342,1.2570752728232841,-18.916485,20.61665
15651,Juan Bernat Velasco,Right Wing,Valencia,La Liga,7,1.129633300372288,2.749288199442963,7.5669627,48.11034
20138,João Pedro da Silva Pereira,Right Back,Valencia,La Liga,1,1.9316739809525405,1.85318633441008,36.399807,6.0653834
27146,Aly Cissokho,Left Back,Valencia,La Liga,2,-0.5319368882499083,1.5847380410852423,-11.86246,16.597277
4741,Juan Rafael Fuentes Hernández,Left Back,Espanyol,La Liga,2,-1.0959168827745154,0.9187211023726319,-7.865901,8.3148775
8817,Jhon Andrés Córdoba Copete,Right Wing,Espanyol,La Liga,6,0.09697910757114926,-4.14023019474762,-5.0494685,-50.21463
27148,Abraham González Casanova,Right Center Midfield,Espanyol,La Liga,2,0.4063840026788072,0.2822325353127703,4.718411,18.830269
12021,Óliver Torres Muñoz,Right Wing,Atlético Madrid,La Liga,7,2.4258589254858225,1.2608782793927016,26.784113,39.00391
12626,Emiliano Adrián Insúa Zapata,Left Back,Atlético Madrid,La Liga,2,0.3891839889553577,1.2203478081600514,7.1803546,26.093311
20539,Loukas Vyntra,Right Back,Levante UD,La Liga,1,0.17687962730817036,-1.3212873345422727,9.759814,-48.579346
27154,Nikolaos Karabelas,Left Back,Levante UD,La Liga,1,-0.7924975041848049,-0.026107334697506156,-0.0532374,-2.5926886
27155,Bojan Jokić,Left Back,Villarreal,La Liga,1,0.8692683898007619,1.2026518592099762,27.643522,4.438292
27182,Flávio Nunes Ferreira,Left Center Back,Málaga,La Liga,0,-4.283940401316103,0.370528641190098,-63.52721,4.8487387
27184,Marcos Alberto Angeleri,Right Back,Málaga,La Liga,2,-1.5501883790533195,0.7347826607227605,-33.461697,4.9981422
8678,David Ángel Abraham,0,Getafe,La Liga,1,-0.16407157073939913,1.2766485514394739,-6.493059,15.640619
3290,Federico Fernández,0,Getafe,La Liga,7,1.3376775623806751,2.364775420666808,-0.48836333,46.802094
23811,Alberto Perea Correoso,Right Wing,Rayo Vallecano,La Liga,4,0.8765678789964346,-1.4598506172500958,12.678228,-18.383307
27190,Joaquín Oscar Larrivey,Center Attacking Midfield,Rayo Vallecano,La Liga,3,-0.006346120336006888,-2.666022895095703,6.216445,-49.21045
6868,Bruno Alexandre Vilela Gama,Right Wing,RC Deportivo La Coruña,La Liga,1,0.38746875911322337,-0.7193406204889881,12.656511,-15.570599
10325,Luís Miguel Afonso Fernandes,Left Wing,RC Deportivo La Coruña,La Liga,3,-0.6427832685033206,-3.2133679624426694,17.290089,-55.085323
20137,Nélson Miguel Castro Oliveira,Left Center Forward,RC Deportivo La Coruña,La Liga,1,2.36561646753932,-1.0180814148116335,13.193347,-24.587368
27191,Diogo Ferreira Salomão,Left Midfield,RC Deportivo La Coruña,La Liga,4,-0.9268370394662385,-1.8758599615695126,-1.4020165,-42.016243
23967,Alejandro Fernández Iglesias,Center Attacking Midfield,Espanyol,La Liga,3,0.6882937135626537,-2.6543158229391244,12.762358,-56.45852
27196,Jonathan Vila Pereira,Right Center Back,Celta Vigo,La Liga,0,-3.7998898285977174,0.6576859219386564,-55.556705,-1.2269636
27198,Andrés José Túñez Arceo,Left Center Back,Celta Vigo,La Liga,2,-2.130381900588939,1.292405276514617,-26.860596,33.198288
27200,Alejandro López Sánchez,Right Defensive Midfield,Celta Vigo,La Liga,4,-0.013600326488316963,-0.27283313978558627,-16.113482,-24.105244
15893,Víctor Rodríguez Romero,Center Attacking Midfield,Real Zaragoza,La Liga,4,0.7470921219000087,-0.4469732743475795,30.586536,-26.347898
24578,Francisco Montañés Claverías,Left Midfield,Real Zaragoza,La Liga,4,0.7308685109093528,-1.4212487821695998,16.55051,-25.930115
27199,Raúl Goni Bayo,Right Back,Real Zaragoza,La Liga,5,5.542752035661559,1.8142733344598265,59.594646,6.451152
10881,Diogo José Rosário Gomes Figueiras,Left Back,Sevilla,La Liga,2,0.17728911398824357,0.6810805508157518,-0.36820778,-8.206821
8523,Yevhen Konoplyanka,Left Midfield,Sevilla,La Liga,4,0.6168994384261796,-2.2686750453706113,25.600428,-47.07608
10476,Timothée Kolodziejczak,Left Center Back,Sevilla,La Liga,2,-0.8739497744677108,1.9795100553754787,-9.9553995,35.89621
23802,Juan Muñoz Muñoz,Right Center Forward,Sevilla,La Liga,6,-1.585318664494022,-3.2724715948618077,2.6226647,-49.537086
27483,Benoît Trémoulinas,Left Back,Sevilla,La Liga,2,-0.6520352870798981,1.2539976761589344,-1.1723788,26.901457
3160,Rene Krhin,Right Defensive Midfield,Córdoba CF,La Liga,1,-0.15485470458714484,0.43706806195052444,-3.211105,13.3016405
23825,Fidel Chaves de la Torre,Left Wing,Córdoba CF,La Liga,4,1.821333643248953,0.388568456288756,52.351166,-45.922672
24139,Luis Eduardo Delgado Pacheco,Center Attacking Midfield,Córdoba CF,La Liga,1,1.734143147204867,0.15216125027022365,28.10434,13.088396
24255,Juan Carlos Martín Corral,Goalkeeper,Córdoba CF,La Liga,0,-3.5092697843382434,1.2054004701430405,-41.558636,36.24867
24811,David Omar Rodríguez Barrera,Left Defensive Midfield,Córdoba CF,La Liga,1,0.9657710819788505,1.4807801790054915,59.620365,-7.1309156
27236,Patrick Claude Ekeng Ekeng,Center Attacking Midfield,Córdoba CF,La Liga,6,0.9757410139551898,-1.1566656920837046,-21.624475,-49.570683
27238,Edimar Curitiba Fraga,Left Back,Córdoba CF,La Liga,2,-1.6631460773033315,0.6512775848500257,-16.702473,-1.4024652
27239,Aleksandar Pantić,Left Center Back,Córdoba CF,La Liga,2,-2.468567701343185,-0.015385862666899541,-22.14278,19.084478
10868,Ricardo Jorge Luz Horta,0,Málaga,La Liga,4,0.31137744156433256,-1.7553858741914916,-3.0726955,-39.352245
24070,Saúl Berjón Pérez,Left Center Forward,Eibar,La Liga,4,0.1193361030835352,-2.5669488788694506,22.90037,-46.067364
24190,Javier Lara Grande,Left Center Midfield,Eibar,La Liga,1,2.4402340280609436,0.05616841343164254,27.84435,12.817511
24508,Manuel Castellano Castro,Right Center Back,Eibar,La Liga,1,0.9161891488615002,1.6176149126773682,10.779135,11.80418
27343,Jon Errasti Zabalete,Center Defensive Midfield,Eibar,La Liga,1,1.4323294706577372,-1.5927246266333521,25.678173,-6.9167366
27462,Xabier Iruretagoiena Aranzamendi,Goalkeeper,Eibar,La Liga,0,-4.958895048937401,-0.18181987402487498,-75.21652,-25.543962
27517,Jaime Jiménez Merlo,0,Eibar,La Liga,0,-5.306354231517498,-0.624566771823052,-70.68155,-24.803858
7468,Iago Falqué Silva,Left Wing,Rayo Vallecano,La Liga,2,0.3954332961925806,0.03626546139057876,31.420578,-28.002047
16332,Ognjen Vranješ,Right Back,Sporting Gijón,La Liga,1,-0.14563883245613837,0.9594609885244565,1.4385555,7.651724
18398,Omar Mascarell González,Right Defensive Midfield,Sporting Gijón,La Liga,2,0.24063766487130944,0.8625381174305483,1.0525355,16.916182
23838,Pablo Pérez Rodríguez,Right Wing,Sporting Gijón,La Liga,6,0.27657852062436555,-2.7847303162109394,-13.166269,-53.719692
23848,Carlos Carmona Bonet,0,Sporting Gijón,La Liga,4,2.2501291165465105,-0.9098281731785476,28.355083,-15.932399
23994,Alejandro Menéndez Díez,Left Wing,Sporting Gijón,La Liga,1,0.5006665856478483,-1.3449398624818456,17.661434,-26.05914
24173,Carlos Castro García,Center Attacking Midfield,Sporting Gijón,La Liga,6,-0.7059724807624195,-4.946400523629325,-4.7710676,-62.541187
24263,Ismael López Blanco,Left Back,Sporting Gijón,La Liga,1,1.5906151221805473,0.9851715799358302,36.668266,16.438053
26256,Igor Lichnovsky Osorio,Left Center Back,Sporting Gijón,La Liga,2,-1.1441726849004756,1.4541766991206844,-18.152273,28.02316
27526,Rachid Aït-Atmane,Left Defensive Midfield,Sporting Gijón,La Liga,1,1.1236361219358095,1.0928408204129376,24.572947,20.302977
3553,Lacina Traoré,0,Sporting Gijón,La Liga,6,-0.5204643336097226,-4.705832424626456,-11.062857,-57.048073
4498,Jean-Sylvain Claude Babin,Right Center Back,Sporting Gijón,La Liga,2,-1.3562758829846546,0.3730066645102018,-21.775494,23.142975
23843,Diego Mariño Villar,0,Sporting Gijón,La Liga,0,-3.8276772740823937,1.1288601258325532,-44.504944,31.639511
25591,Juan Rodríguez Martínez,Left Center Back,Sporting Gijón,La Liga,2,-3.0805551012043177,-0.36074069287519056,-49.422417,-8.096731
27318,Douglas Pereira dos Santos,Right Midfield,Sporting Gijón,La Liga,7,0.6838321068651226,2.6686702332349985,-8.61344,54.394123
16456,Enzo Pablo Roco Roco,Right Center Back,Espanyol,La Liga,2,-1.5444629784968744,1.0395737971873098,-19.632797,18.052776
27241,Víctor Guillermo Álvarez Delgado,Left Back,Espanyol,La Liga,1,0.8159271389951481,-0.23111249924118607,14.65129,-9.133625
31904,Giedrius Arlauskis,0,Espanyol,La Liga,0,-2.462483906191528,0.15680426891549307,-28.167027,0.41479674
11813,Emiliano Buendía,Left Wing,Getafe,La Liga,1,3.0418176476248227,0.26636663305445873,43.741005,15.312454
27179,Fredy Hinestroza Arias,Center Attacking Midfield,Getafe,La Liga,4,0.632268953495048,-2.339825070614573,-10.828281,-32.038525
11542,Javier Guerra Rodríguez,Center Forward,Real Valladolid,La Liga,6,0.37065706561537176,-4.96331514816283,-6.7933135,-62.379475
24264,Daniel Hernández Santos,Goalkeeper,Real Valladolid,La Liga,0,-3.8957084799498443,1.3000437730204648,-77.85461,5.846543
27201,Víctor Pérez Alonso,Left Center Midfield,Real Valladolid,La Liga,1,2.061854507453303,2.2584651789768704,57.266438,18.234127
3389,Eliaquim Mangala,Left Center Back,Valencia,La Liga,2,-0.62410954597069,1.6750163722010758,-12.218128,35.246723
4406,Aymen Abdennour,Left Back,Valencia,La Liga,2,0.3379906237116796,1.6224457242284092,-9.973125,25.134361
7005,João Pedro Cavaco Cancelo,Right Wing,Valencia,La Liga,4,2.2269704209495194,1.1831636745296936,39.035175,36.191833
9403,Izet Hajrović,Left Wing,Eibar,La Liga,1,1.8802704455974488,0.034358944901837545,46.14136,-12.5742
24453,Josip Radošević,Right Defensive Midfield,Eibar,La Liga,1,2.3468806493949588,1.2283742251744776,39.83597,13.758769
7022,Jesús Joaquín Fernández Sáez de la Torre,Right Wing,Almería,La Liga,4,1.2842274758045582,-1.4588575504479848,34.607075,-37.223698
24127,Ramon Olamilekan Azeez,Right Defensive Midfield,Almería,La Liga,6,-0.8244586428325396,-1.8357588940354812,5.223846,-22.54549
24145,Rodrigo Ríos Lozano,Center Forward,Almería,La Liga,6,1.013436529607541,-2.4036861586366367,12.262537,-25.360178
24149,José Antonio García Rabasco,Left Defensive Midfield,Almería,La Liga,7,1.2416344310193252,1.4298381555890363,19.587322,39.88333
25824,Ángel Trujillo Canorea,Right Center Back,Almería,La Liga,2,-2.13252916541296,-0.2545213577248893,-25.044333,20.340122
27246,Sebastián Dubarbier,Left Back,Almería,La Liga,2,-1.1420038643692452,-0.07664056701993303,-3.5204742,-4.030926
27247,Marcos Tébar Ramiro,Left Defensive Midfield,Almería,La Liga,2,-1.7670926679251893,0.8014837639077489,-37.170723,-5.1161957
27458,Jonathan Sundy Zongo,Right Wing,Almería,La Liga,2,-2.4348591896352523,-1.5890630439619473,-24.97369,-22.448582
27515,Marco Natanel Torsiglieri,Left Center Back,Almería,La Liga,0,-4.470068950840685,-0.5177382012698712,-53.431984,-5.8074636
27516,Rafael Ramos Lozano,Right Back,Almería,La Liga,1,1.0028469065351697,0.8397613683274141,16.21139,-0.941591
23947,Roberto Torres Morales,Center Attacking Midfield,Osasuna,La Liga,6,-0.7972945355334937,-2.1253827541972137,2.0509763,-45.21831
24106,Jordan Lotiès,Right Center Back,Osasuna,La Liga,2,-3.022553613382829,0.532519364836841,-46.530525,-6.5324116
27243,Oriol Riera Magem,Center Forward,Osasuna,La Liga,6,-0.6466569499300278,-3.2502739368363143,-12.306367,-53.909893
27244,Francisco Andrés Silva Gajardo,Left Center Midfield,Osasuna,La Liga,5,3.740713231944283,0.9859560330933757,51.299934,7.695695
3324,Eric Bertrand Bailly,Right Center Back,Villarreal,La Liga,1,-0.33958577238487886,1.1334336684733002,-1.0380117,12.61542
6743,Manuel Rolando Iturra Urrutia,Right Defensive Midfield,Granada,La Liga,1,1.6110738218405525,1.1040526888098852,31.160885,13.861986
6918,Isaac Ajayi Success,Right Center Forward,Granada,La Liga,4,0.282423840242797,-3.084396815913278,21.327482,-41.062428
23799,Eddy Silvestre Pascual İsrafilov,Left Defensive Midfield,Granada,La Liga,1,0.23689930627531555,0.1617892596311417,14.881137,5.6322823
16723,Egor Filipenko,0,Málaga,La Liga,2,-1.2568921342999204,0.5518026929162999,-34.565727,0.081495285
27335,Arthur Etienne Boka,Right Center Forward,Málaga,La Liga,7,0.7834822581064608,1.3702384716324532,6.720285,29.386448
8801,Iván López Mendoza,Right Back,Levante UD,La Liga,1,1.622304927806949,0.8408513272224281,37.970737,13.448802
25134,Deyverson Brum Silva Acosta,Right Wing,Levante UD,La Liga,6,0.2386111884931712,-4.527594956385345,-7.75277,-58.389782
27250,Nabil Ghilas,Right Wing,Levante UD,La Liga,6,-0.6908774383478201,-3.0838255707035143,-16.5816,-47.37623
27463,Mauricio Andrés Cuero Castillo,Right Center Midfield,Levante UD,La Liga,4,0.5222202533612671,-2.368211884636635,23.574198,-38.578907
27480,Lucas Alfonso Orbán Alegre,0,Levante UD,La Liga,1,0.7680161991414057,1.5140472248801908,10.972124,20.100239
27656,Carl Medjani,0,Levante UD,La Liga,2,-1.5452192999219596,0.8047162943683828,-17.206732,22.993847
17622,Jackson Arley Martínez Valencia,Right Center Forward,Atlético Madrid,La Liga,6,-0.040702883504172754,-4.596984869981866,-5.885226,-56.142918
3362,Marlon Santos da Silva Barbosa,0,Barcelona,La Liga,7,1.0578533886015697,5.963816018449684,6.1512938,68.63674
16001,Garry Mendes Rodrigues,Left Wing,Elche,La Liga,4,1.7980439994101567,-3.407248810427405,14.324767,-37.505863
27206,Sergio Pelegrín López,Left Center Back,Elche,La Liga,1,-1.1334790761696232,0.19782103083779778,23.813353,0.63038766
27207,Manuel Herrera Yagüe,Goalkeeper,Elche,La Liga,0,-4.388913103458879,0.66134008151509,-80.22233,-5.2145677
10277,Fabricio Martín Agosto Ramírez,Goalkeeper,RC Deportivo La Coruña,La Liga,0,-4.769215934071681,0.08085223083520879,-78.02968,-23.852734
18243,Ivan Ricardo Neves Abreu Cavaleiro,Left Wing,RC Deportivo La Coruña,La Liga,4,0.520968294407954,-2.3828202876574465,16.677273,-29.574348
6845,Ager Aketxe Barrutia,0,Athletic Club,La Liga,2,0.4332306827665312,0.018610675571333016,4.475444,17.130907
12073,Pablo Hervías Ruiz,0,Real Sociedad,La Liga,5,3.7034988130204254,1.9128114308890345,58.925617,-5.2755547
4558,Pape Cheikh Diop Gueye,Right Center Forward,Celta Vigo,La Liga,2,-0.7760193018252279,0.49976871029410097,-19.022062,1.9450314
13552,Borja Fernández Fernández,0,Celta Vigo,La Liga,1,0.537519202877199,0.5288220155529929,9.1249275,-11.834158
27340,Dejan Dražić,Left Midfield,Celta Vigo,La Liga,4,-1.5395405099358805,-1.6105089846009228,-20.267271,-21.911877
27341,Marcelo Alfonso Díaz Rojas,Left Center Midfield,Celta Vigo,La Liga,7,1.1198249368068858,3.156783825555898,5.941872,59.3641
27342,Josep Señé Escudero,Left Wing,Celta Vigo,La Liga,4,-0.7460413865317186,-0.9861637983714097,2.7335992,-16.74888
75537,David Goldar Gómez,0,Celta Vigo,La Liga,2,-2.927664949290877,0.18563533257413092,-46.886227,-4.8556113
6840,Marcos Llorente Moreno,Right Defensive Midfield,Deportivo Alavés,La Liga,7,2.753963809430512,2.4838468728168634,22.159998,57.53146
15959,Nenad Krstičić,Left Center Forward,Deportivo Alavés,La Liga,1,2.2634381875237493,1.5839454904958123,31.374495,20.895538
3434,Stevan Jovetić,Right Center Midfield,Sevilla,La Liga,3,2.7829637617717204,-3.1878097998523693,26.598206,-52.2313
18904,Claudio Matías Kranevitter,Center Back,Sevilla,La Liga,1,1.394413170651549,1.3158145762776539,24.852068,16.45924
20253,Samir Nasri,Left Wing,Sevilla,La Liga,7,3.467239101168483,0.7212379265186164,28.821167,60.599533
21210,Mariano Ferreira Filho,Right Wing Back,Sevilla,La Liga,1,0.605221817024849,1.2921971354430617,12.801221,18.934223
23785,Théo Bongonda Mbul''Ofeko Batombo,Left Wing,Celta Vigo,La Liga,4,-0.249873432593284,-1.5292144929414326,7.391608,-23.489754
40890,Iván Villar Martínez,0,Celta Vigo,La Liga,0,-4.235874096763012,1.068933523801253,-72.02513,3.9345603
20086,Stipe Pletikosa,0,RC Deportivo La Coruña,La Liga,0,-4.78529753117068,0.17744809523135904,-76.96025,-18.935394
26288,Jonathan Javier Rodríguez Portillo,0,RC Deportivo La Coruña,La Liga,6,0.765060693398484,-3.8785497729732166,9.526261,-42.777573
27457,Manuel Fernández Muñíz,Goalkeeper,RC Deportivo La Coruña,La Liga,0,-4.738376909926348,0.1535453865367274,-78.271706,-22.609497
7478,Alejandro Berenguer Remiro,Left Midfield,Osasuna,La Liga,4,-0.8673468442929808,-1.3670355872544877,-7.603741,-22.839098
15955,Goran Čaušić,Right Defensive Midfield,Osasuna,La Liga,2,-3.29164154108731,-0.7536159899423222,-44.950127,-19.798874
18160,Iván Márquez Álvarez,Left Center Back,Osasuna,La Liga,1,-1.1776418839862373,0.01143587431039624,27.158743,-0.049316436
23948,Carlos Clerc Martínez,Left Back,Osasuna,La Liga,1,-0.23150293270360744,1.0570439925674064,8.908414,-2.3445768
23949,Unai García Lugea,0,Osasuna,La Liga,0,-4.094955023742294,1.01796574732036,-67.06893,6.7842917
23950,David García Zubiría,Right Center Back,Osasuna,La Liga,1,-1.6873879017869207,0.43371533775037946,-28.312965,2.5051794
24872,Cecilio Nauzet Pérez González,Goalkeeper,Osasuna,La Liga,0,-4.419889998250156,0.8654404889959988,-73.55511,0.0011610086
21445,Javier Espinosa González,Center Attacking Midfield,Villarreal,La Liga,5,6.198296309008537,0.44449248843284533,57.545383,4.4669776
25351,Alexandre Rodrigues da Silva,Left Center Forward,Villarreal,La Liga,3,2.48004130763755,-4.54637420374127,10.029245,-53.9363
28266,Rafael Santos Borré Amaury,0,Villarreal,La Liga,6,-0.38952909384343004,-3.099603819313166,-20.75016,-50.160442
23970,José María Martín-Bejarano Serrano,0,Levante UD,La Liga,2,0.6714525286013753,0.49553480750534823,19.580961,23.855536
16426,Wanderson Maciel Sousa Campos,Right Center Forward,Getafe,La Liga,4,2.066384963269707,-1.9796635927875517,24.0014,-40.215023
23416,Stefan Šćepović,Left Center Forward,Getafe,La Liga,6,-1.5152211517726322,-3.0724281805556255,-8.82822,-51.88399
27402,Álvaro Daniel Pereira Barragán,Left Back,Getafe,La Liga,2,-0.870065528228663,0.7872350171701498,15.207813,6.241805
27403,Santiago Vergini,Right Center Back,Getafe,La Liga,2,-0.4595103371825334,1.651930282356894,-11.495745,23.716475
220761,Miguel Ángel Muñoz Alonso,0,Getafe,La Liga,1,1.283958939594759,2.10724367416404,38.534355,10.776258
7161,Germán Alejandro Pezzella,Center Back,Real Betis,La Liga,2,-0.7043254150627919,0.3470488422370628,-4.699499,14.9788065
27346,Petros Matheus dos Santos Araújo,Right Center Midfield,Real Betis,La Liga,1,1.9120210578011103,1.3177436120025463,28.071522,20.068295
3638,Shkodran Mustafi,Right Center Back,Valencia,La Liga,1,1.1351883170855577,1.85064202719583,12.062534,24.179407
7797,Rodrigo Javier De Paul,0,Valencia,La Liga,7,1.9176009459703047,1.9691944755645214,20.290983,52.49475
16539,Diego Antonio Reyes Rosales,Left Center Back,Espanyol,La Liga,2,0.13840229231197917,1.214807241467204,-9.672874,24.899273
10037,Danilo Barbosa da Silva,0,Valencia,La Liga,1,1.2370590604229423,-0.26899978577603917,33.134766,-9.283039
27482,Aderllan Leandro de Jesus Santos,0,Valencia,La Liga,2,-0.23006528453020061,1.4640995106944226,-8.647865,23.975813
10477,Stefan Mitrović,Left Center Back,Real Valladolid,La Liga,0,-4.040198871094769,0.24359173476410792,-60.91717,-2.5450842
27249,Fausto Rossi,Right Midfield,Real Valladolid,La Liga,3,3.1902098228606426,-2.8959883068002488,13.870362,-55.567543
27312,Jesús Rueda Ambrosio,Right Center Back,Real Valladolid,La Liga,1,-0.5911038742130886,-0.9397209939490831,29.723001,-2.5659587
27313,Carlos González Peña,Left Back,Real Valladolid,La Liga,2,-2.227484822450771,-0.7357295701595596,-4.751617,-20.982546
27317,Eduardo Jesús Vargas Rojas,Center Forward,Valencia,La Liga,6,1.248980173313905,-2.704456724957781,11.983543,-40.671932
4418,Matheus Dória Macedo,Left Center Back,Granada,La Liga,2,-2.4593626086252853,0.13202966216946438,-31.415836,-0.85434145
7158,Cristiano Biraghi,Left Wing Back,Granada,La Liga,2,-0.6530329992469819,1.1241317715125525,-7.498679,9.448726
16338,Uche Henry Agbo,Right Center Back,Granada,La Liga,1,2.159190949540261,1.6450460147804773,38.300713,11.35098
20064,Hugo Miguel Almeida Costa Lopes,0,Granada,La Liga,1,2.0397025257931722,1.4055140090257705,41.636955,11.153524
26387,Edgar Antonio Méndez Ortega,Right Wing Back,Granada,La Liga,1,0.2611143311234278,-1.1126465108245074,18.004898,-19.604893
16073,Aras Özbiliz,0,Rayo Vallecano,La Liga,6,-1.086471670649446,-1.5472146125723005,-4.581836,-23.069605
24138,Joaquín José Marín Ruiz,Right Back,Rayo Vallecano,La Liga,1,1.9760982603059194,0.66617310421867,42.63267,11.185024
24782,Jonhatan Montiel Caballero,Center Attacking Midfield,Rayo Vallecano,La Liga,1,0.6195720408093705,-0.6106825612123937,12.066077,-28.00794
8522,Armindo Tué Na Bangna,0,Real Sociedad,La Liga,4,2.3496832956943114,-2.231128950690269,38.989773,-43.837917
8584,Jonathas Cristian de Jesus,0,Real Sociedad,La Liga,3,0.5335359955718534,-4.894355578320498,-1.154545,-60.045414
10754,Héctor Hernández Ortega,Left Wing,Real Sociedad,La Liga,2,0.21252384584222803,1.0754883909813528,7.496527,31.459864
13614,Francesco Bardi,0,Espanyol,La Liga,0,-4.601358307973141,-0.7403888320386744,-83.72777,-14.072469
24086,Antonio José Raillo Arenas,0,Espanyol,La Liga,1,-0.13861687015126292,0.7261131842819434,24.08945,2.7135077
27456,Anderson Conceição Benedito,Left Center Back,Mallorca,La Liga,0,-4.696194225049277,-0.456114859974756,-55.573143,-6.8871574
3093,Florian Grégoire Claude Lejeune,Left Center Back,Eibar,La Liga,2,-2.5523510775794853,-0.0757996458913367,-31.673948,1.1807054
27240,Jesús Fernández Collado,0,Levante UD,La Liga,0,-5.011942803298476,-0.3175365212812278,-76.818565,-30.81935
11603,Mario Pašalić,Left Center Midfield,Elche,La Liga,6,0.8841434578904779,-1.2598721557058203,0.14686431,-32.999542
27245,José Eduardo Albácar Gallego,Left Back,Elche,La Liga,1,0.9362016468611122,1.6284339832475372,31.09738,26.52869
8818,Jorge Meré Pérez,Left Center Back,Sporting Gijón,La Liga,2,-0.31198172468011687,0.7680464104782017,-3.415833,14.672905
3406,Jérémy Toulalan,Left Defensive Midfield,Málaga,La Liga,7,2.2796507076088526,2.4664823526263766,30.952106,45.95451
7782,Luis Alberto Romero Alconchel,Center Attacking Midfield,Málaga,La Liga,4,1.147835003968911,-3.3838091142023217,22.309813,-47.80956
24617,Eduard Campabadal Claros,Right Back,Córdoba CF,La Liga,2,-0.6800866207070209,1.0573418161295738,-16.183065,-1.4614934
32185,Alejandro Remiro Gargallo,0,Athletic Club,La Liga,0,-3.7053169193593054,1.685520128383446,-77.289024,8.527967
23985,José Antonio Caro Martínez,Right Center Back,Real Betis,La Liga,2,-2.1115949027086653,-1.2238727437470382,-35.55572,-27.948793
27202,Guillermo Sara,Goalkeeper,Real Betis,La Liga,0,-4.955421796476739,-0.14014274804646512,-75.42558,-25.31602
27203,Markus Steinhöfer,Right Back,Real Betis,La Liga,5,5.880400762163476,0.9509982868610758,54.06211,13.856731
3130,Gaël Kakuta,Right Wing,Rayo Vallecano,La Liga,4,-0.38407070783620806,-2.5221293340041786,-19.18947,-23.515772
10851,Luis Carlos Pereira Carneiro,Left Wing,Rayo Vallecano,La Liga,1,0.31510804538626175,-1.2419010429663249,12.311271,-24.216732
11536,Abdoulaye Ba,Right Center Back,Rayo Vallecano,La Liga,1,1.0362787941781586,0.8780707439429479,17.391571,4.523527
3601,Charly Musonda Junior,Right Midfield,Real Betis,La Liga,4,0.9482518861786382,-1.869793304472997,24.834457,-40.186016
24132,Francisco Miguel Varela Martín,0,Real Betis,La Liga,2,-0.9026643822777163,1.5212778484599172,-11.187563,17.838282
27348,Ricky van Wolfswinkel,Left Center Forward,Real Betis,La Liga,6,0.18080311018963108,-3.7267426031642725,-15.066568,-57.53009
27349,Heiko Westermann,Right Center Forward,Real Betis,La Liga,1,-0.03392415220352148,0.6195801848064462,-1.6729718,13.703731
186264,Foued Kadir,0,Real Betis,La Liga,4,1.754164720750514,0.21207942158447848,40.509274,-24.866419
7469,Salvatore Sirigu,0,Sevilla,La Liga,0,-4.146845145470455,1.1181316335402078,-76.09003,2.7023337
38524,Hiroshi Kiyotake,0,Sevilla,La Liga,4,0.8964945035255627,-0.722855076250593,37.002747,-33.20204
27251,Francisco José Perdomo Borges,0,Barcelona,La Liga,4,2.663571232657517,-0.43945327394532274,30.456745,-12.487943
27565,Hélder Filipe Oliveira Lopes,Left Back,Las Palmas,La Liga,2,-0.468379156271158,1.237149593856094,-22.298538,-2.2792513
3416,Gabriel Moisés Antunes da Silva,Left Wing Back,Granada,La Liga,2,-0.08910752693911717,0.4736505239946612,-1.3717953,8.016619
4909,Jeremie Boga,Left Wing,Granada,La Liga,4,0.06757337884565297,-2.252329634251961,25.187094,-44.437557
13730,Matthieu Saunier,Left Center Back,Granada,La Liga,2,0.023580495548828368,1.6171041859980135,-8.724656,28.014551
27639,Artem Kravets,Center Forward,Granada,La Liga,6,-0.7106021268237388,-3.584582478997273,-14.7294,-52.123947
23821,Fausto Antonio Tienza Nuñez,Center Defensive Midfield,Osasuna,La Liga,1,0.4350743210616651,0.11099611560580643,16.32192,-1.096799
24315,Enrique Barja Afonso,0,Osasuna,La Liga,5,5.819944954577645,-5.073519573472955,52.19103,-33.71477
27563,Aitor Buñuel Redrado,Right Back,Osasuna,La Liga,0,-3.7352055964776336,0.15685380029871468,-48.106518,-6.5483165
27564,Jhon Stiven Mondragón Dosman,Left Center Back,Osasuna,La Liga,0,-3.996066158650897,-0.14493047966547362,-52.638367,-7.496158
3742,Orestis Karnezis,Goalkeeper,Granada,La Liga,0,-4.81991873906848,0.1360057793091359,-75.61693,-17.051077
7428,Alexandre Coeff,Left Wing,Granada,La Liga,1,1.046653750497026,2.078582985594126,11.72552,25.792446
9542,Tiago Abiola Delfim Almeida Ilori,Right Center Back,Granada,La Liga,2,-3.254786994048169,-1.033567915413622,-18.947376,-5.487998
25199,Lucas Silva Borges,Right Defensive Midfield,Real Madrid,La Liga,7,2.229278035747331,2.299804148518463,23.557217,56.73941
9931,Hélder Wander Sousa Azevedo Costa,0,RC Deportivo La Coruña,La Liga,6,1.6048120267472632,-3.097110118265021,19.856873,-23.259733
6833,Martín Maximiliano Mantovani,0,Leganés,La Liga,2,-2.874691046454455,-0.6043235072439211,-45.795723,-10.292367
7804,Alberto Brignoli,0,Leganés,La Liga,0,-4.671787111920022,0.17210318540964029,-78.603615,-29.580416
11501,Darwin Daniel Machís Marcano,Left Wing,Leganés,La Liga,4,0.07167825446932727,-2.762583558569816,17.150469,-36.9994
24133,Víctor David Díaz Miguel,Right Back,Leganés,La Liga,1,0.1311085649630371,0.7588695647916012,18.221865,0.80782473
24704,Alberto Martín Romo García Adámez,0,Leganés,La Liga,5,3.36528884579929,2.3674820437959894,58.575397,11.680228
8167,Sergio Ezequiel Araújo,Left Midfield,Las Palmas,La Liga,6,1.5393917043658303,-4.25072543066464,-4.040919,-48.897305
27345,Didier Digard,Left Center Back,Real Betis,La Liga,2,0.23033024122222087,0.9027020184701013,8.281046,33.710945
27347,Juan Manuel Vargas Risco,Left Back,Real Betis,La Liga,2,-0.9819988838599443,0.7939572542082973,-14.214826,17.811256
27338,Lorenzo Enrique Reyes Vicencio,Left Center Midfield,Real Betis,La Liga,5,9.315467060086238,1.358154416201997,60.4605,4.9935665
22041,Marko Livaja,Right Midfield,Las Palmas,La Liga,6,0.29128065125499736,-3.2858674889724013,6.6762013,-43.457043
27459,Antonio Marín Molina,Right Back,Almería,La Liga,0,-4.625736943194473,0.012386815711591738,-55.972176,-6.9350514
27460,Julián Cuesta Díaz,Goalkeeper,Almería,La Liga,0,-4.495722755373142,0.804001769779479,-79.12951,-6.7098503
27461,Francisco Manuel Vélez Jiménez,Left Center Back,Almería,La Liga,1,-0.35414088000815874,-0.8077397737923583,29.845247,-1.1934223
3292,Abdoulaye Doucouré,Right Defensive Midfield,Granada,La Liga,7,1.4796384032582492,0.6511586223056987,23.99267,39.99432
23796,Marco Sangalli Fuentes,Left Wing,Real Sociedad,La Liga,0,-3.2450545505242174,0.08550025735724445,-44.48808,-19.799381
27396,Jorge García Morcillo,Left Center Back,Rayo Vallecano,La Liga,0,-4.2226927302937955,0.10972431635798718,-53.81348,-7.2176423
10753,Erik Morán Arribas,Left Center Midfield,Athletic Club,La Liga,1,0.46305943781839265,1.317040983503786,18.80198,14.6016245
6844,Federico Ricca Rostagnol,Left Center Back,Málaga,La Liga,1,0.9988321564686212,0.9012131987073613,14.256654,19.911247
27521,Juan Emmanuel Culio,Center Defensive Midfield,Las Palmas,La Liga,7,4.109744514716275,1.5315119254012501,40.51688,38.9684
27522,Antolín Alcáraz Viveros,Right Center Back,Las Palmas,La Liga,1,2.054718159530481,1.1388149075637757,39.115105,12.279953
3265,José Luis Sanmartín Mato,Center Forward,RC Deportivo La Coruña,La Liga,6,0.04195622808134857,-3.281707982552826,-4.2392144,-52.901283
2950,Jonas Martin,Right Center Midfield,Real Betis,La Liga,7,1.707776106466882,1.8582387943721088,21.297363,51.857708
3666,Robert Kenedy Nunes do Nascimento,Left Midfield,Getafe,La Liga,4,2.4641645184150134,-0.47171364389735543,44.699158,-39.95606
8118,Frenkie de Jong,Right Center Midfield,Barcelona,La Liga,7,2.370559843475963,3.6363654194616597,9.280508,64.18659
23987,Rey Manaj,0,Barcelona,La Liga,6,-2.846063377868233,-2.96788213595913,-27.149496,-40.217064
30756,Anssumane Fati,Left Wing,Barcelona,La Liga,4,1.8833189371051198,-2.24799991933429,26.769014,-56.070396
32480,Ronald Federico Araújo da Silva,0,Barcelona,La Liga,7,1.9149056967808913,2.8615375422470803,11.539259,53.88531
23263,Lisandro Magallán,Left Center Back,Deportivo Alavés,La Liga,0,-3.45807977431099,1.1002217538377466,-56.42566,4.2774615
24049,Luis Jesús Rioja González,Left Midfield,Deportivo Alavés,La Liga,3,1.2261124359335585,-4.439915904963971,22.894337,-63.999874
30419,Alberto Rodríguez Baró,Right Center Back,Deportivo Alavés,La Liga,0,-3.734879512360347,0.8210800043465288,-54.272984,0.16313776
3141,André-Frank Zambo Anguissa,Right Center Midfield,Villarreal,La Liga,7,1.8417612605483837,1.5971061959779662,24.921785,32.877995
6892,Pau Francisco Torres,Left Center Back,Villarreal,La Liga,7,3.0269125170637636,5.500379460959112,7.537376,68.33921
20063,Javier Ontiveros Parra,Left Wing,Villarreal,La Liga,4,3.35079453213127,0.4442894921924374,37.702747,36.271942
24861,Andrei Florin Ratiu,0,Villarreal,La Liga,1,1.2875226057729177,-0.1797351197811302,29.51731,5.5299535
8654,Ante Budimir,Left Center Forward,Mallorca,La Liga,6,1.0078955623456411,-4.992479518025784,-4.8495297,-57.40113
23986,Aleix Febas Pérez,Right Center Forward,Mallorca,La Liga,2,-0.6520646232744788,0.6943379967910616,-19.728916,-17.49621
24084,Martin Valjent,Right Center Back,Mallorca,La Liga,2,-3.0266801378336265,1.1447438946891644,-54.554436,4.163713
24087,Iddrisu Baba Mohammed,Right Center Midfield,Mallorca,La Liga,1,0.2521926515994416,0.7147988482639958,21.868216,11.578883
24088,Daniel José Rodríguez Vázquez,Left Midfield,Mallorca,La Liga,4,2.081282127406621,-0.28059281992733964,27.637405,-13.318991
24089,Joan Sastre Vanrell,Left Back,Mallorca,La Liga,1,-0.23254385652210907,0.6047723921948367,21.960817,7.9105034
24576,Francisco Gámez López,Right Back,Mallorca,La Liga,1,1.0877533170352989,1.1791846286804402,47.659508,-20.227726
31090,Takefusa Kubo,Right Midfield,Mallorca,La Liga,4,1.474589918845666,-1.6089531035453386,28.441809,-10.553028
3804,Ferland Mendy,0,Real Madrid,La Liga,2,-0.9852054702870215,1.684613718825769,-24.705975,35.718857
13620,Éder Gabriel Militão,0,Real Madrid,La Liga,7,1.22147993471926,2.5961822454121446,9.191218,52.804066
3366,Diego Carlos Santos Silva,Right Center Back,Sevilla,La Liga,7,-0.2164597722393825,3.019517281328899,-17.816746,53.896343
4345,Lucas Ariel Ocampos,Right Wing,Sevilla,La Liga,4,1.1882819134385059,-2.223553183715928,17.480667,-32.176796
4445,Jules Koundé,0,Sevilla,La Liga,7,0.7332248835638743,2.646230427453138,7.6205125,52.137665
16003,Fernando Francisco Reges,Center Defensive Midfield,Sevilla,La Liga,7,1.8910273401237914,1.4145683092420867,29.63345,32.523975
16489,Nemanja Gudelj,0,Sevilla,La Liga,7,0.6429695360072728,2.7449691317013594,5.0703115,52.879227
20033,Luuk de Jong,Center Forward,Sevilla,La Liga,3,1.74922143684672,-3.1411553595062784,4.5596538,-53.081326
8252,Martin Ødegaard,Center Attacking Midfield,Real Sociedad,La Liga,7,0.46100198051526625,1.1438549619996494,-14.075399,49.987576
8819,Alexander Isak,Center Forward,Real Sociedad,La Liga,6,-0.22496059651384223,-4.144475041591667,16.092175,-45.72428
22128,Robin Aime Robert Le Normand,Left Center Back,Real Sociedad,La Liga,7,0.2757234656194772,3.4253533638098586,2.2265298,59.158043
24236,Ander Guevara Lajo,Right Defensive Midfield,Real Sociedad,La Liga,7,1.8230986626748322,3.0324747527932336,14.285831,52.313553
16555,Joseph Aidoo,Right Center Back,Celta Vigo,La Liga,5,2.808398025273846,1.5889918313089302,54.664543,4.1354218
24273,Jorge Sáenz de Miera Colmeiro,0,Celta Vigo,La Liga,2,-3.4353722878958215,-0.10958339310109835,-50.749104,-6.668128
24730,Lucas René Olaza Catrofe,Left Center Back,Celta Vigo,La Liga,2,-0.22577701330041783,0.1534487868747935,1.6902457,-25.142075
35473,Unai Vencedor Paris,0,Athletic Club,La Liga,7,1.1178306771237871,1.6269763128958203,23.143003,29.638947
41542,Daniel Vivian Moreno,0,Athletic Club,La Liga,7,3.318386913833563,4.982663264053587,16.183773,69.97509
11167,Felipe Augusto de Almeida Monteiro,Right Center Back,Atlético Madrid,La Liga,1,-0.08296099931650844,0.4587250471466189,20.132376,2.7342582
12041,João Félix Sequeira,Left Center Forward,Atlético Madrid,La Liga,4,1.076830673125005,-1.522386098004096,36.043404,-38.630795
26532,Renan Augusto Lodi dos Santos,Right Center Midfield,Atlético Madrid,La Liga,1,1.0288766165893968,1.5222608148536276,25.525959,9.186966
6851,Aitor Ruibal García,Right Wing Back,Leganés,La Liga,1,-0.1447637504710248,-0.09109456801594341,10.569682,-14.110172
3122,Yannis Salibur,Right Midfield,Mallorca,La Liga,4,1.0125258947508329,-2.909899598442883,21.367476,-39.54853
24613,Alejandro Pozo Pozo,Right Back,Mallorca,La Liga,7,-0.4114923775577299,1.7573539596317234,-9.506064,51.05422
30512,Aleksandar Trajkovski,0,Mallorca,La Liga,4,0.23392024453248128,-2.018469726438481,10.146453,-33.33641
25104,Rodrygo Silva de Goes,Center Attacking Midfield,Real Madrid,La Liga,4,1.9755219781967563,-1.6745411140218038,35.018803,-38.815075
17520,Federico Barba,Left Back,Real Valladolid,La Liga,2,-1.5804306167298585,2.497334005467259,-47.131794,13.684496
24777,Waldo Rubio Martín,Left Center Forward,Real Valladolid,La Liga,2,-1.951623850660351,0.1571546348536768,-40.05388,-19.203001
32673,Jorge De Frutos Sebastián,0,Real Valladolid,La Liga,1,2.035356591800112,-1.4202434504394905,28.797186,-10.459134
6982,Maxime Gonalons,Left Defensive Midfield,Granada,La Liga,7,2.386693852976811,2.5771717826277385,30.711782,42.690044
8866,Carlos Fernández Luna,Center Forward,Granada,La Liga,6,-0.4057437016507077,-3.0677412600881855,-15.073136,-49.740208
16249,Yangel Clemente Herrera Ravelo,Right Defensive Midfield,Granada,La Liga,1,2.101842828055292,-0.17674154898360717,31.611403,11.283879
23807,Domingos Sousa Coutinho Meneses Duarte,Right Center Back,Granada,La Liga,0,-3.716229858028176,1.1331362406665002,-55.238495,-1.1764104
24052,Yan Brice Eteki,Right Defensive Midfield,Granada,La Liga,1,-0.1433767648858711,-0.6323890511071636,2.371138,-6.0981646
24126,José Antonio Rodríguez Díaz,Right Midfield,Granada,La Liga,6,-0.5305064796331884,-3.517276747653177,-7.151557,-25.737692
24134,Germán Sánchez Barahona,Left Center Back,Granada,La Liga,2,-3.1499005475516433,0.35923542320912005,-30.205513,28.575943
24140,Rui Tiago Dantas da Silva,Goalkeeper,Granada,La Liga,0,-4.67920592037694,0.20596800518992445,-78.081696,-19.845394
25702,Carlos Neva Tey,0,Granada,La Liga,0,-4.086867532923831,0.3566012139652855,-57.488987,-4.901099
25704,Aarón Escandell Banacloche,0,Granada,La Liga,0,-5.142994816069328,-0.5207093460148386,-76.08381,-30.908041
31885,Pol Lozano Vizuete,Right Center Midfield,Espanyol,La Liga,1,-0.21787353718412367,0.5892468120372576,26.671818,-0.26105863
32670,Víctor Gómez Perea,Right Wing Back,Espanyol,La Liga,2,-2.6557458373864415,1.7197764866226963,-44.74418,2.9432628
24085,Pervis Josué Estupiñán Tenorio,Left Wing Back,Osasuna,La Liga,7,0.4831507857112901,1.3118015225545592,8.0957155,32.097794
24211,Sergio Herrera Pirón,Goalkeeper,Osasuna,La Liga,0,-4.3353078392840505,0.7871216571028776,-78.56943,-2.6542153
24212,Aridane Hernández Umpiérrez,Right Center Back,Osasuna,La Liga,0,-3.3844681053714383,1.0824399473500372,-51.70943,-3.3239853
30277,Jon Moncayola Tollar,Center Defensive Midfield,Osasuna,La Liga,2,-1.4285590650342692,-0.020687516394332545,-18.045273,-10.649746
24324,Gustavo Adrián Ramos Vásquez,0,Granada,La Liga,3,2.057409419369573,-6.156890193199862,0.5345733,-63.791367
3218,Marcos Paulo Mesquita Lopes,0,Sevilla,La Liga,4,3.845129713572938,-3.188033351986451,50.65672,-32.192894
21225,Javier Sánchez de Felipe,Left Center Back,Real Valladolid,La Liga,1,-0.25213128500734594,0.5376603200267807,1.9337659,4.6067233
24141,Federico San Emeterio Díaz,Right Center Midfield,Real Valladolid,La Liga,2,-2.6499554513014125,1.5946449656684014,-53.537704,9.821208
40881,Enrique Pérez Muñoz,Center Attacking Midfield,Real Valladolid,La Liga,4,2.4139138774065976,-1.023594137145089,39.614502,-44.75106
33339,Manuel Sánchez De La Peña,0,Atlético Madrid,La Liga,2,-1.065751297587023,2.0614600219725467,-41.064213,5.69814
6910,Eduardo Expósito Jaén,Right Midfield,Eibar,La Liga,5,4.627529048031745,2.4529769908233554,54.61194,19.318064
23981,Álvaro Tejero Sacristán,0,Eibar,La Liga,2,-3.0729500657597173,2.059682263629334,-43.683327,1.4418509
26404,Guido Rodríguez,Center Defensive Midfield,Real Betis,La Liga,7,-0.09110872428905532,2.656510898948323,-3.636926,47.610962
35287,Sofian Chakla,0,Villarreal,La Liga,5,1.410415996863499,-0.38165158417523026,59.92942,11.17123
23803,Esteban Rodrigo Burgos,Right Center Back,Eibar,La Liga,2,-2.5176114042280817,0.5396901067498855,-29.249191,24.001629
35648,Karima Benameur,0,Manchester City WFC,FA Women's Super League,0,-3.4937614104356833,1.8516208878433063,-73.82633,11.447559
31527,Ebony Salmon,Center Forward,Bristol City WFC,FA Women's Super League,3,0.6710884184161033,-4.960855252194804,22.650826,-59.34278
31714,Georgia Wilson,0,Bristol City WFC,FA Women's Super League,1,-1.6285312097409406,-1.2949738173986125,8.482004,-17.205038
13857,Tinja-Riikka Tellervo Korpela,0,Everton LFC,FA Women's Super League,0,-3.2658470596613065,2.2819664160673314,-78.1238,11.02501
31564,Molly Pike,Left Center Midfield,Everton LFC,FA Women's Super League,6,-0.6179963909438854,-1.7260988632253473,8.051633,-19.323545
34360,Alexandra MacIver,Goalkeeper,Everton LFC,FA Women's Super League,0,-3.2169839830645808,2.310059534488983,-78.41165,10.951872
31528,Matilde Lundorf Skovsen,0,Brighton & Hove Albion WFC,FA Women's Super League,1,0.15020631253069575,0.25446922142499717,-0.44682944,-7.5360594
46738,Emma Bissell,0,Manchester City WFC,FA Women's Super League,1,-0.47031965330758674,-1.771100905121712,17.68775,-11.548094
31565,Abbi Grant,Left Midfield,Birmingham City WFC,FA Women's Super League,6,-0.08568816031103513,-1.6137733945651083,5.0117607,-29.7677
31566,Lucy Whipp,Center Forward,Birmingham City WFC,FA Women's Super League,1,-0.19272755860810706,-0.01585587608864495,-1.811286,-5.5304112
31567,Adrienne Jordan,Left Back,Birmingham City WFC,FA Women's Super League,1,2.4892034605860807,1.3744151773111546,40.60281,15.561195
31568,Rebecca Holloway,Right Center Back,Birmingham City WFC,FA Women's Super League,2,-0.5211491061556791,0.9513034730461752,-5.6858387,7.025052
32617,Megan Wynne,Center Forward,Bristol City WFC,FA Women's Super League,6,0.5129183180009178,-2.8915484086618086,16.0016,-20.025167
35407,Ga-Eul Jeon,0,Bristol City WFC,FA Women's Super League,5,2.766286046949996,-0.007922518514819735,38.717823,-6.2875986
4846,Lucia Leon,Right Wing,Tottenham Hotspur Women,FA Women's Super League,4,0.7874855218999738,-2.700832656784733,16.04668,-18.391306
4848,Ashleigh Neville,Right Back,Tottenham Hotspur Women,FA Women's Super League,1,2.493119332117904,1.0512451828739877,42.01671,11.4741335
4852,Coral-Jade Haines,0,Tottenham Hotspur Women,FA Women's Super League,2,-1.0752648308050752,-0.6710091923506808,-16.889004,-10.708025
4858,Jenna Schillaci,0,Tottenham Hotspur Women,FA Women's Super League,7,0.81982972743023,2.676274506810597,-9.110618,32.817997
4865,Josie Green,Right Center Midfield,Tottenham Hotspur Women,FA Women's Super League,2,-0.3582044107093972,-0.13200917893016056,-2.7067997,-6.075426
31550,Angela Addison,Left Wing,Tottenham Hotspur Women,FA Women's Super League,6,-0.6745834861078452,-2.3570145373889857,7.5297503,-34.795288
31551,Kit Graham,Left Wing,Tottenham Hotspur Women,FA Women's Super League,4,1.7125821052575205,-2.565500766330203,21.814278,-39.04285
31552,Hannah Godfrey,Right Center Back,Tottenham Hotspur Women,FA Women's Super League,7,-0.7483249490510686,2.1583871813752333,-9.751827,38.806393
31702,Rianna Dean,Center Forward,Tottenham Hotspur Women,FA Women's Super League,6,-0.827994349104787,-2.8747260779378623,2.6837413,-49.49244
31703,Anna Filbey,Left Center Back,Tottenham Hotspur Women,FA Women's Super League,2,-1.1698979676033943,1.2472897673983137,-17.544304,23.74702
33349,Chloe Morgan,0,Tottenham Hotspur Women,FA Women's Super League,0,-4.562082071574859,0.4889461014219,-79.66717,-15.410666
31529,Léa Le Garrec,Right Center Forward,Brighton & Hove Albion WFC,FA Women's Super League,5,3.732162285185758,-1.8728320391565154,40.776806,-11.286352
46716,Rianna Jarrett,0,Brighton & Hove Albion WFC,FA Women's Super League,6,0.22110766379356522,-2.444871844022976,7.558157,-44.895435
10237,Manuela Zinsberger,Goalkeeper,Arsenal WFC,FA Women's Super League,0,-2.563189294240078,2.430779776797875,-42.607983,33.878597
41812,Ruby Mace,0,Arsenal WFC,FA Women's Super League,1,0.40898138157731784,-0.28687718118392896,3.0315506,2.7315533
15421,Kenza Dali,Center Attacking Midfield,West Ham United LFC,FA Women's Super League,4,0.7743076905881131,-1.3166223219513777,33.809277,-36.550564
23217,Tessel Middag,Right Defensive Midfield,West Ham United LFC,FA Women's Super League,5,2.177657507827218,0.6448324342865013,44.281685,4.977944
31554,Jacinta Galabadaarachchi,Left Wing,West Ham United LFC,FA Women's Super League,1,0.7361567703418207,-1.4246286616554107,17.909851,-14.695863
31555,Courtney Brosnan,0,West Ham United LFC,FA Women's Super League,0,-4.2587708418685155,0.8186498050297542,-83.75711,-1.9140537
31556,Laura Vetterlein,Left Back,West Ham United LFC,FA Women's Super League,2,-0.6046284991169414,1.0890683416096292,-11.306904,15.852634
31558,Martha Thomas,Center Forward,West Ham United LFC,FA Women's Super League,6,0.5851791932187773,-4.574590774426804,12.146476,-48.271835
34232,Grace Fisk,Right Center Back,West Ham United LFC,FA Women's Super League,2,-0.6935104085727066,1.3684884234087427,-7.997281,21.209185
35406,Ruesha Littlejohn,Center Forward,West Ham United LFC,FA Women's Super League,1,-0.5100461217035946,-0.5921052188495052,3.0950394,-9.818113
31628,Kristine Leine,Left Center Back,Reading WFC,FA Women's Super League,1,0.7357611822199873,1.6703065772465209,-5.879051,28.700201
31557,Katharina Baunach,Left Back,West Ham United LFC,FA Women's Super League,2,0.23979837800737563,1.2816716972566384,-0.42003146,34.511272
33009,Lily Simkin,Right Back,Birmingham City WFC,FA Women's Super League,4,0.6487915551540355,-0.24498139992312334,10.871358,-16.137049
34375,Emma Rose Kelly,0,Birmingham City WFC,FA Women's Super League,1,0.4955000650740944,-0.9638269453989454,15.8173065,-11.666901
32169,Jamie-Lee Napier,0,Chelsea FCW,FA Women's Super League,6,-1.3345616742113589,-1.981920724955376,7.404267,-19.409678
33090,Emily Murphy,Left Center Forward,Chelsea FCW,FA Women's Super League,6,-0.21031191588625708,-3.06857457894296,15.628699,-18.539421
33010,Freya Gregory,Right Wing,Birmingham City WFC,FA Women's Super League,4,0.20679648069115136,-2.52449622678038,14.953746,-17.68767
50722,Libby Bance,0,Brighton & Hove Albion WFC,FA Women's Super League,1,0.45528369189617107,-0.5094863810694992,23.148073,-9.4432
46739,Ellen Jones,0,Bristol City WFC,FA Women's Super League,4,0.8486190243241282,-3.042470544250457,16.868694,-17.388433
31531,Lauren James,Center Forward,Manchester United,FA Women's Super League,3,1.8637258982518372,-4.05978783710419,24.824327,-56.55617
31532,Kirsty Hanson,Left Wing Back,Manchester United,FA Women's Super League,4,1.8467153488120274,-3.985372256972651,17.426353,-38.64336
31533,Amy Turner,Right Center Back,Manchester United,FA Women's Super League,2,-0.895434687084368,1.7341961564380213,-9.626037,35.90706
31534,Ella Toone,Left Center Midfield,Manchester United,FA Women's Super League,3,0.7450332087666597,-2.502160829355729,24.740479,-51.82435
31535,Jessica Sigsworth,Right Wing,Manchester United,FA Women's Super League,6,-0.45453388837579883,-3.1227839082532287,9.017979,-36.77513
31536,Millie Turner,Left Center Back,Manchester United,FA Women's Super League,7,-0.541087765546231,2.365356437890709,-11.047324,42.229286
31539,Leah Galton,Left Wing,Manchester United,FA Women's Super League,4,1.4480486114340199,-2.7105883114484297,30.644644,-42.273224
31540,Katie Zelem,Center Defensive Midfield,Manchester United,FA Women's Super League,7,2.5068310408656527,0.4475370500031977,23.235525,46.380764
32618,Martha Harris,0,Manchester United,FA Women's Super League,7,0.6762870072671404,1.8468794078552038,12.72049,33.889744
36800,Aurora Watten Mikalsen,0,Manchester United,FA Women's Super League,0,-3.619225092413342,1.009411090763093,-40.65815,36.460697
47520,Mollie Green,0,Manchester United,FA Women's Super League,1,-0.8434743196868972,-0.7349579567030644,5.722584,-8.566385
36801,Aimee Palmer,0,Manchester United,FA Women's Super League,2,-0.6038886416518091,0.11388933345017516,2.7803805,10.54124
15017,Rui Manuel César Costa,Right Center Midfield,AC Milan,Champions League,1,1.703569813750107,0.14223059690876863,38.386333,-0.349617
15046,Clarence Seedorf,Left Center Midfield,AC Milan,Champions League,1,2.2709511110122396,0.8427827667791832,38.132263,0.4361192
15116,Paolo Maldini,Left Back,AC Milan,Champions League,7,1.5949065823156998,0.3637294141369403,31.91091,31.142832
15778,Alessandro Nesta,Left Center Back,AC Milan,Champions League,2,-0.2449145877968064,2.052293386220461,-4.208741,20.63431
19634,Jaap Stam,Right Center Back,AC Milan,Champions League,2,-1.9174567422584554,2.2036345103879076,-47.669067,12.544625
20142,Ivan Gennaro Gattuso,Right Center Midfield,AC Milan,Champions League,7,3.2351852353578985,2.154294840689069,34.41026,42.353355
20295,Andriy Shevchenko,Right Center Forward,AC Milan,Champions League,3,2.1377049000804567,-7.939642548333349,15.762893,-67.706726
34393,Nelson de Jesus da Silva,Goalkeeper,AC Milan,Champions League,0,-4.881646883759219,0.12121513645534945,-74.59545,-16.39367
34394,Hernán Jorge Crespo,Left Center Forward,AC Milan,Champions League,3,-1.315197421289363,-6.45446802694971,7.1320634,-64.794174
34395,Marcos Evangelista de Moraes,Right Back,AC Milan,Champions League,7,2.6199307512275745,3.0481958455080176,-8.79538,56.235455
15280,Vladimir Smicer,Right Midfield,Liverpool,Champions League,3,1.9412241840872315,-4.661110439151738,12.480215,-62.88537
19109,Steven Gerrard,Right Center Midfield,Liverpool,Champions League,7,2.491268688067164,0.3813460238161181,42.77572,-23.372398
19735,Milan Baroš,Center Forward,Liverpool,Champions League,2,-2.9920888493245075,-0.9292927448054066,-47.30259,-11.79662
34386,John Arne Semundseth Riise,Left Midfield,Liverpool,Champions League,4,3.4144522625396325,-0.16433252973576273,50.475864,-12.19891
34387,Djimi Traoré,Left Back,Liverpool,Champions League,7,-1.0131409382483318,3.0525416631055324,-45.482334,18.289001
34388,Jamie Carragher,Right Center Back,Liverpool,Champions League,1,-0.09749979012156093,1.8378021060297847,25.188742,5.7460165
34389,Sami Hyypiä,Left Center Back,Liverpool,Champions League,2,-0.36846883883282044,0.4742566756122201,-36.358192,18.473822
34391,Harry Kewell,Center Attacking Midfield,Liverpool,Champions League,4,3.8775865028570147,-2.9091561858433517,49.538483,-37.163822
34392,Steve Finnan,Right Back,Liverpool,Champions League,7,0.14953749786182252,2.513642246808985,1.1499838,37.780685
10525,Kenny Miller,Right Midfield,Wolverhampton Wanderers,Premier League,2,-1.704213332359554,-1.5917229758923246,-20.742176,-27.630102
17727,Ioan Viorel Ganea,Right Center Forward,Wolverhampton Wanderers,Premier League,5,9.340120742551782,-4.340191586757166,53.675365,13.649969
24765,Denis Irwin,Right Back,Wolverhampton Wanderers,Premier League,7,1.070402725896442,2.7981118369350795,10.474953,37.752193
40304,Lee Naylor,Left Back,Wolverhampton Wanderers,Premier League,2,-0.11758417352785266,0.9932298968281946,-6.815165,19.012314
40305,Mark Kennedy,Left Midfield,Wolverhampton Wanderers,Premier League,6,-2.2010442898122213,-1.2325311270079227,-28.311607,-33.06348
40311,Alex Rae,Right Defensive Midfield,Wolverhampton Wanderers,Premier League,5,4.843194277821176,1.9913584428989,54.89309,14.096132
40312,Paul Butler,Left Center Back,Wolverhampton Wanderers,Premier League,0,-3.827447402565415,-0.17999045413179868,-51.051403,-5.1315775
40313,Colin Cameron,Left Defensive Midfield,Wolverhampton Wanderers,Premier League,1,2.143068035058374,0.12634583303519042,41.319546,2.7122915
40314,Jody Craddock,Right Center Back,Wolverhampton Wanderers,Premier League,1,-1.8574173259424054,-0.80254661927964,29.169285,-5.4511094
40319,Paul Jones,Goalkeeper,Wolverhampton Wanderers,Premier League,0,-4.394562504533571,0.6758245038649938,-82.306145,-18.051825
15042,Dennis Bergkamp,Right Center Forward,Arsenal,Premier League,4,1.6814024530811786,-1.439700441304032,33.520542,-35.50482
15515,Patrick Vieira,Right Defensive Midfield,Arsenal,Premier League,7,3.9520835777287133,1.796705038793182,40.210724,40.718483
15637,Sulzeer Jeremiah ''Sol' Campbell,Left Center Back,Arsenal,Premier League,2,-1.5248581717357457,0.7404776640127971,-21.667608,24.372814
20015,Jens Lehmann,Goalkeeper,Arsenal,Premier League,0,-3.9111134966308088,0.6058151569157278,-41.285618,42.053238
38412,Kolo Habib Touré,Right Center Back,Arsenal,Premier League,2,0.4057261979975673,1.1372031766378163,-7.7776227,28.017242
40221,Gilberto Aparecido da Silva,Right Midfield,Arsenal,Premier League,7,2.067492103169303,1.3030964603211062,24.694963,38.16737
40222,Laureano Bisan-Etame Mayer,Right Back,Arsenal,Premier League,7,0.8038363612794486,2.6285411791032867,4.5506186,46.35101
3337,Jermain Defoe,Left Midfield,Tottenham Hotspur,Premier League,3,-0.9375769153859849,-4.68438256081854,5.1827564,-58.243496
11348,Robbie Keane,Left Center Forward,Tottenham Hotspur,Premier League,6,-1.1019900562266973,-2.7267508448345232,16.825478,-51.398926
15638,Jamie Redknapp,Right Center Midfield,Tottenham Hotspur,Premier League,3,1.36046112434608,-0.9598149248862202,32.071796,-55.94261
20488,Ledley King,Right Center Back,Tottenham Hotspur,Premier League,5,2.748184042477081,0.6237753715729493,55.62117,-12.422257
40274,Kasey Keller,Goalkeeper,Tottenham Hotspur,Premier League,0,-5.161110718670811,-0.46237553832973,-75.840195,-30.476997
40275,Mauricio Taricco,Left Back,Tottenham Hotspur,Premier League,2,-1.9641933146092458,1.7202325556525084,-43.87647,15.654539
40277,Simon Davies,Right Midfield,Tottenham Hotspur,Premier League,2,-0.6787775907940539,-0.20272324300389674,-19.755241,-15.438117
40278,Michael Brown,Left Center Midfield,Tottenham Hotspur,Premier League,1,2.576181716912024,0.7272924053000177,48.61697,-18.674488
40279,Anthony Gardner,Left Center Back,Tottenham Hotspur,Premier League,2,-2.927171660686201,0.31664002298074556,-48.948677,-2.8874075
15654,Martin Keown,0,Arsenal,Premier League,0,-3.4627753545938758,0.7665459120055863,-52.733,-0.1607752
20302,Gaël Clichy,0,Arsenal,Premier League,7,2.0319697759671156,2.9331286793528863,30.277359,39.845783
24972,Ray Parlour,Right Midfield,Arsenal,Premier League,7,1.5518877776809774,1.5048569298867642,22.995728,40.975357
4724,Glen Johnson,Right Back,Chelsea,Premier League,7,0.8306350815405634,1.2383083659630947,10.981467,35.27326
18105,Adrian Mutu,Left Center Forward,Chelsea,Premier League,2,-1.6996551357346106,-0.1989552563945646,-24.52686,-15.950645
20254,Claude Makélélé,Right Defensive Midfield,Chelsea,Premier League,7,2.3730606056343637,2.2331691876295516,22.178076,52.107525
20281,Mario Melchiot,Right Center Back,Chelsea,Premier League,2,-1.622916979663746,0.8867987489879811,-22.858192,10.119183
40123,Robert Huth,Left Center Back,Chelsea,Premier League,2,-1.7121700494395604,-0.4362119255271889,-24.920977,20.328436
40258,Wayne Bridge,Left Back,Chelsea,Premier League,7,-0.25682550285125166,1.1224301354923683,-9.198611,49.554432
40260,Carlo Cudicini,Goalkeeper,Chelsea,Premier League,0,-3.9652085410360898,1.308244643498175,-83.467735,3.8753576
40261,"Gérémi Sorele N""Djitap Fotso",Left Defensive Midfield,Chelsea,Premier League,4,3.089357008628282,-0.2650003663458272,49.691837,-25.453196
15512,Sylvain Wiltord,Right Center Forward,Arsenal,Premier League,3,0.7593690446220738,-3.127004531187218,21.143307,-54.34438
24971,Nwankwo Christian Kanu,Right Center Forward,Arsenal,Premier League,4,0.8481838783384422,-2.324040921244717,36.339622,-42.4813
3633,Gareth Barry,Left Center Midfield,Aston Villa,Premier League,7,2.4606958478712446,2.829003731569332,29.87095,43.576946
4394,Peter Whittingham,Left Midfield,Aston Villa,Premier League,1,0.06370785001544392,0.6323264908312979,9.030766,-12.22857
15761,Olof Mellberg,Right Center Back,Aston Villa,Premier League,2,-2.2824035700663248,-0.2303259001435302,-40.97713,-12.995721
20019,Thomas Hitzlsperger,0,Aston Villa,Premier League,4,0.8214743158921064,0.2597640474865882,-15.654943,-23.768898
20145,Thomas Løvendahl Sørensen,Goalkeeper,Aston Villa,Premier League,0,-4.690784618891948,0.3603180440586788,-77.12607,-15.94051
24763,Ronny Johnsen,Left Center Back,Aston Villa,Premier League,0,-3.709495366215061,0.5040318246432614,-51.42342,-1.602673
40359,Jlloyd Tafari Samuel,Left Back,Aston Villa,Premier League,4,1.414598079473425,1.2344397990307157,52.563168,-45.95835
40360,Ulises Hernán de la Cruz Bernardo,Right Midfield,Aston Villa,Premier League,4,1.2798941403744024,-1.5364794007792866,36.17142,-7.2832694
40361,Mark Anthony Delaney,Right Back,Aston Villa,Premier League,2,-1.6943530098807182,1.5277430881841172,-19.941994,9.301886
40362,Juan Pablo Ángel Arango,Center Forward,Aston Villa,Premier League,6,0.5936412711753428,-4.4317448109370154,-12.18431,-58.632195
40363,Lee Hendrie,Right Center Midfield,Aston Villa,Premier League,1,0.14729502182093793,-0.34127077193904787,1.4037154,-4.377185
15754,Fredrik Ljungberg,Right Midfield,Arsenal,Premier League,4,1.9509328225746818,-1.1774473950338713,33.062954,-21.823183
19497,Nigel Martyn,Goalkeeper,Everton,Premier League,0,-4.223238541021604,0.9528228641827005,-82.60389,-1.5212811
20189,Tobias Linderoth,Center Defensive Midfield,Everton,Premier League,2,-1.990111906684217,-0.26409876334425497,-39.79567,-13.947708
24794,Duncan Ferguson,Center Forward,Everton,Premier League,6,-1.1450755999791615,-1.9559635502929713,-9.977022,-39.64931
40281,David Unsworth,Left Center Back,Everton,Premier League,2,-2.091198942415786,1.5436080222619502,-44.556015,-4.551914
40282,Gary Naysmith,Left Back,Everton,Premier League,7,-0.54815090426606,1.3479367970887972,-3.4700546,-20.36293
40285,Alan Stubbs,Right Center Back,Everton,Premier League,1,-0.050922448173871517,-0.5252656766570472,9.484215,-25.056913
40286,Tomasz Radziński,Right Wing,Everton,Premier League,3,0.964612981723926,-3.8911364274730738,12.387664,-58.2323
40288,Joseph Phillip Yobo,0,Everton,Premier League,2,-1.6943563795065224,0.06567812614917107,-40.319893,-8.593117
129558,Tony Hibbert,Right Back,Everton,Premier League,2,-1.9555356936262576,0.8825667365107399,-40.272923,3.5549326
375066,Lee Carsley,Right Center Midfield,Everton,Premier League,0,-4.625604154922169,-0.9076884937803786,-74.644806,-29.856665
40255,Jérémie Aliadière,0,Arsenal,Premier League,6,-0.4431221597861097,-2.829867953258108,-13.409255,-51.7516
4040,Peter Crouch,Right Center Forward,Aston Villa,Premier League,6,-1.5709338731430957,-3.4270992744311175,-19.287865,-55.059174
9585,Stewart Downing,Left Midfield,Middlesbrough,Premier League,1,2.1100085617016076,0.25376233110279467,52.358425,-45.92123
15403,Gareth Southgate,Left Center Back,Middlesbrough,Premier League,2,-2.3454377473190484,0.7713593613843533,-28.699701,30.66889
17793,Boudewijn Zenden,Right Center Forward,Middlesbrough,Premier League,2,-1.9476660441183078,0.2646108157813355,-45.71897,5.780861
40252,Massimo Maccarone,Left Center Forward,Middlesbrough,Premier League,6,-0.6469620168884672,-3.9024745151521607,5.452939,-55.99924
40322,Mark Schwarzer,Goalkeeper,Middlesbrough,Premier League,0,-4.857922382918545,0.08694522122951168,-73.7919,-15.942303
40324,George Boateng,Right Center Midfield,Middlesbrough,Premier League,1,1.7098643406534644,1.4763319454438573,27.875015,18.35138
40326,Danny Mills,Right Back,Middlesbrough,Premier League,5,2.555488240412165,0.05683630057467171,41.567772,2.9435673
40327,Szilárd Németh,Right Midfield,Middlesbrough,Premier League,4,-0.33028370479080027,-2.275151767613614,-19.32291,-23.338768
40328,Franck Queudrue,Left Back,Middlesbrough,Premier League,1,1.495910811112408,1.2837538479131458,43.58027,23.506186
40329,Dorival Guidoni Júnior,Left Center Midfield,Middlesbrough,Premier League,7,1.957333179118183,0.5802012420450725,25.654007,30.405956
40330,Chris Riggott,Right Center Back,Middlesbrough,Premier League,0,-3.5143304285586168,0.41002658841651957,-52.467766,-2.091878
40331,Oswaldo Giroldo Júnior,Left Center Midfield,Middlesbrough,Premier League,4,4.075390753265072,-2.33766641919188,42.498215,-46.546753
40402,Stuart Parnaby,0,Middlesbrough,Premier League,2,-1.6039462464733547,1.2759069891701702,-20.58876,8.862725
20505,Louis Saha,Center Forward,Fulham,Premier League,6,0.4528342859016054,-6.664483440491133,-12.265933,-63.19376
38566,Lee Clark,Right Center Midfield,Fulham,Premier League,2,-2.464578549003215,1.1406343633644334,-49.91303,4.1501675
40407,Steed Malbranque,Left Wing,Fulham,Premier League,7,1.7856246989158486,1.2572142417617198,21.203964,40.410854
40408,Moritz Volz,Right Back,Fulham,Premier League,1,3.1611635310682553,1.3497349393495428,35.79449,42.98586
40409,Junichi Inamoto,Right Wing,Fulham,Premier League,4,0.3010905658452921,-0.6091640203535956,-14.825986,-16.296864
40411,Sylvain Legwinski,Center Attacking Midfield,Fulham,Premier League,2,0.1479656934508509,1.570437320011515,4.2063146,32.55768
40412,Sean Davis,Left Center Midfield,Fulham,Premier League,1,0.7733494687621821,1.5839368525192739,12.59551,26.06605
40413,Zat Knight,Right Center Back,Fulham,Premier League,0,-3.269612504305846,-0.9730680954941717,-46.441284,42.439785
40414,Jérôme Bonnissel,Left Back,Fulham,Premier League,2,-1.6836766838444752,2.061957878131629,-43.59413,12.488971
40415,Andy Melville,Left Center Back,Fulham,Premier League,0,-4.573706701235812,0.21283049268878393,-66.23207,-2.8575647
40422,Alain Goma,0,Fulham,Premier League,1,-0.3456689056859971,1.574205391498028,24.828878,1.575208
15411,Darren Anderton,Right Center Midfield,Tottenham Hotspur,Premier League,3,2.800781015065742,-3.8087965502306576,9.9666195,-49.35905
40317,Dean Richards,Center Defensive Midfield,Tottenham Hotspur,Premier League,0,-3.9860963103696685,-0.8178822848388992,-49.979908,-9.018186
40318,Stephen Carr,Right Wing Back,Tottenham Hotspur,Premier League,2,-2.5338851660900086,0.19498026878502803,-18.248468,-7.3227615
15519,Nicolas Anelka,Center Forward,Manchester City,Premier League,3,0.37507057127167415,-6.691683368603114,-2.1329727,-66.50157
19636,Paul Bosvelt,Left Center Midfield,Manchester City,Premier League,2,-1.3088856316152868,1.0559930914872204,-21.164669,31.278435
20329,David James,Goalkeeper,Manchester City,Premier League,0,-4.859850423298322,-0.0673550121853222,-77.57533,-26.387436
20447,Richard Dunne,Right Center Back,Manchester City,Premier League,2,-2.2250022195493724,0.21388101781204202,-45.192127,1.1801032
24758,Michael Tarnat,Left Back,Manchester City,Premier League,1,0.22169037809165454,0.8667260338741306,-6.993187,18.941885
38551,Shaun Wright-Phillips,Right Attacking Midfield,Manchester City,Premier League,4,0.10538853640893912,-2.2791996885186983,-14.698239,-20.487452
38552,Joey Barton,Center Defensive Midfield,Manchester City,Premier League,1,1.1243841057878072,1.3271212027730872,25.848732,9.240926
40215,Jihai Sun,Right Back,Manchester City,Premier League,2,-0.9430935712021281,0.9002030537522067,-25.060844,30.077555
40217,Trevor Sinclair,Left Attacking Midfield,Manchester City,Premier League,2,-2.6896270072147894,-0.27856874055763875,-43.03171,-11.244366
40218,Sylvain Distin,Left Center Back,Manchester City,Premier League,2,-0.8179306479363969,1.500258457616098,-14.7498665,33.475998
13042,Tim Howard,0,Manchester United,Premier League,0,-3.844536197691232,0.7591857199033141,-41.070766,38.496162
15402,Gary Neville,Right Back,Manchester United,Premier League,7,0.8122871443671785,2.8057019044361002,11.386357,47.720215
15660,Phil Neville,0,Manchester United,Premier League,1,0.8347811131409456,1.0546123462824222,20.33291,14.912247
16890,John O''Shea,Left Back,Manchester United,Premier League,2,-1.9005793145880285,0.4009616572808396,-23.578531,22.09743
20341,Mikaël Silvestre,Left Center Back,Manchester United,Premier League,2,0.4602870039283148,1.7483929741723871,-3.3960624,20.226004
24805,Roy Keane,Left Center Midfield,Manchester United,Premier League,7,1.370491631959634,3.2829425589299293,-0.85344064,66.991585
40364,Roy Carroll,Goalkeeper,Manchester United,Premier League,0,-4.662235060241589,0.35669754106196516,-79.38602,-17.886353
40366,Wes Brown,Right Center Back,Manchester United,Premier League,2,-1.285239219719488,0.8059346011070943,-23.024818,24.343262
40254,Igor Bišćan,Right Center Back,Liverpool,Premier League,1,1.1186532277439023,1.7036683079705237,59.999893,-6.995357
40257,El-Hadji Ousseynou Diouf,Right Midfield,Liverpool,Premier League,4,3.5329877616883207,-2.0106364309696025,48.715244,-43.689854
15049,Billy McKinlay,Right Defensive Midfield,Leicester City,Premier League,1,0.4078413485774037,1.5949838767115838,8.953505,8.935319
24798,Nikos Dabizas,Left Center Back,Leicester City,Premier League,1,-0.2608401329745745,0.8701898708539048,20.811563,0.9961451
40236,Ian Walker,Goalkeeper,Leicester City,Premier League,0,-4.130975372080125,0.9915914013202424,-84.894844,-2.2105284
40237,James Scowcroft,Left Midfield,Leicester City,Premier League,6,0.5604500790313314,-1.2516696081954202,-24.428938,-51.37692
40238,Lilian Nalis,Left Defensive Midfield,Leicester City,Premier League,1,0.3512566923265652,1.419326610039172,25.984291,4.72596
40239,Jordan Stewart,Left Back,Leicester City,Premier League,1,-0.2336146580920847,0.24426969395255388,26.451086,1.6177871
40240,Paul Dickov,Left Center Forward,Leicester City,Premier League,5,2.7256739228364406,-2.061893648764672,22.134708,-11.301567
40241,Matt Heath,Right Center Back,Leicester City,Premier League,2,-3.234446727812939,-0.31120063473752047,-47.49942,-9.788815
40242,Marcus Bent,Right Center Forward,Leicester City,Premier League,1,0.7944066494634843,-0.831678360834446,12.073642,-28.05316
40243,Frank Mohammed Sinclair,Right Back,Leicester City,Premier League,5,4.371995505446243,1.6383774612277788,48.9907,-16.7687
4357,Matthew Taylor,Left Back,Portsmouth,Premier League,1,1.0779942423483948,0.9595865084304113,46.52127,-15.180463
15410,Teddy Sheringham,0,Portsmouth,Premier League,6,-0.23084125227385463,-3.3612025751014416,-5.688924,-63.501167
15505,Steve Stone,Right Midfield,Portsmouth,Premier League,1,0.465409933720567,-0.1684047251646775,0.68892944,-15.195183
38403,Shaka Hislop,Goalkeeper,Portsmouth,Premier League,0,-5.286574598208504,-0.6909501817986694,-75.75663,-31.206697
40337,Yakubu Aiyegbeni,Right Center Forward,Portsmouth,Premier League,3,3.2086074018294446,-7.571212169876935,0.26727638,-66.22069
40338,Nigel Quashie,Left Defensive Midfield,Portsmouth,Premier League,5,3.0911035390557724,0.8225236244663178,58.85756,-7.42035
40339,Arjan de Zeeuw,Right Center Back,Portsmouth,Premier League,0,-3.6796181805365364,-0.6262353325299502,-51.21697,-7.387413
40340,Dejan Stefanovic,Left Center Back,Portsmouth,Premier League,2,-3.0617765173232683,-1.2976186914459276,-50.598408,-9.597382
40343,Amdy Moustapha Faye,Right Defensive Midfield,Portsmouth,Premier League,5,4.041799228536381,0.28821818500781915,51.154144,6.3957086
376516,Richard Hughes,Left Midfield,Portsmouth,Premier League,5,3.4608697512842976,1.4869927301027674,61.02443,13.184182
376517,John Curtis,Right Back,Portsmouth,Premier League,2,-3.3245570711851014,0.7824702442769292,-42.580315,-3.1624095
376518,Trésor Lomana LuaLua,Left Center Forward,Portsmouth,Premier League,5,5.367778375349876,-3.5729596848321417,50.01087,-41.684265
20257,William Gallas,Right Center Back,Chelsea,Premier League,5,3.9018716843318155,0.022816318374578568,51.060772,9.50802
20286,Scott Parker,Right Center Midfield,Chelsea,Premier League,1,1.5161808540742392,0.13863906386624264,20.300365,19.074055
20287,John Terry,Left Center Back,Chelsea,Premier League,2,-1.789436692883722,1.5677486823810685,-38.66677,12.574008
40271,Neil Sullivan,Goalkeeper,Chelsea,Premier League,0,-5.153622714624019,-0.33542212508554864,-70.7832,-15.951128
9353,Nicky Hunt,Right Back,Bolton Wanderers,Premier League,2,-1.8764763296922704,0.23058776744998108,-16.178993,-7.365148
15073,Youri Djorkaeff,Left Midfield,Bolton Wanderers,Premier League,6,-1.1045025929937349,-1.8388619090745937,-35.403976,-28.124918
19772,Stylianos Giannakopoulos,0,Bolton Wanderers,Premier League,4,-0.04394356178816963,-1.9268983999759592,-4.7322955,-24.615206
21540,Kevin Nolan,Right Midfield,Bolton Wanderers,Premier League,1,0.9800160167988407,-1.5239227403892988,19.407967,-12.938722
40383,Émerson Augusto Thome,Right Center Back,Bolton Wanderers,Premier League,2,-0.7613603754332171,-0.3998139953650936,-3.3860672,-22.62264
40384,"Augustine Azuka ""Jay-Jay"" Okocha",Left Center Midfield,Bolton Wanderers,Premier League,4,2.0534393341956774,-1.1432144107738984,45.04798,-38.56813
40385,Jussi Jääskeläinen,Goalkeeper,Bolton Wanderers,Premier League,0,-4.58331411744273,0.3742542935871227,-80.343285,-18.245417
40386,Iván Campo Ramos,Center Defensive Midfield,Bolton Wanderers,Premier League,4,0.13130294200623607,-1.2098188546631103,-2.601803,-41.64433
40387,Henrik Pedersen,Right Midfield,Bolton Wanderers,Premier League,6,-1.918296302178279,-3.6572942971477755,-1.2975745,-45.449703
40388,Kevin Cyril Davies,Center Forward,Bolton Wanderers,Premier League,6,-0.20676738652909313,-4.603295770599094,-19.704542,-57.67569
40389,Per Frandsen,Right Center Midfield,Bolton Wanderers,Premier League,2,-0.4583320617104079,-0.8221852187963854,-37.99045,-8.18519
40390,Simon Charlton,Left Center Back,Bolton Wanderers,Premier League,1,-0.673492066352347,0.4452538381604289,-2.7346416,6.65416
40391,Ricardo Wayne Gardner,Left Back,Bolton Wanderers,Premier League,4,0.5353299613498482,-0.8582134899115882,-14.378168,-23.838348
20402,Boris Živković,Left Back,Portsmouth,Premier League,2,-1.2944957547796498,-0.42099030792513115,-12.027354,-5.3514504
40336,Sébastien Schemmel,Right Back,Portsmouth,Premier League,1,0.07884186372298568,1.3237505308619708,29.147984,1.9062308
11009,Chris Baird,Right Back,Southampton,Premier League,1,-0.40610512340258476,-0.8678529477714998,18.082026,-1.7129651
40433,Kevin Phillips,Left Center Forward,Southampton,Premier League,6,0.8298430532625432,-2.9093505101120414,-17.33413,-58.409023
40434,Paul Telfer,Right Midfield,Southampton,Premier League,1,1.0032844747033212,0.48511209448007736,26.486017,10.1675625
40435,Rory Delap,Right Center Midfield,Southampton,Premier League,1,0.2369099347981881,0.1342277041348796,2.0953016,8.269378
40436,Darren Kenton,Right Back,Southampton,Premier League,1,0.08916985781050081,0.6486171425456116,16.33993,-0.6873228
40437,Brett Ormerod,Left Midfield,Southampton,Premier League,6,-1.2729259066656213,-1.950647141330587,-19.533892,-40.251553
40438,Antti Mikko Niemi,Goalkeeper,Southampton,Premier League,0,-5.0454928892306325,-0.22787841307812162,-74.60922,-26.182592
40439,David Prutton,Left Center Midfield,Southampton,Premier League,1,2.4230030269816583,0.5480032581317109,38.334084,-3.5224242
40441,Michael Lennart Svensson,Left Center Back,Southampton,Premier League,2,-1.6707538969960345,-0.620012298969182,-12.706878,3.9421573
40442,James Beattie,Right Center Forward,Southampton,Premier League,6,0.12795754274444554,-1.6748221985030944,-23.622831,-51.140133
40444,Fitz Hall,Right Center Back,Southampton,Premier League,1,-0.5465794289928069,0.3044559710100692,18.289202,-0.85022974
40445,Danny Higginbotham,Left Back,Southampton,Premier League,5,1.610163611145782,0.5304094981835188,45.171806,5.0664535
3953,Aaron Lennon,Left Midfield,Leeds United,Premier League,4,0.1549558469727939,-1.0230640345641675,4.6287584,-26.546944
38557,David Batty,Right Defensive Midfield,Leeds United,Premier League,7,2.4384729957784823,4.254522542891041,16.54102,68.274445
40132,Paul Robinson,Goalkeeper,Leeds United,Premier League,0,-4.768886560190541,0.09290388708904201,-77.10562,-21.169706
40263,Zoumana Camara,Right Center Back,Leeds United,Premier League,2,-1.160695428275425,0.13298707607576393,-18.74524,2.216928
40265,José Vitor Roque Júnior,Left Center Back,Leeds United,Premier League,2,0.028817095222651554,0.7365879078317668,-19.064388,3.0867436
40266,Seth Johnson,Left Defensive Midfield,Leeds United,Premier League,4,0.08803713793706051,0.3218616938847954,-17.222017,-20.086668
40267,Alan Smith,Right Center Forward,Leeds United,Premier League,6,3.546867875919228,-3.349696472662232,-6.330389,-45.647793
40268,René Salomon Olembé-Olembé,Left Back,Leeds United,Premier League,4,2.367451426327435,0.7832440183728722,39.895313,49.84003
40270,Gary Oliver Kelly,Right Back,Leeds United,Premier League,7,0.051775097583333686,2.557325368682551,9.846228,47.863598
40368,Ian Harte,0,Leeds United,Premier League,1,2.027246900206813,1.091374996640304,35.965553,43.747334
40371,Michael Duberry,0,Leeds United,Premier League,1,-0.05933788975782052,-0.19719665148957377,8.181262,2.8141882
40403,Malcolm Christie,Right Center Forward,Middlesbrough,Premier League,5,3.0166254661905674,-1.0276626038810126,53.689575,1.9346484
40404,Alan Wright,Left Midfield,Middlesbrough,Premier League,7,-0.09012465910909435,2.5679983673483133,-8.719834,53.87934
40405,Colin Cooper,Left Back,Middlesbrough,Premier League,2,-1.5126186237209998,1.9150490457328313,-42.935303,15.547295
15095,Tugay Kerimoğlu,Right Center Midfield,Blackburn Rovers,Premier League,7,1.997396191444219,2.6412117181350037,15.484743,51.122406
24766,Dwight Yorke,Left Center Forward,Blackburn Rovers,Premier League,6,1.6565848627809798,-1.4614871223522783,11.357928,-22.200626
24767,Andy Cole,Right Center Forward,Blackburn Rovers,Premier League,6,-2.679056698191098,-1.6887480409856521,-24.461031,-36.8721
38464,Brad Friedel,Goalkeeper,Blackburn Rovers,Premier League,0,-4.891741155122091,-0.08086609755592568,-77.293304,-26.826244
40352,Barry Ferguson,Left Center Midfield,Blackburn Rovers,Premier League,5,5.508651320155217,0.12699714720285618,50.38306,-0.36770156
40354,Lucas Neill,Left Midfield,Blackburn Rovers,Premier League,5,3.342697720256134,2.8211136320473176,46.923397,23.705828
40355,Andy Todd,Right Center Back,Blackburn Rovers,Premier League,1,1.7509051076646047,2.3187102207975556,59.468815,12.643363
40356,Craig Short,Left Center Back,Blackburn Rovers,Premier League,1,0.1140329718206035,-0.14196140819570635,6.68851,-11.382141
40357,Brett Emerton,Right Midfield,Blackburn Rovers,Premier League,1,2.593549366642587,1.0904556823595397,40.49165,-3.2159157
40393,"Bruno N""Gotty",Right Center Back,Bolton Wanderers,Premier League,2,-2.940723961880715,-0.30846945582482216,-46.069782,-8.317406
20059,Aaron Hughes,Right Back,Newcastle United,Premier League,2,-0.8621324859078596,2.3587610802103898,-43.86459,18.56647
20446,Shay Given,Goalkeeper,Newcastle United,Premier League,0,-4.567298826721427,0.45103048848982097,-78.279236,-11.361205
24799,Gary Speed,Left Defensive Midfield,Newcastle United,Premier League,1,0.2567410870083536,1.5745580343511798,25.886648,6.519421
38418,Jonathan Woodgate,Left Center Back,Newcastle United,Premier League,5,3.877732689221039,1.6443582229863354,55.027245,4.1843724
40225,"Andy O""Brien",Right Center Back,Newcastle United,Premier League,2,-2.6555453738386943,0.5132480249632604,-29.497509,31.174648
40226,Craig Bellamy,Right Center Forward,Newcastle United,Premier League,6,0.20671700443738308,-4.483020032883671,-18.085178,-57.027782
40227,Laurent Robert,Left Midfield,Newcastle United,Premier League,3,-1.2238277976416465,-3.8115387674098993,17.960468,-52.95399
40230,Titus Malachi Bramble,0,Newcastle United,Premier League,2,-1.1193829250782692,0.887303705761174,-25.195202,30.027943
40231,Alan Shearer,Left Center Forward,Newcastle United,Premier League,6,-2.6320965455406253,-2.9200030084789756,-20.892956,-55.349586
40233,Olivier Bernard,Left Back,Newcastle United,Premier League,2,-0.07263671374306453,-1.270526772207292,2.9871223,-26.629877
40234,Jermaine Jenas,Right Defensive Midfield,Newcastle United,Premier League,5,5.041169256895316,2.778782407722305,59.063145,6.8771825
40290,Robbie Savage,Left Center Midfield,Birmingham City,Premier League,1,2.288719016002098,0.7926611178432452,30.396067,17.708158
40292,Maik Taylor,Goalkeeper,Birmingham City,Premier League,0,-5.402611580488464,-0.9537558917631708,-76.33613,-32.80472
40293,Damien Johnson,Right Back,Birmingham City,Premier League,2,-0.34364156849038796,1.1904698246447438,-20.31533,5.3678756
40295,Stan Lazaridis,Left Wing,Birmingham City,Premier League,6,-0.978801224467209,-1.8494403759790774,-27.129425,-27.957827
40296,Kenny Cunningham,Right Center Back,Birmingham City,Premier League,2,-1.7107362908999477,1.6854243316084883,-25.059433,32.37753
40297,Stephen Clemence,Right Wing,Birmingham City,Premier League,1,2.5362840155549926,-1.0920788404981507,31.398998,-7.214519
40298,Jamie Clapham,Left Back,Birmingham City,Premier League,2,-1.514578485420508,1.0811423810087302,-25.765598,31.663116
40300,Matthew Upson,Left Center Back,Birmingham City,Premier League,2,-2.3963866996133913,0.6995633583338403,-46.09126,5.1657457
40302,David Dunn,Center Attacking Midfield,Birmingham City,Premier League,4,4.6593324848266615,-0.24098927388434382,48.84298,-45.145508
38522,Dietmar Hamann,Right Defensive Midfield,Liverpool,Premier League,1,0.5723948038096539,2.3145267311934448,19.903803,4.134116
39847,Dominic Matteo,Left Center Midfield,Leeds United,Premier League,2,-1.7377651611759302,1.4506594525445358,-23.075098,-11.653506
40369,Steven Caldwell,Left Center Back,Leeds United,Premier League,0,-4.077101356513861,0.3247326134057372,-60.98041,-2.603959
15409,David Seaman,Goalkeeper,Manchester City,Premier League,0,-4.560253932650801,0.47514081459543145,-79.76756,-15.803351
40220,David Sommeil,Right Center Back,Manchester City,Premier League,0,-3.601042282234505,0.4416588653291129,-49.4869,-3.4318278
40400,Olivier Tébily,Right Back,Birmingham City,Premier League,1,1.0594610750142357,2.351170833169548,24.201448,9.042462
40401,Ian Bennett,Goalkeeper,Birmingham City,Premier League,0,-5.024379189752223,-0.4641351330844262,-76.82276,-32.35231
40395,Michael Gray,Left Back,Blackburn Rovers,Premier League,2,-0.15575288387626499,1.4176263448243354,-9.375053,50.429867
40397,Martin Andresen,Left Defensive Midfield,Blackburn Rovers,Premier League,2,0.9774360746745919,1.3106016292999398,-10.564932,-7.230297
15513,Thomas Gravesen,Left Center Midfield,Everton,Premier League,5,11.048757524312856,1.7816824280158319,60.462162,4.7343698
38558,Steve Watson,Right Midfield,Everton,Premier League,1,1.3751039967122232,-2.670760889238629,22.338888,-17.289345
40280,Richard Wright,Goalkeeper,Everton,Premier League,0,-4.8839010123418465,0.021845829675208647,-71.69922,-12.836176
40283,Nick Chadwick,Left Center Forward,Everton,Premier League,6,-1.8936922476641829,-5.17554075782855,-20.051758,-57.20548
40284,Alessandro Pistone,Right Back,Everton,Premier League,2,-0.907635766779311,1.3540138102171377,-19.036839,6.5619817
15405,Paul Ince,Center Defensive Midfield,Wolverhampton Wanderers,Premier League,2,-2.1489430836851087,-0.16362276009471252,-26.05855,-15.237498
40309,Oleg Luzhny,Right Back,Wolverhampton Wanderers,Premier League,2,-2.0124561935905416,2.67195050991244,-44.38227,10.138048
40310,Michael Oakes,Goalkeeper,Wolverhampton Wanderers,Premier League,0,-5.487757421052266,-0.9822145663047174,-76.05486,-32.5858
13808,Radostin Kishishev,Right Back,Charlton Athletic,Premier League,1,0.6667997518704175,1.1061826292871104,17.389212,27.52356
20153,Claus Jensen,Left Center Midfield,Charlton Athletic,Premier League,7,-0.29052640903721805,0.5100727131609235,-0.6427336,-25.565931
40375,Paolo Di Canio,Right Center Forward,Charlton Athletic,Premier League,3,0.784528835266627,-4.313932472648671,23.840206,-63.385292
40376,Graham Stuart,Left Midfield,Charlton Athletic,Premier League,2,-1.1558375857600414,0.34642038040770196,-16.388947,7.7256546
40377,Hermann Hreidarsson,Left Back,Charlton Athletic,Premier League,1,0.9676085949796838,0.6764213895653681,25.78072,9.18337
40378,Dean Kiely,Goalkeeper,Charlton Athletic,Premier League,0,-5.002077532475651,-0.12005254504261316,-75.28618,-26.049404
40379,Matt Holland,Right Midfield,Charlton Athletic,Premier League,1,1.2891420883520779,1.6231747386178514,11.061934,6.689704
40380,Mark Fish,Left Center Back,Charlton Athletic,Premier League,1,0.2760324089182706,0.35938109851344296,6.903954,3.1279588
40381,Chris Perry,Right Center Back,Charlton Athletic,Premier League,1,-0.49546619135923836,0.4418649051155753,26.689169,-0.514917
20326,Kieron Dyer,Left Center Midfield,Newcastle United,Premier League,5,5.7496683146763425,0.9416189579292253,49.048428,-17.381622
40246,Quinton Fortune Kolobea,Left Center Midfield,Manchester United,Premier League,5,6.415715108705521,1.1984496864077248,54.175922,14.356373
38569,Steve Howey,Right Center Back,Leicester City,Premier League,0,-4.153494322792233,-0.5800282676280847,-49.235405,-9.692992
375887,Riccardo Scimeca,Left Center Back,Leicester City,Premier League,2,-2.539955417665645,0.9577409158054212,-44.910694,-3.357024
375888,Andy Impey,Right Back,Leicester City,Premier League,2,-1.4680754447473965,1.4036953682340196,-20.490702,8.963603
375890,Callum Davidson,Left Defensive Midfield,Leicester City,Premier League,2,-0.04634205614862233,-0.4455468064729739,-11.740295,-5.7023306
40420,Carlos Manuel Bocanegra,Left Back,Fulham,Premier League,2,-1.9869556108363304,1.7831616631114913,-47.059162,11.377236
40421,Ian Pearce,Right Center Back,Fulham,Premier League,0,-3.66852709471027,0.008218120379100328,-52.84394,-1.7735866
40424,Luís Boa Morte Pereira,Center Forward,Fulham,Premier League,5,5.5691633288633735,-4.698651853804366,52.483475,-35.840683
377676,Stephen Crainey,Left Back,Southampton,Premier League,5,2.1298031489086435,1.3753562564844768,56.43764,11.04728
40416,Luke Young,Right Back,Charlton Athletic,Premier League,2,-0.04580649667550116,0.5344546333399084,-20.011822,5.569731
40417,Jonathan Fortune,Left Center Back,Charlton Athletic,Premier League,0,-3.930666341623802,0.06878664085405989,-53.136208,-8.290764
40418,Carlton Cole Okirie,Right Center Forward,Charlton Athletic,Premier League,5,4.90012806838248,-3.446555830739966,12.893843,-20.601957
38603,Gerd Kische,Right Back,German DR,FIFA World Cup,2,-2.514442565786098,-0.47200858062819384,-20.30501,-7.58275
38604,Konrad Weise,Right Center Back,German DR,FIFA World Cup,2,-1.8906546724313436,1.1485182202622495,-25.92197,-7.5303755
38605,Reinhard Lauck,Right Center Midfield,German DR,FIFA World Cup,6,-1.2347391435804627,-2.012195150283563,-16.368086,-33.63821
38606,Jürgen Croy,Goalkeeper,German DR,FIFA World Cup,0,-4.042689755008423,1.16497461472068,-83.760895,3.1533186
38607,Lothar Kurbjuweit,Left Center Midfield,German DR,FIFA World Cup,1,-0.47371014395059086,-0.49752382643463616,7.685123,-8.98455
38609,Siegmar Wätzlich,Left Back,German DR,FIFA World Cup,2,-1.7411527193784637,0.36202874684019754,-16.808395,2.6252747
38613,Martin Hoffmann,Right Center Forward,German DR,FIFA World Cup,0,-2.79765818978017,-1.4002058903072225,-28.695139,-21.61455
38619,Bernd Bransch,Left Center Back,German DR,FIFA World Cup,7,-0.23784968678467322,1.9713870841529875,-19.876745,52.88684
38620,Jürgen Sparwasser,Left Center Forward,German DR,FIFA World Cup,6,-1.3726452126507724,-2.704145326485597,-1.6842798,-43.70231
38622,Hans-Jürgen Kreische,Left Midfield,German DR,FIFA World Cup,1,1.4168535275690652,-0.6965192614896638,44.810364,-21.671831
42168,Jürgen Pommerenke,0,German DR,FIFA World Cup,2,-2.0149907316522184,1.1427658220201116,-46.031837,6.2916913
42173,Rüdiger Schnuphase,0,German DR,FIFA World Cup,0,-3.202272768777376,-1.823662886135242,-21.989956,-29.581045
38608,Jürgen Grabowski,Right Center Forward,Germany,FIFA World Cup,4,-1.0438215998337919,-1.8607617297289822,-19.092552,-25.270124
38610,Paul Breitner,Left Back,Germany,FIFA World Cup,3,2.7370744704179573,-1.3199932999019186,32.16221,-54.18769
38611,Berti Vogts,Right Center Back,Germany,FIFA World Cup,1,0.8071796737863597,0.5504882216220899,5.8737907,25.420912
38612,Gerhard Müller,Left Defensive Midfield,Germany,FIFA World Cup,6,0.22898368131306823,-3.9333840581295285,7.1356425,-51.152138
38614,Heinz Flohe,Left Midfield,Germany,FIFA World Cup,2,-1.1009995058570614,-0.5287505112152261,-16.346474,-32.179665
38616,Sepp Maier,Goalkeeper,Germany,FIFA World Cup,0,-4.800611530800425,0.07023702478351643,-72.829155,-15.098442
38617,Georg Schwarzenbeck,Right Back,Germany,FIFA World Cup,2,-0.9809503077505345,0.47935938253549637,-27.788813,-10.418875
38618,Bernhard Cullmann,Right Midfield,Germany,FIFA World Cup,1,1.6225569176986203,0.17169062136030222,17.871834,7.6006374
38623,Wolfgang Overath,Left Center Forward,Germany,FIFA World Cup,1,1.7127959286525565,2.4214333381471285,59.57635,-6.1877275
38624,Günter Netzer,Left Center Forward,Germany,FIFA World Cup,5,6.854122481207558,2.68670779912132,50.819656,24.969814
38625,Franz Beckenbauer,Left Center Back,Germany,FIFA World Cup,7,2.4570941106546944,3.293946623493432,13.384139,57.373272
38626,Ulrich Hoeneß,Right Defensive Midfield,Germany,FIFA World Cup,4,-1.0502727844214732,-0.8069791435319945,-18.484877,-24.066648
42171,Bernd Hölzenbein,0,Germany,FIFA World Cup,1,1.0369080871415388,-1.9690575586531402,11.677796,-24.139872
38559,Peter Beardsley,Right Center Forward,England,FIFA World Cup,6,-1.4626236354404083,-3.1216158186360783,-24.26901,-44.091522
38648,Steve Hodge,Left Midfield,England,FIFA World Cup,2,-1.8284064613659228,-0.5526778769650069,-14.638097,-5.913514
38649,Gary Michael Stevens,Right Back,England,FIFA World Cup,2,-2.3278787392690194,0.07186900854193792,-30.169184,32.588917
38650,Kenny Sansom,Left Back,England,FIFA World Cup,7,2.38228600748743,2.1065065130166167,35.828392,43.58394
38653,Terry Fenwick,Right Center Back,England,FIFA World Cup,0,-3.2917401237310915,-0.0784289194688163,-52.239456,5.275071
38658,Peter Shilton,Goalkeeper,England,FIFA World Cup,0,-4.018900347624565,1.1050296813567022,-73.9354,5.6697125
38659,Terry Butcher,Left Center Back,England,FIFA World Cup,2,0.936344624612616,-0.12898371019155308,18.629442,24.124199
38660,Glenn Hoddle,Right Defensive Midfield,England,FIFA World Cup,4,3.095721456506281,-0.7544661781908576,46.339153,-39.62771
38662,Gary Lineker,Left Center Forward,England,FIFA World Cup,6,-2.2345380825910115,-6.750392483435839,-13.263494,-63.233227
38640,Neri Alberto Pumpido Barrinat,Goalkeeper,Argentina,FIFA World Cup,0,-4.386717989768928,0.7028259798526642,-70.83313,-0.8591594
38641,Diego Armando Maradona,Center Attacking Midfield,Argentina,FIFA World Cup,3,4.413618020064543,-4.711261585954873,38.25901,-49.69195
38642,José Luis Brown,Center Back,Argentina,FIFA World Cup,1,-0.8570054004861724,-0.3388345401816835,29.185177,-1.7627306
38643,José Luis Cuciuffo,Right Center Back,Argentina,FIFA World Cup,1,0.042008448898877074,0.6814492248606538,3.3469923,14.370324
38644,Héctor Adolfo Enrique,Right Center Midfield,Argentina,FIFA World Cup,4,-0.5915626572781791,-0.09890814426416625,-9.301547,-18.319746
38645,Sergio Daniel Batista,Center Defensive Midfield,Argentina,FIFA World Cup,2,-1.678159108519891,1.281729319377635,-23.806784,34.092873
38646,Jorge Luis Burruchaga,Left Center Midfield,Argentina,FIFA World Cup,4,0.14499721099435617,-1.121661752643495,36.226974,-34.61931
38647,Jorge Alberto Francisco Valdano Castellano,Center Forward,Argentina,FIFA World Cup,4,-0.5438687985371604,-2.9632829790942616,16.913065,-50.508923
38654,Ricardo Omar Giusti,Right Wing Back,Argentina,FIFA World Cup,2,-0.1908253149871263,0.9220928956823089,-18.804695,4.0398245
38657,Óscar Alfredo Ruggeri Zocola,Left Center Back,Argentina,FIFA World Cup,2,-2.8711271569850636,-0.030927556523808058,-30.262035,28.983864
38661,Julio Jorge Olarticoechea,Left Wing Back,Argentina,FIFA World Cup,2,-1.3873717245908728,0.39397282782308046,-35.764263,3.3164728
398594,Daniel Alberto Passarella,0,Argentina,FIFA World Cup,7,1.1530369010170383,-0.5040764900658976,-10.941772,-34.150494
20195,Dirk Kuijt,Center Forward,Liverpool,Champions League,6,2.612563490943758,-6.041904775426544,-15.09657,-61.66313
20197,Daniel Munthe Agger,Left Center Back,Liverpool,Champions League,2,-2.8343903377008925,0.04117002827813512,-46.123047,-7.269313
17607,Massimo Ambrosini,Right Center Midfield,AC Milan,Champions League,5,3.0063190407724627,0.8171169988861939,54.70958,11.226476
19877,Massimo Oddo,Right Back,AC Milan,Champions League,1,-0.10943192442897291,0.5075362914687819,19.664688,9.734883
38389,Alberto Gilardino,Center Forward,AC Milan,Champions League,6,-1.1814958388847214,-3.7977323412069737,-8.302595,-51.682297
3156,Rafael Pereira da Silva,0,Manchester United,Champions League,7,3.0028809837030677,1.8941815429068452,32.493725,41.079502
11012,Jonathan Grant Evans,0,Manchester United,Champions League,2,-0.09082093479895655,0.7390994445508408,-1.5704834,9.677978
39702,Stephen Kenneth Hunt,Left Wing,NY Cosmos,North American League,3,9.392430734911187,-8.582252134374139,16.79374,-69.712585
39704,Robert Alfred ''Bobby' Smith,Right Back,NY Cosmos,North American League,2,-1.742937011399372,0.7610605136433882,-46.68627,4.657119
39705,Giorgio Chinaglia,Center Forward,NY Cosmos,North American League,3,4.0126535087296,-3.1151598504294107,58.80221,-19.81969
39706,Shep Norman Messing,Goalkeeper,NY Cosmos,North American League,0,-4.367804165592941,0.8805102170484379,-67.81792,4.4363675
39707,Werner Roth,Right Center Back,NY Cosmos,North American League,5,2.118793544738826,0.8825212210723978,54.962715,11.371528
39708,Carlos Alberto Torres,Left Center Back,NY Cosmos,North American League,7,1.424845077074662,2.758858301432321,5.0597315,58.90468
39709,Nelsi Morais,Left Back,NY Cosmos,North American League,5,6.1850117422249005,1.7562665106042408,59.816208,6.196766
39711,Tony Field,Right Wing,NY Cosmos,North American League,4,3.5782417290505295,0.21422185618936926,51.27367,-45.78581
39712,Édson Arantes do Nascimento,Center Attacking Midfield,NY Cosmos,North American League,3,4.947109802085507,-7.308298475190188,18.124216,-68.26269
39973,Anthony Chursky,Goalkeeper,Seattle Sounders,North American League,0,-3.99543692902486,1.337629693648262,-72.119675,7.6774964
39974,Melvyn Machin,Right Back,Seattle Sounders,North American League,1,1.2088600172561699,2.308404470706661,44.16542,25.048618
39975,Dave Gillett,Right Center Back,Seattle Sounders,North American League,4,0.03767128087451191,-2.750249961083694,-5.7540817,-24.768353
39976,Adrian Webster,Center Attacking Midfield,Seattle Sounders,North American League,0,-3.249935885935271,0.9432353777252104,-56.521774,5.6213946
39977,Steve Buttle,Left Wing,Seattle Sounders,North American League,5,4.784005615879075,-0.4530224484270103,56.868816,2.4755857
39979,Tommy Ord,Center Forward,Seattle Sounders,North American League,1,0.7604814021780549,-2.721574288403692,23.796402,-22.31467
39983,Jocky Scott,Right Center Midfield,Seattle Sounders,North American League,5,7.8916668663392535,-2.3527473306641378,50.464966,-0.15477173
39984,Harold Michael ''Mike' England,Left Center Back,Seattle Sounders,North American League,2,-1.519281786148782,-0.15770255665801822,-40.363792,-8.600078
39985,Jimmy McAlister,Left Back,Seattle Sounders,North American League,5,4.13527785969743,0.1885698468354145,56.21383,5.4691963
39713,Johan Cruyff,Center Forward,Ajax,Champions League,4,5.1316895195946435,-4.3771718327248665,38.459053,-49.488075
39716,Piet Keizer,Left Wing,Ajax,Champions League,4,2.6109770857242696,-1.2541547955133756,52.772137,-16.185047
39719,Arie Haan,Right Center Midfield,Ajax,Champions League,7,1.6165089822451486,1.611174999186605,19.910019,47.230915
39720,Ruud Krol,Left Back,Ajax,Champions League,7,2.0311727077325465,0.9691453399656152,37.6305,34.299736
39721,Johan Neeskens,Center Defensive Midfield,Ajax,Champions League,4,1.6751497072829589,-1.2161552909921816,28.415632,-54.30935
39723,Sjaak Swart,Right Wing,Ajax,Champions League,4,2.1535526077395013,-2.4595675175279887,41.28203,-20.048477
39724,Gerrie Mühren,Left Center Midfield,Ajax,Champions League,4,3.1633410034049714,-2.3764249605763683,36.214172,-47.95632
39726,Barry Hulshoff,Right Center Back,Ajax,Champions League,1,-0.158576709940106,-0.3228523949085607,14.5620575,4.9441576
39728,Heinz Stuy,Goalkeeper,Ajax,Champions League,0,-3.9953373015519587,1.2184600063568771,-77.761505,5.3887796
39729,Horst Blankenburg,Left Center Back,Ajax,Champions League,2,-1.3197560009946683,1.8100924431905954,-8.583945,-16.750984
39734,Wim Suurbier,Right Back,Ajax,Champions League,7,-0.03887817297176409,1.7581735613312852,-3.309016,36.183434
39714,Giacinto Facchetti,Left Back,Inter Milan,Champions League,0,-3.642259200705716,0.3701786687281631,-47.686638,-6.80731
39715,Tarcisio Burgnich,Right Center Back,Inter Milan,Champions League,2,-2.349554783339169,-0.6223109015127316,-30.98817,-1.8849909
39717,Roberto Boninsegna,Center Forward,Inter Milan,Champions League,6,-0.6688911621241385,-5.08280879926063,-3.3739743,-66.34939
39718,Mauro Bellugi,Right Back,Inter Milan,Champions League,5,3.3431689774548747,0.9083114485882456,51.525223,9.586418
39722,Ivano Bordon,Goalkeeper,Inter Milan,Champions League,0,-4.372154235459943,0.820447817357271,-67.49282,4.0512114
39725,Gianfranco Bedin,Left Defensive Midfield,Inter Milan,Champions League,4,-0.5596588891814873,-1.0131707054163408,-15.969115,-33.55281
39731,Mario Frustalupi,Left Wing,Inter Milan,Champions League,2,-2.2174673769419324,-0.5942563941070451,-22.0462,-19.088814
39732,Sandro Mazzola,Center Attacking Midfield,Inter Milan,Champions League,4,1.9290603692562174,-0.9371744372522345,45.303974,-39.71322
39733,Gabriele Oriali,Right Defensive Midfield,Inter Milan,Champions League,2,-2.887228956481893,0.9682891145680311,-46.03476,-6.6466594
40095,Mario Bertini,Left Center Back,Inter Milan,Champions League,1,1.6425621353145337,1.0230741959712846,60.66932,-6.564693
15176,Moreno Torricelli,Right Back,Fiorentina,Champions League,2,-1.6800513386303957,0.9232100910847422,-44.39679,5.1817474
17966,Tomáš Řepka,Right Center Back,Fiorentina,Champions League,0,-3.6592806283479824,0.6259112053409805,-52.437675,-2.0074713
39641,Gabriel Omar Batistuta,Left Center Forward,Fiorentina,Champions League,3,1.2009325160320838,-5.714393437773761,17.082016,-61.33665
39744,Jörg Heinrich,Left Defensive Midfield,Fiorentina,Champions League,2,-0.6907718678804414,1.2056670101380118,-20.7755,32.375694
39786,Aldo Firicano,Left Center Back,Fiorentina,Champions League,2,-3.203642183348521,0.7300131109702998,-52.523434,-3.59904
39787,Sandro Cois,Right Defensive Midfield,Fiorentina,Champions League,5,6.418113407672889,-0.43123696873019723,57.82151,-9.680581
39789,Mark Bosnich,Goalkeeper,Manchester United,Champions League,0,-2.980939443180084,1.3514124981085354,-40.3451,33.796272
15275,Stefan Reuter,Right Center Back,Bayern Munich,UEFA Europa League,7,1.4039753941795161,3.4915185551014134,35.56227,26.08435
39834,Hansi Flick,Left Center Midfield,Bayern Munich,UEFA Europa League,1,2.276253084995462,1.9096421398591108,45.47836,27.036545
39835,Norbert Nachtweih,Right Wing Back,Bayern Munich,UEFA Europa League,7,-0.42948231277880816,2.656092342309403,-9.091975,52.53489
39836,Hans Dorfner,Right Center Midfield,Bayern Munich,UEFA Europa League,7,1.2836379178872452,3.098583961831209,-8.349069,56.472008
39837,Roland Wohlfarth,Left Center Forward,Bayern Munich,UEFA Europa League,0,-4.862329968249947,-0.6442472363231314,-66.01414,-5.297306
39840,Klaus Augenthaler,Center Back,Bayern Munich,UEFA Europa League,7,2.362179129525667,2.740740989247643,4.0701256,66.04464
39842,Ludwig Kögl,Left Wing Back,Bayern Munich,UEFA Europa League,4,0.7416702833886001,-3.06209088290355,22.790936,-42.312134
39844,Olaf Thon,Center Defensive Midfield,Bayern Munich,UEFA Europa League,2,-0.24311707013557002,0.3298685259953914,-12.244344,-29.837587
39845,Raimond Aumann,Goalkeeper,Bayern Munich,UEFA Europa League,0,-4.094501055620137,1.235521099776489,-67.34962,8.062665
19624,Ciro Ferrara,Left Center Back,Napoli,UEFA Europa League,1,-0.17992823110190814,0.16050323735547417,1.9058785,4.5508246
39802,Dieter Stinka,Goalkeeper,Napoli,UEFA Europa League,0,-4.254803241276358,0.8026053452492711,-76.1549,-0.7242332
39816,Giancarlo Corradini,Right Center Back,Napoli,UEFA Europa League,1,0.1392256775278634,1.125491124742494,5.635852,4.258659
39817,Alessandro Renica,Center Back,Napoli,UEFA Europa League,7,1.2877355141828664,0.2635785838412177,21.009972,44.91749
39818,Antonio Carannante,Center Attacking Midfield,Napoli,UEFA Europa League,1,0.6610488340484901,1.3389599832106047,19.822294,14.964819
39819,Giovanni Francini,Left Wing Back,Napoli,UEFA Europa League,2,-0.35568805380127133,-0.05749214196917255,-4.701472,13.719916
39822,Andrea Carnevale,Left Center Forward,Napoli,UEFA Europa League,3,0.5918913219597565,-6.262086935260922,-3.5847483,-66.367905
39826,Antônio de Oliveira Filho,Right Center Forward,Napoli,UEFA Europa League,3,0.6197631565979137,-5.305188451674842,24.811825,-61.64334
39829,Ricardo Rogério de Brito,Left Defensive Midfield,Napoli,UEFA Europa League,4,3.2086283506744255,0.34676603708579484,43.09748,40.397198
39843,Luca Fusi,Right Defensive Midfield,Napoli,UEFA Europa League,1,1.7845831846053763,0.41630741500381835,48.30941,6.947048
39846,Fernando De Napoli,Right Wing Back,Napoli,UEFA Europa League,1,2.03950092535063,0.08096945163346898,37.73606,-4.1080112
15008,Michael Laudrup,Left Midfield,Juventus,UEFA Europa League,4,3.9052056017990857,-2.453676898922466,46.159256,-44.05231
39821,Pasquale Bruno,Right Back,Juventus,UEFA Europa League,1,3.2237321414304194,0.8182659027608733,-9.499873,-8.84269
39823,Sergio Brio,Right Center Back,Juventus,UEFA Europa League,2,-2.095420859398333,0.47806360475897103,-42.287952,-9.048838
39824,Roberto Tricella,Center Defensive Midfield,Juventus,UEFA Europa League,7,2.521728612056633,1.7861539724703404,-9.822995,-8.070785
39825,Stefano Tacconi,Goalkeeper,Juventus,UEFA Europa League,0,-4.148897760829117,1.0885256207183718,-78.95445,2.1092052
39827,Rui Gil Soares de Barros,Left Center Midfield,Juventus,UEFA Europa League,2,-1.3216040238776212,-0.15975582865319918,-22.350225,-23.608025
39828,Roberto Galia,Left Center Back,Juventus,UEFA Europa League,7,1.7386858968078387,1.7011961339838,-10.321803,59.151436
39830,Giancarlo Marocchi,Right Center Midfield,Juventus,UEFA Europa League,7,4.596153573115137,1.7955608930013902,40.92136,40.347103
39831,Luigi De Agostini,Left Back,Juventus,UEFA Europa League,4,5.1883422885599035,0.8109946025747035,48.472897,-46.359818
39832,Massimo Mauro,Right Midfield,Juventus,UEFA Europa League,7,0.34386505349970437,3.278575215673422,-6.8502307,52.216602
39833,Alessandro Altobelli,Center Forward,Juventus,UEFA Europa League,6,0.1336888644085407,-3.437222284869171,-18.637367,-57.403572
40028,Luciano Favero,Right Center Back,Juventus,UEFA Europa League,5,7.053113471910634,3.621173862360092,60.486298,7.201493
39815,Giuliano Giuliani,Goalkeeper,Napoli,UEFA Europa League,0,-3.729644990915257,1.73336704695914,-71.4445,10.764309
39820,Massimo Crippa,Right Wing Back,Napoli,UEFA Europa League,5,5.124369052387566,0.07137942690544831,49.904522,10.260666
13798,Andoni Zubizarreta Urreta,Goalkeeper,Athletic Club,Copa del Rey,0,-4.782207218814533,-0.08349876411139473,-78.08125,-30.13974
38688,Andoni Goikoetxea,Left Center Back,Athletic Club,Copa del Rey,1,-0.8124986434108386,0.14338838992610262,22.651642,0.58241284
39911,Francisco Salinas Fernández,Right Defensive Midfield,Athletic Club,Copa del Rey,5,3.2844415523312485,-1.7629456776224355,52.752625,12.84744
39912,Daniel Ruiz Bazan Justa,Right Wing,Athletic Club,Copa del Rey,5,4.1482335792779645,-3.922483568504524,50.71074,-2.473753
39913,Iñigo Liceranzu,Right Center Back,Athletic Club,Copa del Rey,1,-1.028877246147188,-0.1624006509859815,20.841923,0.3486609
39914,José María Núñez,Left Back,Athletic Club,Copa del Rey,1,-0.04873349064406319,1.3051038916213333,20.741774,1.1157207
39915,Miguel de Andrés,Left Defensive Midfield,Athletic Club,Copa del Rey,1,0.6707948374180779,-1.3979012338850059,46.938908,-16.908041
39916,Ismael Urtubi Aróstegui,Center Attacking Midfield,Athletic Club,Copa del Rey,2,-2.6072723710973795,-0.7032757928939486,-18.932646,-4.072238
38687,José Ramón Alexanko Ventosa,Right Center Back,Barcelona,Copa del Rey,5,4.863899925310376,-0.4220280537859621,53.019447,-0.73959094
39918,Tente Sánchez,Right Back,Barcelona,Copa del Rey,2,-2.1565480936564274,0.5391165920538871,-45.434326,5.279308
39921,Bernd Schuster,Left Defensive Midfield,Barcelona,Copa del Rey,5,4.30732705950616,1.2389212219806878,49.329823,24.531439
39922,Francisco José Carrasco Hidalgo,Left Center Forward,Barcelona,Copa del Rey,1,0.17660741806721109,0.16414153897419687,10.8147955,-16.181438
39923,Miguel Bernardo Bianquetti,Left Center Back,Barcelona,Copa del Rey,2,-1.8173246598566501,1.036368611855771,-25.056368,26.244099
39924,Marcos Alonso Peña,Right Midfield,Barcelona,Copa del Rey,3,1.9882552186697926,-5.2430472970039546,23.636673,-61.142544
39925,Julio Alberto Moreno Casas,Left Back,Barcelona,Copa del Rey,1,1.8789005387105346,0.4958327384113958,55.579956,-12.631451
39926,Víctor Muñoz Manrique,Right Defensive Midfield,Barcelona,Copa del Rey,4,2.2874694693443787,-0.8023659508103381,46.252216,-7.2654185
39930,Francisco Javier González Urruticoechea,Goalkeeper,Barcelona,Copa del Rey,0,-3.9699401022559426,1.4810821152745692,-68.00975,9.462693
15009,Vítor Manuel Martins Baía,Goalkeeper,FC Porto,Champions League,0,-4.7118149667571245,0.2466730478210232,-78.68048,-29.174349
15667,Jorge Paulo Costa Almeida,Right Center Back,FC Porto,Champions League,2,-3.365250520557198,-0.6483679833998739,-45.807865,-13.032175
17725,Francisco José Rodrigues da Costa,Center Defensive Midfield,FC Porto,Champions League,2,-2.7033582142183716,-0.6153508156735815,-45.303513,-14.234089
20069,Nuno Jorge Pereira Silva Valente,Left Back,FC Porto,Champions League,2,-1.7068095169784168,1.4129739589257004,-43.546555,15.828902
40845,Pedro Miguel da Silva Mendes,Right Center Midfield,FC Porto,Champions League,5,3.7054555516924212,1.0916503139207536,51.906384,11.388813
20520,Jérôme Rothen,Left Wing,AS Monaco,Champions League,1,1.050878898478834,1.9476829724422955,24.456165,8.358497
40841,Flavio Roma,Goalkeeper,AS Monaco,Champions League,0,-4.79130823341221,0.002476063900399601,-77.02183,-22.390272
40843,Julien Rodriguez,Right Center Back,AS Monaco,Champions League,2,-2.801450629853044,0.08442728899912891,-50.722454,5.395287
40848,Andreas Vasilios Zikos,Left Center Midfield,AS Monaco,Champions League,1,1.8572767982625225,1.815275815248341,40.60383,10.142002
40852,Lucas Bernardi,Center Defensive Midfield,AS Monaco,Champions League,7,1.1149054115174615,1.9517493762123408,-6.530871,50.87659
3049,Matt Ritchie,Right Midfield,AFC Bournemouth,Premier League,4,0.9210505012894886,-0.24165436053660713,33.11701,-28.358276
3085,Glenn Murray,Center Forward,AFC Bournemouth,Premier League,6,-0.3753662836954168,-4.989348508408465,-4.621801,-60.74399
3304,Harry Arter,Center Attacking Midfield,AFC Bournemouth,Premier League,7,3.3503299669686153,1.554670174546881,38.50074,42.760567
3341,Steve Cook,Right Center Back,AFC Bournemouth,Premier League,2,-1.6197657987321552,1.4241287715272788,-39.727688,13.852547
3343,Dan Gosling,Left Defensive Midfield,AFC Bournemouth,Premier League,1,2.10610965769814,0.2843964545480212,30.923527,29.243174
3344,Andrew Surman,Right Defensive Midfield,AFC Bournemouth,Premier League,7,0.13782730074807537,2.6410124186846677,1.7262483,48.96539
3345,Charlie Daniels,Left Back,AFC Bournemouth,Premier League,7,1.1020125010381159,1.7968739734824053,7.4101195,47.007965
3346,Joshua King,Center Forward,AFC Bournemouth,Premier League,4,2.0353112703908387,-4.104522840410287,18.432077,-43.545307
3463,Junior Stanislas,Left Midfield,AFC Bournemouth,Premier League,4,1.1101585811970458,-1.3461167884333245,36.085808,-36.690933
3608,Simon Francis,Right Back,AFC Bournemouth,Premier League,7,1.9241662581620391,2.624899121977171,30.006557,46.197712
6409,Adam Smith,Right Midfield,AFC Bournemouth,Premier League,1,2.612938487627338,1.3437868115470795,32.37919,36.601734
13248,Eunan O''Kane,0,AFC Bournemouth,Premier League,2,-0.9288832793003571,0.6476712947142638,-23.18384,-14.092992
13573,Yann Kermorgant,0,AFC Bournemouth,Premier League,6,-1.4574976495276317,-1.0018620726666876,-25.056046,-16.308916
24888,Adam Federici,Goalkeeper,AFC Bournemouth,Premier League,0,-4.560599669642805,0.5345422450166168,-68.673386,-1.6601197
3057,Jonjo Shelvey,Center Attacking Midfield,Swansea City,Premier League,7,1.8509289276275533,1.3055745062162842,23.574482,49.79752
3340,Kyle Naughton,Right Back,Swansea City,Premier League,7,0.968758839454056,2.5619123848103484,4.6123686,48.006916
3347,André Ayew Pelé,Left Wing,Swansea City,Premier League,4,1.8605716542351156,-2.191716681338328,8.173012,-40.158405
3449,Wayne Routledge,Right Wing,Swansea City,Premier League,4,1.007036066649461,-1.1182012830723074,25.686926,-25.995731
3462,Jack Frank Porteous Cork,0,Swansea City,Premier League,7,2.890756121275664,1.970336240337701,32.26334,40.09836
3644,Ashley Williams,Left Center Back,Swansea City,Premier League,7,0.05637682271100438,2.2319353977276286,-6.3464565,39.425148
3973,Àngel Rangel Zaragoza,0,Swansea City,Premier League,7,2.0003475811935876,3.455628847013101,10.851644,60.07504
4631,Leon Britton,Right Defensive Midfield,Swansea City,Premier League,7,1.8237623548206434,3.0370111690296313,26.687002,43.70915
4726,Kyle Bartley,Right Center Back,Swansea City,Premier League,2,-0.147449279440104,1.2253368767752721,-4.2026963,19.750612
9627,Neil Taylor,Left Back,Swansea City,Premier League,2,-0.5411699613231008,1.7417764142100007,-1.3645943,26.413427
15996,Éderzito António Macedo Lopes,Center Forward,Swansea City,Premier League,6,0.5100553366027574,-4.59558635519031,-13.826107,-58.80137
20521,Bafétimbi Gomis,Center Forward,Swansea City,Premier League,6,-0.1750439607679798,-3.633891349292667,2.9525902,-52.50224
2956,Bertrand Isidore Traoré,Center Forward,Chelsea,Premier League,3,1.9801650229618495,-4.9533607681479115,13.658555,-65.049355
3339,Asmir Begović,0,Chelsea,Premier League,0,-4.784889976073342,0.12538610739108266,-73.49593,-14.94922
12325,Abdul Rahman Baba,0,Chelsea,Premier League,7,1.9313501950735374,1.8727406920320508,31.342083,38.46859
40122,Oscar dos Santos Emboaba Júnior,Center Attacking Midfield,Chelsea,Premier League,4,3.106727098681319,-0.5607679170669193,38.77742,-28.189512
3062,Aaron Cresswell,Left Back,West Ham United,Premier League,2,-0.4827986620324507,1.4032457838066135,-1.145841,27.006886
3349,Michail Antonio,Right Back,West Ham United,Premier League,4,1.5189142155973427,-2.9443426910679835,19.662477,-35.18904
3491,Dimitri Payet,Left Midfield,West Ham United,Premier League,4,2.1892869414687617,-0.8041620482502292,41.079216,-37.449997
3595,Manuel Lanzini,Left Center Midfield,West Ham United,Premier League,4,1.8822517357079274,0.06334149220699531,37.946365,-37.542328
3874,Mark Noble,Right Center Midfield,West Ham United,Premier League,7,1.3897248559454165,1.5386520274568583,22.23718,42.373177
3897,Pedro Mba Obiang Avomo,Left Center Midfield,West Ham United,Premier League,1,1.6357978220183316,0.7330319657260584,31.500515,13.392906
4271,Andy Carroll,Center Forward,West Ham United,Premier League,6,0.02596288465240055,-5.587569769833553,-9.789987,-60.96998
4273,Reece Oxford,0,West Ham United,Premier League,1,-0.4672416480682899,0.8675519091971005,20.002817,2.8690646
4280,Winston Reid,Right Center Back,West Ham United,Premier League,1,0.5618372393589506,0.8907114999023831,0.24078771,14.798416
20066,Darren Randolph,0,West Ham United,Premier League,0,-4.6036427488285705,0.2840191599359041,-79.06105,-16.381311
28559,Enner Remberto Valencia Lastra,Right Midfield,West Ham United,Premier League,6,0.41323205814250474,-4.306451866723008,-3.8572023,-58.058655
128704,Emmanuel Emenike,Right Midfield,West Ham United,Premier League,6,0.17571001667422637,-3.383620058784696,-7.71958,-45.36267
3044,Chancel Mbemba Mangulu,Right Center Back,Newcastle United,Premier League,2,0.07879691982757243,0.9411189036379379,-1.5933398,14.673304
3065,Paul Dummett,Left Back,Newcastle United,Premier League,2,-0.6877311411803898,0.8008981399081534,-7.4352407,14.017567
3076,Ayoze Pérez Gutiérrez,Center Attacking Midfield,Newcastle United,Premier League,4,2.0071012925675027,-2.749217775556943,20.261536,-36.379047
3096,Rob Elliot,Goalkeeper,Newcastle United,Premier League,0,-4.605337799711152,0.42583860879871693,-79.252716,-15.583719
3649,Karl Darlow,0,Newcastle United,Premier League,0,-4.922802484546365,-0.1367371052743992,-74.74473,-24.499788
3650,Daryl Janmaat,Right Back,Newcastle United,Premier League,7,1.0186749877846715,1.0156197666999636,15.286941,26.711693
8061,Siem Stefan de Jong,0,Newcastle United,Premier League,6,0.6406753294879249,-1.3798014095619924,-2.2673502,-35.897137
9649,Jack Colback,Left Defensive Midfield,Newcastle United,Premier League,1,1.1398303784806851,1.3375978992409592,26.545256,20.801474
16027,Kevin Mbabu,0,Newcastle United,Premier League,5,3.5743219897250684,-0.14237171638647028,46.065235,10.4928665
16072,Vurnon Anita,Right Defensive Midfield,Newcastle United,Premier League,1,1.0530042077644937,1.4312038270916423,26.115597,21.085638
42900,Cheik Ismaël Tioté,0,Newcastle United,Premier League,7,3.641508304155474,3.0416270259388103,35.314045,37.923428
43757,Yoan Gouffran,0,Newcastle United,Premier League,2,-0.022597587617737877,0.5064906717900393,14.113209,6.284306
3476,Muhamed Bešić,Right Center Midfield,Everton,Premier League,7,3.365806074250013,2.001880590566062,35.289932,41.254154
3518,Leighton Baines,Left Back,Everton,Premier League,7,0.8627174876247761,2.0619435789745797,8.800801,47.4531
3683,Tom Cleverley,Left Center Midfield,Everton,Premier League,7,2.245528194918923,0.8702918123609041,25.66992,37.366528
4275,Ross Barkley,Right Center Midfield,Everton,Premier League,4,2.327620295967518,-0.6272385387804024,38.489887,-38.734737
4317,Kevin Mirallas,Left Wing,Everton,Premier League,4,0.3598455620595271,-2.8090854319973606,23.581726,-49.96325
4589,Séamus Coleman,Right Back,Everton,Premier League,1,2.7486610550888373,1.4765806395857572,39.953274,19.459799
20067,Darron Gibson,0,Everton,Premier League,7,1.0217303520967198,3.3699227756494863,-7.9874096,59.229984
30702,Brendan Joel Zibusiso Galloway,0,Everton,Premier League,1,0.5106859575105455,0.9359982903258574,22.7097,13.012876
42947,Leon Osman,Left Wing,Everton,Premier League,7,0.06900422751054351,1.7531989080443497,-1.5553148,49.8743
3278,Benik Afobe,Center Forward,AFC Bournemouth,Premier League,6,-1.0183370303236967,-2.6360719696938144,-9.712776,-48.334595
3646,Marc Pugh,Left Midfield,AFC Bournemouth,Premier League,4,1.2790646730216666,-1.5442269285820631,24.593092,-34.389515
9593,Lewis Grabban,Center Forward,AFC Bournemouth,Premier League,4,0.6573910556286301,-1.9451018520119834,3.1329894,-41.10268
20074,Artur Boruc,Goalkeeper,AFC Bournemouth,Premier League,0,-4.068381468655813,0.45824019634259605,-41.766136,40.03674
27949,Juan Manuel Iturbe Arévalo,0,AFC Bournemouth,Premier League,4,0.9587534067398826,-2.342092477692768,18.599905,-33.972286
3321,Patrick van Aanholt,Left Back,Sunderland,Premier League,1,1.372648844660162,0.49855682179312755,36.198467,16.932964
3658,DeAndre Yedlin,0,Sunderland,Premier League,2,-0.5815283737879386,0.4214356911243469,-8.248395,5.350666
4429,Yann Gérard M''Vila,Left Defensive Midfield,Sunderland,Premier League,1,2.330348472559781,1.7251670472992657,37.73288,19.14014
7171,Fabio Borini,Left Wing,Sunderland,Premier League,6,-0.2696434106400079,-2.562394705478037,1.7382556,-36.854153
9539,Vito Mannone,Goalkeeper,Sunderland,Premier League,0,-4.778062115886989,0.08044391500051387,-78.19278,-24.860693
9554,Steven Fletcher,0,Sunderland,Premier League,6,-0.018346923615694805,-4.283654796212076,-14.590123,-57.898827
10503,Billy Jones,Right Back,Sunderland,Premier League,2,-0.15015117924822585,-0.05591418653471853,-3.6597037,-5.9741344
10783,Lee Cattermole,Right Defensive Midfield,Sunderland,Premier League,1,0.26345793414733193,1.0331694910940692,0.20833223,13.58925
16295,Dame N''Doye,0,Sunderland,Premier League,6,1.364594196663418,-2.776345792714165,-16.710142,-57.999893
16457,Jeremain Lens,Center Attacking Midfield,Sunderland,Premier League,4,1.8317331862011257,-2.488493407177497,23.209887,-33.65786
18751,Jack Rodwell,Left Wing,Sunderland,Premier League,1,0.6302344079071008,-0.9929968873488992,27.394892,-21.120684
22281,Duncan Watmore,Right Wing,Sunderland,Premier League,6,0.2843962497003062,-3.768642325461246,14.028705,-42.143375
42902,Adam Johnson,Right Wing,Sunderland,Premier League,4,0.39868038819814766,0.01820457780414856,46.450123,-24.294203
4045,Leroy Fer,Right Center Midfield,Swansea City,Premier League,7,2.0309457065423113,1.636130121418711,31.530315,37.619724
6950,Alberto Paloschi,0,Swansea City,Premier League,6,-1.0279819013098588,-3.841244127599743,1.6321818,-57.024307
9536,Modou Barrow,0,Swansea City,Premier League,4,1.147097639420784,-2.551426325710376,25.43469,-39.7032
9629,Stephen Kingsley,Left Back,Swansea City,Premier League,2,-1.3579078044449113,0.30226727207398235,-8.38459,-14.062565
3475,Per Mertesacker,Right Center Back,Arsenal,Premier League,7,-1.0855444758984414,2.5857718349679217,-13.629626,42.548443
3511,Héctor Bellerín Moruno,Right Back,Arsenal,Premier League,7,1.1965411408616222,1.792559191038314,13.936362,44.49791
3517,Aaron Ramsey,Right Defensive Midfield,Arsenal,Premier League,7,3.3998667130587945,1.4932772043934373,23.071583,59.16181
3528,Kieran Gibbs,0,Arsenal,Premier League,1,2.017673512821017,-0.15290892348529306,32.723995,30.506756
3668,Theo Walcott,Right Wing,Arsenal,Premier League,3,0.4308002211546048,-3.8745404371850674,22.430035,-54.56178
3713,Calum Chambers,0,Arsenal,Premier League,5,4.1684398168109835,1.4343619599791027,49.830494,26.069052
3263,Craig Cathcart,Right Center Back,Watford,Premier League,2,-2.036245875760184,0.34258964005523357,-23.715548,21.954195
3288,Miguel Ángel Britos Cabrera,Left Center Back,Watford,Premier League,2,-2.084482378446646,0.41903729184742466,-23.591072,22.105701
3306,Nathan Aké,Left Back,Watford,Premier League,2,0.046606412808510994,1.4329955823192482,-3.4793398,31.472376
3309,Sebastian Prödl,0,Watford,Premier League,2,-2.4483047686963726,-0.15042229976217267,-36.556473,-0.5907403
3454,Troy Deeney,Left Center Forward,Watford,Premier League,6,0.9726611743510047,-4.373560345974422,-14.689568,-58.805588
3522,Heurelho da Silva Gomes,Goalkeeper,Watford,Premier League,0,-4.800160600802812,0.1433807185659837,-76.736916,-18.906443
3626,Ben Watson,0,Watford,Premier League,1,0.4690516770045009,1.2854659137723987,-4.805734,28.346634
3721,Etienne Capoue,Left Midfield,Watford,Premier League,1,2.849971293297727,1.104493820701169,39.220398,18.729586
4828,Adlène Guédioura,Right Midfield,Watford,Premier League,4,4.4174602111404395,-0.705432934403719,48.01849,-33.06459
6871,Costel Fane Pantilimon,0,Watford,Premier League,0,-4.673932366267976,0.2561830766695269,-78.9108,-20.692783
40118,Ikechi Anya,Left Back,Watford,Premier League,2,-0.984734949106148,0.7709136699839619,-14.349124,12.778587
43081,Almen Abdi,0,Watford,Premier League,1,2.256614957240906,0.30279081186826573,32.471176,17.811165
3325,Marko Arnautović,Left Wing,Stoke City,Premier League,4,2.3307466541830766,-2.2535478567669163,31.209316,-41.848938
3480,Geoff Cameron,Right Center Back,Stoke City,Premier League,1,0.5005949508443709,1.1746928724802284,9.053249,24.09831
3636,Charlie Adam,0,Stoke City,Premier League,1,0.771695583685693,0.4869380929980317,18.43187,40.37342
3643,Phil Bardsley,Right Back,Stoke City,Premier League,1,1.7134891388606528,1.338217898544061,36.67522,14.504802
3670,Jonathan Walters,Right Wing,Stoke City,Premier League,6,-1.1568578709430062,-3.651949678856288,-14.681543,-54.74724
4632,Stephen Ireland,Left Wing,Stoke City,Premier League,5,5.208280839578116,1.9389088450592982,36.551426,40.055103
9625,Glenn Whelan,Right Defensive Midfield,Stoke City,Premier League,7,1.029358100375409,2.932830765002627,5.152352,51.144318
40121,Philipp Wollscheid,Left Center Back,Stoke City,Premier League,2,-0.06246404494624605,1.7385628623194358,-7.973981,24.7212
41185,Jakob Haugaard,0,Stoke City,Premier League,0,-4.4937762119357965,0.5730120527949911,-79.23505,-10.037249
3328,James Ward-Prowse,Right Defensive Midfield,Southampton,Premier League,2,0.11333403621997047,-0.15700303057930207,32.57878,-29.268085
3590,Rhu-endly Martina,0,Southampton,Premier League,1,0.4105455199703204,1.5955228238690666,8.750711,21.447645
3685,Jay Rodriguez,Left Wing,Southampton,Premier League,6,-0.48573614625966355,-3.7823194844620165,-14.542467,-35.23433
3828,Steven Davis,Center Attacking Midfield,Southampton,Premier League,7,1.403747426187991,1.266298550632665,23.872017,38.38081
3842,Shane Long,0,Southampton,Premier League,6,0.11999154616606517,-4.346935260257506,-7.8305864,-58.612885
11062,Graziano Pellè,Center Forward,Southampton,Premier League,6,-0.1710378650046336,-3.859872619883061,-4.0936937,-56.050323
20201,Maarten Stekelenburg,Goalkeeper,Southampton,Premier League,0,-4.544501741375285,0.4772377016274577,-76.0866,-9.014559
43121,Kelvin Davis,0,Southampton,Premier League,0,-5.081945207757405,-0.22705930276991884,-75.0686,-26.909344
3277,Yohan Cabaye,Right Defensive Midfield,Crystal Palace,Premier League,1,1.8239157606210794,0.1718319689309697,27.322462,30.076534
3407,Scott Dann,Right Center Back,Crystal Palace,Premier League,2,-1.8175493244631018,-0.31056108780419334,-22.375319,22.203295
3443,Joel Ward,Right Back,Crystal Palace,Premier League,2,-0.1256617970873882,0.7842267549820128,3.8263679,19.269758
3448,Martin Kelly,0,Crystal Palace,Premier League,1,0.11777773786266632,1.3971944324013217,-0.16460194,19.828249
3464,James McArthur,Left Defensive Midfield,Crystal Palace,Premier League,1,1.2161181880472782,0.80108107903337,25.26208,25.703
3469,Bakary Sako,Center Attacking Midfield,Crystal Palace,Premier League,4,1.7284638825497787,-2.3291827364004978,29.734957,-41.05316
3487,Julián Speroni,0,Crystal Palace,Premier League,0,-4.5241699394799815,0.5976313551776133,-79.78956,-9.167146
3488,Wayne Hennessey,Goalkeeper,Crystal Palace,Premier League,0,-4.775919899599949,0.14723825203247737,-76.81961,-19.480602
3507,Wilfried Zaha,Right Wing,Crystal Palace,Premier League,4,2.7047091736023043,-2.282805292877247,48.672733,-42.694294
3589,Yannick Bolasie Yala,Left Wing,Crystal Palace,Premier League,4,1.5677438204527738,-3.6509899734536613,21.781715,-40.317055
3693,Damien Delaney,Left Center Back,Crystal Palace,Premier League,2,-1.2941034258295632,0.027982136998540214,-22.438696,22.821014
4817,Joe Ledley,0,Crystal Palace,Premier League,2,-0.5278658821900101,0.6568841056778167,-14.173834,6.558028
4884,Pape N''Diaye Souaré,Left Back,Crystal Palace,Premier League,2,-1.0287622170420572,1.5180649035014722,-13.535469,17.57003
10457,Patrick Bamford,Center Attacking Midfield,Crystal Palace,Premier League,6,-0.08142408175777574,-3.8472304173129306,-12.2487955,-59.57809
19688,Jason Puncheon,Center Attacking Midfield,Crystal Palace,Premier League,4,1.5039131734944167,-0.2904699168100069,36.58417,-27.593782
20641,Connor Wickham,Center Forward,Crystal Palace,Premier League,6,0.6111363832800655,-4.560946969137276,-14.883001,-58.381313
50245,Marouane Chamakh,Center Forward,Crystal Palace,Premier League,6,0.4803521048838951,-1.2973883464118523,-23.19364,-50.309486
4217,Danny Graham,Left Center Forward,Sunderland,Premier League,6,-1.9533918164544306,-2.3551847304310956,-18.971022,-47.929005
4746,Younes Kaboul,Left Center Back,Sunderland,Premier League,1,-0.256525332310293,-0.3509417755109324,-0.19137843,-1.6057662
3442,El-Hadji Baye Oumar Niasse,0,Everton,Premier League,1,2.3855698294716308,-1.6341019715203273,18.374811,-21.913776
3607,James McCarthy,Right Center Midfield,Everton,Premier League,7,1.5384560971914523,1.9132056025915836,22.730503,34.392
20046,Phil Jagielka,Right Center Back,Everton,Premier League,7,-0.08094551850217678,2.0392604625351276,-6.348429,38.35118
3394,Laurent Koscielny,Left Center Back,Arsenal,Premier League,7,0.589301329865513,1.94997365701002,-4.072518,40.933186
3041,Ciaran Clark,Right Wing,Aston Villa,Premier League,2,-1.483753253371757,0.4478085426483903,-19.296455,19.205202
3450,Jordan Ayew,Left Wing,Aston Villa,Premier League,4,2.231396681862633,-3.3576767341764335,18.937706,-43.83453
3583,Ashley Westwood,Left Center Midfield,Aston Villa,Premier League,7,1.0923646378528096,1.5302404000502607,19.378445,40.017868
7153,Jordan Veretout,Right Center Midfield,Aston Villa,Premier League,7,1.2301129922109761,1.4706674300250298,19.990278,39.560024
9533,Leandro Bacuna,Right Back,Aston Villa,Premier League,7,0.6280277959509268,0.8859853025160913,9.925343,31.058628
11117,Scott Sinclair,0,Aston Villa,Premier League,4,-0.9184305615377161,-1.8674042840359133,7.256667,-23.51008
12608,Bradley Guzan,0,Aston Villa,Premier League,0,-4.643976154934832,0.34328649407089473,-77.228004,-14.291819
18672,Mark Bunn,Goalkeeper,Aston Villa,Premier League,0,-4.9936651652909125,-0.14436877561679085,-74.23931,-24.454823
19362,Rudy Gestede,0,Aston Villa,Premier League,6,-0.3903794066822532,-4.649247474031298,-11.592373,-59.799194
20285,Joleon Lescott,Left Center Back,Aston Villa,Premier League,2,-0.7862754108910581,0.6494352695484517,-18.806902,22.94431
20951,Jordan Lyden,0,Aston Villa,Premier League,2,-0.5746797559256098,1.6629076916623227,-20.860846,32.42378
24380,Tetchi Jores Charlemagne Ulrich Okore,Right Center Back,Aston Villa,Premier League,1,-0.11934704294241896,0.9845456618014619,-2.7479758,15.155462
28247,Libor Kozák,Center Forward,Aston Villa,Premier League,6,-1.4255409753796906,-3.5588209282073606,-19.19178,-55.0271
42700,Micah Richards,0,Aston Villa,Premier League,1,0.10673171379284954,0.5394410159790562,-1.0227306,14.958938
42701,Kieran Richardson,0,Aston Villa,Premier League,1,1.2612271489395355,0.5247395368540901,33.921883,13.13292
9641,Fraizer Campbell,0,Crystal Palace,Premier League,6,-2.002858150605695,-2.4887063443819426,-18.476748,-48.698147
15892,Jordon Mutch,0,Crystal Palace,Premier League,1,1.8832902607562545,-0.9327509413320197,34.474525,-17.638664
3651,Matt Targett,Left Wing Back,Southampton,Premier League,2,-1.0090916805630243,1.531159127316811,-12.131667,16.153181
3966,Charlie Austin,Right Center Forward,Southampton,Premier League,6,-0.13186240567276766,-4.881058741465536,-16.06203,-57.152157
3970,Fraser Forster,Goalkeeper,Southampton,Premier League,0,-4.302928645448265,0.03060736255707276,-43.363556,43.24526
16181,Jordy Clasie,Right Defensive Midfield,Southampton,Premier League,1,1.3748467064731817,1.4834565624519627,25.484058,23.955257
3270,Danny Simpson,Right Back,Leicester City,Premier League,2,-1.1625922543794647,0.7370216426110499,-15.427151,15.5343275
3307,Marc Albrighton,Left Midfield,Leicester City,Premier League,4,1.1290507504678735,-1.4404967741841552,22.297865,-31.157948
3312,Demarai Gray,Right Midfield,Leicester City,Premier League,4,-0.3802609425608763,-1.1865412472893855,-9.904701,-23.072023
3631,Nathan Dyer,Right Midfield,Leicester City,Premier League,4,0.594088290954916,-2.8111738039768426,36.176556,-42.84762
3662,Danny Drinkwater,Right Defensive Midfield,Leicester City,Premier League,7,2.554291373001058,1.4345326610491413,25.89803,37.387875
3665,Andrew Philip King,0,Leicester City,Premier League,1,0.39519951005782505,-0.690129823209058,-0.52656186,-34.2209
3709,Daniel Amartey,0,Leicester City,Premier League,2,-0.798512775815005,1.8677791373566857,-9.81304,40.417694
3812,Christian Fuchs,Left Back,Leicester City,Premier League,1,1.693353247444846,1.5018737340875448,40.375195,12.148785
3813,Wes Morgan,Right Center Back,Leicester City,Premier League,2,-1.6881829952662706,-0.4091807152884062,-24.938318,20.218128
3814,Riyad Mahrez,Right Midfield,Leicester City,Premier League,4,2.1690412002623787,-3.7056865316430483,29.57185,-45.478455
7884,Marcin Ryszard Wasilewski,0,Leicester City,Premier League,2,-2.0721320164062766,0.13340717511405242,-42.603157,-9.968843
4428,Mathieu Debuchy,0,Arsenal,Premier League,1,1.6125939389275703,1.7494490506393263,42.365177,13.382248
3316,James Tomkins,Right Back,West Ham United,Premier League,2,-0.5721371509069862,1.4445498935244787,-10.158223,12.595253
22594,Matt Jarvis,Right Wing,West Ham United,Premier League,2,-1.498554726732861,-1.0616300866618649,0.7555818,-18.749863
3380,Christian Benteke Liolo,Center Forward,Liverpool,Premier League,6,0.84298939583847,-5.466993869121088,-9.133205,-61.111618
3483,Mamadou Sakho,0,Liverpool,Premier League,7,0.15846325791768445,2.8583460389680586,-0.28513244,53.33783
3635,Jordon Ibe,Right Wing Back,Liverpool,Premier League,4,1.4363263600154421,-1.236066551509716,37.933548,-42.610325
3654,Daniel William John Ings,Right Attacking Midfield,Liverpool,Premier League,3,-1.6904132452188483,-3.4972935884623717,3.3651748,-57.397873
7780,Lucas Pezzini Leiva,Center Defensive Midfield,Liverpool,Premier League,7,3.0671589902075556,2.936011407487586,33.614315,43.049416
9985,Ádám Bogdán,0,Liverpool,Premier League,0,-4.990597449912749,-0.14192682992083994,-72.99427,-21.62083
18872,Martin Škrtel,Right Center Back,Liverpool,Premier League,7,-0.5951191150886662,2.5680463189569376,-13.665267,41.88743
3467,Erik Pieters,Left Back,Stoke City,Premier League,1,1.6165486853374005,2.4058737351973893,27.784845,25.047241
8251,Marco van Ginkel,Right Defensive Midfield,Stoke City,Premier League,2,0.49188123589291394,0.7518570290711665,19.150633,24.937523
42901,Osazemwinde Peter Odemwingie,Left Wing,Stoke City,Premier League,2,0.8769684227050291,0.8213084459628435,18.769354,25.364605
4035,Ryan Shawcross,Right Center Back,Stoke City,Premier League,2,-1.0000685130273437,0.4185154157734861,-5.1458917,11.374321
9914,Danny Ward,0,Liverpool,Premier League,0,-4.482073837774606,0.6086779289961692,-78.77368,-5.135858
10931,Joe Allen,Left Midfield,Liverpool,Premier League,1,1.4378095536186482,0.394111791319996,20.73071,23.016632
11992,Kevin Linford Stewart,Left Defensive Midfield,Liverpool,Premier League,7,4.133880202955088,4.1797031442085695,35.639732,38.096367
13200,Oluwaseyi Babajide Ojo,Right Midfield,Liverpool,Premier League,4,1.7814670937240167,-0.8931756715047757,48.549427,-25.906704
13448,Bradley Shaun Smith,0,Liverpool,Premier League,1,1.7042233295445903,1.6881984109085575,28.81936,24.118307
3310,Tom Carroll,Right Wing,Tottenham Hotspur,Premier League,7,1.9248998072299768,1.4879853289077587,29.066723,37.654045
8520,Nabil Bentaleb,Left Defensive Midfield,Tottenham Hotspur,Premier League,7,1.3577779294058347,2.2036595570497446,16.239054,49.917416
40127,Ryan Mason,Left Defensive Midfield,Tottenham Hotspur,Premier League,7,2.1586122194502773,0.5565916647090955,23.519657,54.14109
3520,Jeffrey Schlupp,Left Back,Leicester City,Premier League,4,0.7903723088331197,-1.1538656277217592,25.136076,-31.613554
20230,Gökhan İnler,Left Center Midfield,Leicester City,Premier League,5,5.237486594213051,1.1492538750419927,49.40739,15.912308
28782,Ritchie De Laet,Right Back,Leicester City,Premier League,2,-0.5271222816835164,0.09561895029514067,-8.246302,12.1139555
4416,Max-Alain Gradel,Left Midfield,AFC Bournemouth,Premier League,4,1.0335101168853065,-1.4948608392635558,23.374475,-32.451157
9626,Tommy Elphick,0,AFC Bournemouth,Premier League,2,-1.7297215687596983,1.3072432090073325,-37.514004,11.66562
13286,Lamine Koné,Right Center Back,Sunderland,Premier League,2,-1.0534982881500898,0.304067981951241,-20.972109,19.672297
13846,Jan Kirchhoff,Center Defensive Midfield,Sunderland,Premier League,1,2.7118977467032184,0.2243796559627381,43.93692,13.100562
4700,Matthew Pennington,Right Back,Everton,Premier League,1,2.0128800789175814,2.406205175295444,41.259758,22.555826
3388,Jack Wilshere,Center Attacking Midfield,Arsenal,Premier League,4,3.0234884099502177,0.4449432792567678,49.546223,-46.162827
3291,Joe Hart,Goalkeeper,Manchester City,Premier League,0,-4.320560440245812,-0.009557012257865894,-43.525505,42.342083
3598,Wilfried Guemiand Bony,Center Attacking Midfield,Manchester City,Premier League,3,0.5627534918208476,-4.4721597281619765,-2.2855008,-62.114746
7110,Bacary Sagna,0,Manchester City,Premier League,7,0.8726751290806062,3.1175451823999696,4.4526424,48.182205
10007,Jon Flanagan,Right Back,Liverpool,Premier League,7,1.2826602370971756,2.586654755542149,7.773572,38.15739
3534,Clinton Mua N''Jie,Left Wing,Tottenham Hotspur,Premier League,4,3.5217801988897293,-3.3298549882756405,46.043278,-35.358498
3611,Kevin Wimmer,0,Tottenham Hotspur,Premier League,7,-1.2408876800682511,3.596034751179765,-6.28764,66.3563
3286,Nathan Redmond,Right Wing,Norwich City,Premier League,4,1.2393805348071378,-1.7304671426493348,25.3365,-34.618744
4804,Bradley Johnson,Center Attacking Midfield,Norwich City,Premier League,4,3.0871176144122554,-3.2490611321363763,46.396225,-30.703146
4807,Cameron Jerome,Center Forward,Norwich City,Premier League,6,-1.2768414816291072,-3.9762811983945276,-11.33168,-53.87979
4808,Andre Wisdom,0,Norwich City,Premier League,2,-0.4691953827886413,1.4765702750308343,-8.02295,19.385927
9014,Declan Rudd,0,Norwich City,Premier League,0,-4.806983079625558,0.02375191134719355,-77.59031,-23.261997
9452,Gary O''Neil,Right Wing,Norwich City,Premier League,1,1.2842416429879846,1.2528352772993676,26.476034,23.347479
9463,Alexander Banor Tettey,Left Defensive Midfield,Norwich City,Premier League,7,1.0734734700746091,1.518176411497124,20.416739,34.847893
9578,Jonathan Howson,Left Wing,Norwich City,Premier League,1,1.241645164302439,-0.10122778062206096,22.878698,21.118385
9930,Ryan Bennett,0,Norwich City,Premier League,2,-2.6239827548754073,0.19598931937962158,-23.984764,22.766525
10966,Wes Hoolahan,Center Attacking Midfield,Norwich City,Premier League,4,1.5107392282937036,0.1632356596974909,40.367863,-29.55481
10967,Robert Brady,Left Back,Norwich City,Premier League,1,1.8305978615310214,-0.3581725611440894,37.937485,-12.947343
11124,Steven Whittaker,Right Back,Norwich City,Premier League,1,0.5761172679863821,0.7504615704402181,11.5902,32.56024
16334,Graham Dorrans,Right Defensive Midfield,Norwich City,Premier League,7,0.186346918381951,1.761677275043051,-3.363866,49.73719
21212,Russell Martin,Right Center Back,Norwich City,Premier League,2,-1.8418988745730587,0.9070781707396527,-36.92779,10.827193
23635,John Ruddy,Goalkeeper,Norwich City,Premier League,0,-3.992760208891206,0.48573703453300454,-41.60346,42.520584
31296,Sébastien Aymar Bassong Nguena,Left Center Back,Norwich City,Premier League,2,-1.164816294816681,0.15396892542934829,-19.150152,22.77524
3092,Dwight Gayle,Right Center Forward,Crystal Palace,Premier League,6,-0.7643657553791,-4.426851337970198,-10.53141,-55.619335
3326,Chung-Yong Lee,Right Defensive Midfield,Crystal Palace,Premier League,4,3.200604717192109,-0.4020766246342295,41.81463,-7.6503453
3619,Alex McCarthy,0,Crystal Palace,Premier League,0,-4.874382798168064,-0.0514278456336648,-77.29622,-26.4295
3731,Adrian Mariappa,Right Center Back,Crystal Palace,Premier League,1,0.6546428287664635,1.398403423305085,-9.996762,28.932737
3456,Kurt Happy Zouma,0,Chelsea,Premier League,2,-1.610506436796472,0.7085795068633431,-18.833412,16.231682
28100,Ramires Santos do Nascimento,Right Defensive Midfield,Chelsea,Premier League,4,1.8148280882335746,-0.3449503337526496,32.216373,30.848866
16932,Youssouf Chafiq Mulumbu Ngangu,Left Defensive Midfield,Norwich City,Premier League,5,3.756656703679243,0.7095711343026121,50.351387,11.215422
23663,Dieumerci Mbokani Bezua,Center Forward,Norwich City,Premier League,6,1.3069054888291423,-5.081741533710484,-15.329625,-60.048485
23742,Vadis Odjidja-Ofoe,0,Norwich City,Premier League,4,4.8270920599022125,-0.7303440097188155,50.686954,-14.690301
9638,Jack Grealish,0,Aston Villa,Premier League,4,0.4805080414917701,-0.7451802191414061,35.464207,-32.550377
42699,Gabriel Imuetinyan Agbonlahor,Left Center Forward,Aston Villa,Premier League,6,-1.70441117589827,-2.8546041603260206,-17.270174,-49.319836
3482,James Collins,Right Center Back,West Ham United,Premier League,2,-1.5231020510972562,0.5418513212882894,-20.265903,19.027292
20543,Nikica Jelavić,Right Wing,West Ham United,Premier League,6,1.7821079217828135,-4.738342897314888,-13.070087,-60.762623
9958,Steven Caulker,0,Southampton,Premier League,6,-0.003212874074411256,-1.5414514443078702,-4.177854,-27.55883
21254,Carl Jenkinson,Left Back,West Ham United,Premier League,2,-0.25930198126447324,1.1168059962093246,-0.72598404,25.503265
27853,Mauro Matías Zárate,Left Wing,West Ham United,Premier League,3,2.1015697859074507,-3.9613133062126473,25.413567,-56.326355
3725,José Holebas,0,Watford,Premier League,2,0.5815172630001306,0.7128124999843632,6.673242,27.521442
7745,Steven Berghuis,Right Midfield,Watford,Premier League,4,1.5089082809917649,-1.2338570821679131,44.424553,-30.511026
36983,Juan Carlos Paredes Reasco,Right Back,Watford,Premier League,2,-0.8490739190839119,0.6025288887816849,-12.82269,8.59909
42703,Mikel Arteta Amatriain,Center Attacking Midfield,Arsenal,Premier League,7,3.7351192406193734,2.7897947951178184,32.540733,42.447166
43627,Jordi Gómez García-Penche,Left Center Midfield,Sunderland,Premier League,2,-1.3995887022524192,1.292352777527117,-24.065815,32.843506
3081,Jamaal Lascelles,0,Newcastle United,Premier League,2,-1.7319244461969385,0.82592336627804,-20.741526,17.413843
9467,Timothy Michael Krul,Goalkeeper,Newcastle United,Premier League,0,-4.332618580994045,0.7921892329916007,-81.63607,-3.272347
42899,Gabriel Antoine Obertan,Left Center Midfield,Newcastle United,Premier League,2,-0.5655997763378044,-0.42581261796198894,-2.9123511,-15.421289
3297,Andros Townsend,Right Wing,Newcastle United,Premier League,4,2.9221267170270036,-2.776207028184461,30.303059,-44.821983
3722,Steven Taylor,Right Center Back,Newcastle United,Premier League,2,-2.766438530670629,1.5555519859779972,-21.8042,15.773559
5110,Henri Saivet,0,Newcastle United,Premier League,7,2.5066474241441132,1.3594655534173705,30.826797,35.78881
2988,Memphis Depay,Left Wing,Manchester United,Premier League,4,0.3393202585275046,-2.275012001592137,24.246151,-48.16588
3311,Daley Blind,Left Center Back,Manchester United,Premier League,7,1.937984393293057,3.131554579873082,29.784172,44.98228
3382,Luke Shaw,Left Back,Manchester United,Premier League,7,2.186854440252948,2.930104679559631,16.087461,55.53262
3600,Morgan Schneiderlin,Right Defensive Midfield,Manchester United,Premier League,7,1.3980742111669253,2.7801692190777727,-1.1928672,44.741417
4587,Matteo Darmian,Right Back,Manchester United,Premier League,1,2.2842796788314,2.3561865070513175,34.999584,23.201763
4892,Sergio Germán Romero,0,Manchester United,Premier League,0,-4.151222973674784,0.9593886313995695,-81.6075,1.0952349
9648,Paddy McNair,0,Manchester United,Premier League,7,2.4464129843869915,1.5989758556434446,33.35486,33.350853
20039,Anthony Martial,Right Wing,Manchester United,Premier League,4,1.3057602948483769,-3.0368145834651794,20.01673,-44.439445
3391,Rolando Aarons,0,Newcastle United,Premier League,1,2.8255796334257366,-0.03801101031584669,42.033478,-7.5104733
2966,Stéphane Sessègnon,Right Midfield,West Bromwich Albion,Premier League,4,0.6469699282079902,-1.3167679174030664,23.932861,-35.895855
3490,James Morrison,Right Center Midfield,West Bromwich Albion,Premier League,4,1.9561342259970738,-0.49806228114772244,32.711914,-21.710287
3514,James McClean,Left Midfield,West Bromwich Albion,Premier League,6,0.09817368264674924,-1.6676285555394832,17.068027,-19.64082
3523,Craig Dawson,Right Back,West Bromwich Albion,Premier League,2,-0.9008962276186996,-0.14187827862126257,-11.687432,10.783018
3541,Chris Brunt,Left Back,West Bromwich Albion,Premier League,2,-0.6928802838728295,0.49587918820385757,-9.950174,9.428693
3596,Gareth McAuley,Right Center Back,West Bromwich Albion,Premier League,2,-1.7989126124003747,-0.2550011276888093,-24.358042,21.184483
3967,Claudio Ariel Yacob,Right Center Midfield,West Bromwich Albion,Premier League,1,0.7657723725389975,1.0333409681928356,26.527351,15.832028
4630,Saido Berahino,Right Center Forward,West Bromwich Albion,Premier League,6,-0.12230943511697823,-2.468603134583604,4.2884493,-41.431297
5108,Glyn Oliver Myhill,Goalkeeper,West Bromwich Albion,Premier League,0,-4.98653622597291,-0.17989199307819662,-75.815765,-26.4122
9485,Craig Gardner,0,West Bromwich Albion,Premier League,6,0.18974935145655628,-2.0537507375295077,1.1912198,-35.2308
9551,Callum McManaman,Left Back,West Bromwich Albion,Premier League,4,3.4219097962315557,-1.9271796242218253,28.734093,-38.396866
9628,James Grant Chester,0,West Bromwich Albion,Premier League,2,-0.6634874464718115,0.7514116534910555,-7.4730864,12.417612
20527,Jonas Olsson,0,West Bromwich Albion,Premier League,0,-2.86439105984745,-0.07046071868747934,-25.611532,22.012484
40124,Rickie Lambert,Right Center Forward,West Bromwich Albion,Premier League,6,-0.537869870197502,-3.071874947865808,-17.223078,-56.13992
13848,Marc Wilson,Right Center Back,Stoke City,Premier League,2,-0.3737369528107417,0.6980637980968449,-7.7809577,12.574351
8400,Serge Gnabry,0,West Bromwich Albion,Premier League,4,0.1099354714224207,-2.249293944378102,23.394966,-49.85844
40130,Victor Chinedu Anichebe,0,West Bromwich Albion,Premier League,6,0.3378223463159989,-4.4323561834854805,-12.115271,-59.77003
4840,Massadio Haïdara,Left Back,Newcastle United,Premier League,1,0.8829748598930784,1.9175829994119693,14.214586,30.626406
30289,Papiss Demba Cissé,Center Forward,Newcastle United,Premier League,6,0.24309421185343444,-3.1970031154374774,-13.1971,-55.020725
19847,Alessandro Diamanti,0,Watford,Premier League,4,2.3544290550187688,-0.13270501668433451,39.834118,-35.03167
10779,Cameron Borthwick-Jackson,0,Manchester United,Premier League,7,0.685022338298729,2.0379901188575924,1.5487441,45.15005
4347,Jordan Amavi,0,Aston Villa,Premier League,1,3.1064462572452407,1.26268855711226,38.712772,38.29217
9642,Alan Hutton,Right Back,Aston Villa,Premier League,2,-0.252879391828211,1.2845580798780443,-0.27314746,21.79569
11333,Adama Traoré Diarra,Left Wing,Aston Villa,Premier League,4,2.9905649851981413,-4.369264683340491,42.39844,-47.428947
4243,Cameron Brannagan,Left Midfield,Liverpool,Premier League,7,4.565596350414404,4.129271013487468,12.106484,69.24206
8485,Pedro Chirivella Burgos,Right Center Midfield,Liverpool,Premier League,7,0.33324367752782497,3.6763221086990607,-4.321822,56.603043
3774,Papiss Mison Djilobodji,0,Chelsea,Premier League,2,0.5762883639153912,0.16377210102613826,-11.079406,21.370249
3323,Tyrone Mings,0,AFC Bournemouth,Premier League,7,-1.1875161492107293,3.7138213804995033,-6.3786983,65.83758
3616,Callum Wilson,Right Center Forward,AFC Bournemouth,Premier League,6,-1.1824507950536003,-4.255997785414494,0.0019188395,-57.25676
4738,Lee Tomlin,Left Center Forward,AFC Bournemouth,Premier League,4,0.20067713254851866,-1.4309575105930605,4.5525546,-35.829613
9461,Timm Klose,Left Center Back,Norwich City,Premier League,2,0.20489309355064525,1.4744671645861196,-9.365124,26.458862
9528,Steven Naismith,Center Attacking Midfield,Norwich City,Premier League,6,0.45963977813359586,-2.193236789942145,-0.8579239,-36.542934
21532,Daniel Bachmann,0,Stoke City,Premier League,0,-3.119159463339298,1.499090099591321,-41.90601,34.970528
42946,Guangtai Jiang,Left Back,Everton,Premier League,2,-2.145325454932064,1.090601151858382,-47.00345,4.848885
4053,Ben Foster,Goalkeeper,West Bromwich Albion,Premier League,0,-5.011130888358208,-0.174478862162751,-74.391014,-24.87862
7121,Sandro Ranieri Guimarães Cordeiro,Right Defensive Midfield,West Bromwich Albion,Premier League,2,-0.21810735524810762,0.14717330587592267,-12.6045,-1.7702343
22702,Jonathan Leko,Right Midfield,West Bromwich Albion,Premier League,4,3.234044052070568,-1.5600038692538432,48.806778,-42.120743
75899,Kevin Toner,Left Center Back,Aston Villa,Premier League,1,0.11448055322209282,0.6912741284352334,23.403679,12.857576
22058,Connor Steven Randall,0,Liverpool,Premier League,2,0.1653585601756055,0.322692342990502,-11.313875,49.22017
4097,Matt Grimes,0,Swansea City,Premier League,2,-0.9463550062145468,1.0381606232809786,-38.202675,-10.944957
40125,Steven Pienaar,0,Everton,Premier League,7,1.549358379997347,1.0868077874588085,-10.272425,55.78368
10499,Ivo Daniel Ferreira Mendonca Pinto,Right Wing Back,Norwich City,Premier League,1,0.963155131273359,1.5170639723653117,9.231795,26.967588
3317,Kasey Palmer,0,Chelsea,Premier League,1,1.1820986068813102,-0.10367939758920548,34.537052,0.86010736
7848,Matt Miazga,0,Chelsea,Premier League,2,-0.607049766509342,1.3306458280305102,-32.933475,12.72894
43695,Brede Hangeland,Left Center Back,Crystal Palace,Premier League,2,-1.2606415544606153,0.39125619494881125,-22.373096,25.900585
3220,Franck Tabanou,0,Swansea City,Premier League,1,0.10859347597906795,1.3846777465266564,0.741253,23.958046
3465,Timothy Evans Fosu-Mensah,Right Back,Manchester United,Premier League,1,2.7492838882989012,1.2420353122787722,43.09394,12.864326
3586,Samuel Mark Byram,0,West Ham United,Premier League,2,-2.028181370054833,1.4886679537280727,-43.429077,-0.9429459
11492,Temitayo Olufisayo Olaoluwa Aina,0,Chelsea,Premier League,1,0.5219009278314575,0.7616247007021862,33.183258,15.866742
3652,Tom Davies,Center Attacking Midfield,Everton,Premier League,2,-0.1949861546525872,0.6852041541998305,-19.60052,32.30367
28040,Jindřich Staněk,0,Everton,Premier League,0,-4.669581998408559,0.26376192422916594,-76.23282,-13.818739
13116,Jason Denayer,0,Manchester City,Premier League,7,0.7043993978715376,4.100718887629661,3.7251353,73.028694
7775,Emanuele Giaccherini,0,Sunderland,Premier League,4,0.2568583589202432,-0.5989477622829454,35.013058,-32.751225
45389,Thomas Robson,Left Back,Sunderland,Premier League,2,-0.19103282105971978,1.7945235861828264,5.7008557,31.01259
24403,Katerina Svitková,Left Center Midfield,West Ham United LFC,FA Women's Super League,1,1.989718985331818,-0.9709447209165107,41.45292,6.9174547
46717,Chloe Mccarron,Right Center Midfield,Birmingham City WFC,FA Women's Super League,1,0.10618600187065814,0.19542791595783823,8.130076,-2.4584134
46718,Gemma Lawley,0,Birmingham City WFC,FA Women's Super League,1,-1.2361801213800057,-0.9789984994331408,9.471081,-24.946451
13861,Nora Heroum,0,Brighton & Hove Albion WFC,FA Women's Super League,1,-0.6641700689863139,-0.8595345538930605,4.7256703,-14.487874
10108,Pernille Mosegaard Harder,Left Wing,Chelsea FCW,FA Women's Super League,3,1.759346519559738,-3.8690131217461126,20.098291,-56.095406
46639,Ona Batlle Pascual,Left Back,Manchester United,FA Women's Super League,7,3.6828397505924046,3.26875727036022,19.016823,61.09246
10404,Noelle Maritz,Right Back,Arsenal WFC,FA Women's Super League,7,0.9603952019189466,2.425751518109844,7.4222765,47.757515
45156,Malin Gut,Center Attacking Midfield,Arsenal WFC,FA Women's Super League,7,1.0519676651428778,2.1657295985153637,16.16214,49.92266
46636,Bethan Roberts,0,Reading WFC,FA Women's Super League,1,1.5242000649465115,1.0345747446492588,37.623646,1.7742641
10102,Stine Larsen,Center Forward,Aston Villa,FA Women's Super League,6,1.3403910701134845,-3.2500813368814843,17.092457,-21.629227
10159,Diana Micaela Abreu de Sousa e Silva,Left Wing,Aston Villa,FA Women's Super League,6,-0.5468072171363838,-1.9958109276534903,6.9631243,-35.108883
38317,Lisa Weiß,0,Aston Villa,FA Women's Super League,0,-4.412358373668633,0.5808392087252864,-80.6363,-11.199334
46533,Ramona Petzelberger,Left Center Midfield,Aston Villa,FA Women's Super League,4,1.6802970726631317,-1.0582649839185598,28.124063,-16.848799
46534,Elisha N''Dow,Right Center Back,Aston Villa,FA Women's Super League,1,-0.16647905028755375,0.839916289424443,1.1604549,3.2104797
46535,Natalie Haigh,Left Center Back,Aston Villa,FA Women's Super League,2,-1.567889515215942,0.4445342922527342,-22.28056,20.201197
46536,Caroline Siems,Left Back,Aston Villa,FA Women's Super League,1,0.7251865274508587,1.1539264360622676,8.268747,25.86596
46537,Jodie Hutton,Left Wing,Aston Villa,FA Women's Super League,2,-2.1930450938023136,-0.6940691209194092,-18.196823,-4.1759043
46538,Ella Franklin-Fraiture,Right Back,Aston Villa,FA Women's Super League,2,0.6131517247014573,0.8737656245475041,7.1224666,27.043907
46539,Nadine Hanssen,Center Defensive Midfield,Aston Villa,FA Women's Super League,1,1.3698410791100752,-0.8110275931373276,19.369505,-9.857287
46540,Sian Rogers,Goalkeeper,Aston Villa,FA Women's Super League,0,-3.57757084197118,1.870101808783383,-82.75545,6.333926
46541,Asmita Ale,Right Center Back,Aston Villa,FA Women's Super League,1,0.8948402160866687,1.783973132446216,8.020785,14.458192
46542,Sophie Haywood,0,Aston Villa,FA Women's Super League,4,1.345069340725804,-0.00983463009332649,11.765825,-18.139528
46543,Amy West,0,Aston Villa,FA Women's Super League,1,-0.06998173553383785,-0.6859060027169729,4.352051,-0.03185818
46737,Ella Jade Mastrantonio,Left Center Midfield,Bristol City WFC,FA Women's Super League,1,1.3664965839603993,0.7086540412233541,33.59092,12.523186
46741,Naomi Layzell,0,Bristol City WFC,FA Women's Super League,0,-3.6673741137253453,-0.12251068792942638,-51.959244,-6.3779044
46742,Benedicte Håland,0,Bristol City WFC,FA Women's Super League,0,-3.6842246502264864,1.6987893635172135,-74.97549,9.735915
47521,Alessia Russo,Center Forward,Manchester United,FA Women's Super League,3,1.1656402521845974,-6.159499582727061,9.204696,-66.94416
10274,Nicoline Sørensen,Left Wing,Everton LFC,FA Women's Super League,4,0.44599887555564033,-1.0908141336315265,21.660017,-31.350447
15789,Rikke Læntver Sevecke,Left Center Back,Everton LFC,FA Women's Super League,7,0.6307577867859718,3.1740257704643295,5.629678,54.50942
46740,Grace Clinton,0,Everton LFC,FA Women's Super League,4,3.6381539587166434,-1.4422121845383074,47.809242,-36.767136
47541,Damaris Berta Egurrola Wienke,0,Everton LFC,FA Women's Super League,1,2.8317572274526803,1.112600736710053,33.89651,35.801468
9857,José Manuel Sánchez Guillén,Left Center Back,Elche,La Liga,2,-2.4869211332228374,1.7519756378164677,-49.91165,9.670048
18783,Omenuke Mfulu,Left Center Midfield,Elche,La Liga,7,2.2966179047380395,1.109730997717152,29.382345,32.63169
24165,Edgar Badía Guardiola,Goalkeeper,Elche,La Liga,0,-3.8672996074104398,1.5182608880691606,-77.228386,7.3093886
24169,Gonzalo Cacicedo Verdú,Center Back,Elche,La Liga,7,-1.3465843427903077,3.567758595477042,-48.533245,15.877807
24517,José Raúl Gutiérrez Parejo,Right Center Midfield,Elche,La Liga,2,-1.8730359486141932,2.125164626224622,-49.846054,12.892382
21881,Sergino Dest,Left Back,Barcelona,La Liga,7,1.9307855630528008,1.96912081611978,19.966097,51.663673
22390,Francisco António Machado Mota de Castro Trincão,Right Wing,Barcelona,La Liga,4,2.084419234013802,-2.134876090278673,37.02804,-44.528477
30486,Pedro González López,Left Center Midfield,Barcelona,La Liga,7,2.6733066978597697,3.111935932169342,22.477558,61.71197
43728,Óscar Mingueza García,Right Back,Barcelona,La Liga,7,2.9621461227975883,4.224138642913361,10.655892,67.132164
16298,Denis Vavro,Right Center Back,Huesca,La Liga,7,0.49624012395337436,3.481067519273742,3.9189034,74.11496
22199,Sergio Gómez Martín,Center Attacking Midfield,Huesca,La Liga,1,2.286680080932945,1.3970573152514425,6.9541574,10.013233
23322,Javier Galán Gil,Left Wing Back,Huesca,La Liga,5,5.34792011183255,2.3974828661468077,58.93151,2.6151855
23812,Rafael Mir Vicente,Left Center Forward,Huesca,La Liga,3,-1.501491269362842,-5.838367544132922,10.473372,-68.31652
25598,Álvaro Fernández Llorente,Goalkeeper,Huesca,La Liga,0,-4.419756915522576,0.7907151991758785,-70.79817,0.84297985
30483,Jaime Seoane Valenciano,Center Defensive Midfield,Huesca,La Liga,2,-0.31592609928279053,-0.5229497660123081,-13.454556,-9.574881
39073,Moriba Kourouma Kourouma,Left Defensive Midfield,Barcelona,La Liga,7,2.0714974019721186,0.8773834016676969,23.461683,47.783634
12509,Moussa Dembélé,0,Atlético Madrid,La Liga,6,-3.1237721395440565,-3.508243912316229,-30.26928,-39.51387
29342,Ivo Grbić,0,Atlético Madrid,La Liga,0,-4.689616673443072,0.42589999172628473,-67.0191,-0.9931175
4267,Mouctar Diakhaby,Left Center Back,Valencia,La Liga,2,-0.9512830348222979,1.3543920647880854,-16.238605,31.677082
22107,Thierry Rendall Correia,0,Valencia,La Liga,1,0.6787767928424885,0.6675561343465333,16.923037,4.700265
24267,Uroš Račić,Left Center Midfield,Valencia,La Liga,1,-0.036504186543102383,-0.5880741572128051,6.329384,-10.650702
38792,Yunus Dimoara Musah,Right Midfield,Valencia,La Liga,2,-0.05837354987402908,0.9623814088887981,-1.9697056,28.735935
9462,José Ignacio Peleteiro Ramallo,Left Center Midfield,Deportivo Alavés,La Liga,4,1.497554783796499,-2.2702662084266825,24.518753,-40.135857
10605,Rodrigo Andrés Battaglia,Center Defensive Midfield,Deportivo Alavés,La Liga,5,2.928240623886476,0.45865401520874355,56.740555,8.201215
23966,Mickaël Malsa,Right Defensive Midfield,Levante UD,La Liga,7,2.7625935695526826,2.2974945583380464,17.330606,33.721844
30593,Daniel Gómez Alcón,Left Center Forward,Levante UD,La Liga,4,1.4831267001965018,-2.523114600930092,8.476056,-44.370663
41202,Giorgi Kochorashvili,Left Midfield,Levante UD,La Liga,1,2.8169804581243536,1.0839719634530223,40.177658,18.263681
23934,Rafael Jiménez Jarque,Right Center Back,Cádiz,La Liga,0,-3.8220152409040646,-1.4131652260119951,-47.061016,42.9717
23971,Jairo Izquierdo González,Left Midfield,Cádiz,La Liga,0,-4.131539624576498,-0.47963073765570324,-53.532043,-9.244726
24322,Isaac Carcelén Valencia,Right Back,Cádiz,La Liga,1,-1.5006533468630647,-0.11912369437627592,-3.3944056,1.2225691
24593,Marcos Mauro López Gutiérrez,Left Center Back,Cádiz,La Liga,0,-4.687699327008897,-0.27586570166273283,-54.987904,-6.6690416
24616,Luis Alfonso Espino García,Left Back,Cádiz,La Liga,5,2.578152612699513,0.4664154124613986,57.53765,13.878353
29198,Jeremías Ledesma,Goalkeeper,Cádiz,La Liga,0,-5.038699891345767,-0.16653707013600055,-75.16568,-26.477907
30370,Jens Jønsson,Center Defensive Midfield,Cádiz,La Liga,2,-3.36723249365517,0.6926700400638405,-40.879345,-2.1291099
2961,Yann Bodiger,Right Center Midfield,Cádiz,La Liga,1,2.7673158352853675,1.354499840588296,33.889877,36.047527
17618,Carlos Akapo Martínez,0,Cádiz,La Liga,1,-0.5054133548352652,0.3344752966844155,-1.3469349,-11.071689
75546,Carlos Domínguez Cáceres,Left Center Back,Celta Vigo,La Liga,2,-2.5735359013033485,2.142040721002268,-43.716824,1.6792367
97291,Patrick Gilmar Sequeira Mejías,0,Celta Vigo,La Liga,0,-5.077826991774063,-0.2608218372306671,-72.29548,-23.124653
3417,Saidy Janko,Right Wing Back,Real Valladolid,La Liga,2,-2.25366904932557,1.3163452535517177,-21.316322,16.05227
23212,Martín Merquelanz Castellanos,0,Real Sociedad,La Liga,2,-2.045449845053495,0.922944114313091,-42.944744,-5.496055
24921,Martín Zubimendi Ibáñez,Center Defensive Midfield,Real Sociedad,La Liga,7,1.2090122777558026,2.8896410647401285,-3.1179519,47.71674
36288,Facundo Pellistri Rebollo,0,Deportivo Alavés,La Liga,6,-0.9056297965306328,-1.543224477777753,3.2703068,-9.253376
24093,Luis Javier Suárez Charris,Center Forward,Granada,La Liga,6,-1.7677201320559963,-2.559830610149296,-7.2216105,-24.217512
30081,Nehuén Pérez,0,Granada,La Liga,0,-4.347547585598408,0.2691080952062047,-54.842377,-3.9610069
7459,Jawad El Yamiq,0,Real Valladolid,La Liga,7,-0.425322228217536,2.948826550124317,-17.973042,54.163425
7006,Alejandro Darío Gómez,Right Wing,Sevilla,La Liga,4,1.8710334616233633,-1.447551405494848,33.301052,-37.955357
8572,Karim Rekik,Left Center Back,Sevilla,La Liga,7,0.4421270378833505,3.12713381638653,1.6716813,53.164642
18921,Joris Gnagnon,0,Sevilla,La Liga,1,1.6464081355927476,0.3606889851149574,29.295757,8.872786
71519,Juan Antonio Iglesias Sánchez,Right Wing,Getafe,La Liga,2,-2.5627769991455733,-1.3284774068211211,-27.254416,-21.3398
105762,José Antonio Miranda Boacho,Center Defensive Midfield,Getafe,La Liga,3,-1.2662641898448188,-3.942496636555337,14.759699,-51.80517
77717,Olivia McLoughlin,Right Defensive Midfield,Aston Villa,FA Women's Super League,1,2.0669050693226922,-0.08565046897987426,41.185337,5.620584
61029,Ivana Fuso,Right Wing,Manchester United,FA Women's Super League,4,-0.8774426840162681,-1.4690600248631323,-16.942041,-25.922993
84765,Carrie Jones,Right Wing,Manchester United,FA Women's Super League,1,0.6478215831151797,-1.5428084923411787,13.138493,-15.564506
49697,Carlotte Wubben-Moy,Right Back,Arsenal WFC,FA Women's Super League,7,3.2956609149975993,4.24544534057745,9.286219,66.34745
50193,Anouk Denton,0,Arsenal WFC,FA Women's Super League,2,-1.9850159906095108,-0.3515817026508685,-17.66239,-1.6933451
10124,Dagný Brynjarsdóttir,Left Center Midfield,West Ham United LFC,FA Women's Super League,6,-0.6311885357196351,-1.4964787143058071,-7.504658,-6.415457
31157,Hawa Cissoko,Left Center Back,West Ham United LFC,FA Women's Super League,1,1.4868287052691638,0.7651588943448817,40.123013,8.468369
82429,Maisy Barker,0,West Ham United LFC,FA Women's Super League,1,-1.5515511686572978,-2.2973363698016422,17.564178,-3.1285558
53440,Esther Morgan,Right Back,Tottenham Hotspur Women,FA Women's Super League,1,1.9353674389507904,1.3331959508737763,43.93772,10.671007
78072,Anna Patten,0,Arsenal WFC,FA Women's Super League,7,0.6918229118627587,1.5390992884532633,48.927242,-24.361828
61467,Jessica Naz,Left Wing,Tottenham Hotspur Women,FA Women's Super League,5,3.74865463839839,-0.37324628426779244,52.346725,2.3262317
49646,Lois Joel,0,West Ham United LFC,FA Women's Super League,5,4.477318560867201,-0.29807108117955466,51.11233,5.4033704
32403,Emma Wilhelmina Koivisto,Left Back,Brighton & Hove Albion WFC,FA Women's Super League,1,1.6358485627638026,1.0363749721971092,36.945923,16.031677
4355,Emerson Palmieri dos Santos,0,Italy,UEFA Euro,7,0.9087891160210736,0.47243059804679977,37.464737,-24.160498
6964,Alessandro Florenzi,Right Back,Italy,UEFA Euro,7,1.1718496293951572,1.275122028827375,19.5145,45.363594
6993,Bryan Cristante,Left Center Midfield,Italy,UEFA Euro,7,3.9570791356392783,1.9729162306734305,25.160889,59.543755
7024,Jorge Luiz Frello Filho,Center Defensive Midfield,Italy,UEFA Euro,7,4.152456330262439,6.133995339157867,9.758584,69.93961
7036,Gianluigi Donnarumma,Goalkeeper,Italy,UEFA Euro,0,-3.7479536323807014,0.9059412665082069,-39.37301,35.940994
7037,Lorenzo Insigne,Left Wing,Italy,UEFA Euro,4,1.7415993658022921,-1.6139494012275806,34.503372,-52.700287
7038,Manuel Locatelli,Left Center Midfield,Italy,UEFA Euro,7,3.3444603271853977,-0.5161289585606175,31.938938,-58.509068
7119,Francesco Acerbi,0,Italy,UEFA Euro,7,0.3373992691306444,2.268584393101175,-12.081869,39.740597
7131,Domenico Berardi,Right Wing,Italy,UEFA Euro,4,1.3868689014554454,-2.643095309257934,24.50753,-50.294228
7156,Federico Chiesa,Left Wing,Italy,UEFA Euro,4,-0.7544995344802113,-2.594073812930184,-16.702343,-29.278763
7471,Andrea Belotti,Center Forward,Italy,UEFA Euro,6,0.1836772547504832,-4.469580516439543,0.23427233,-59.05184
7480,Alessandro Bastoni,0,Italy,UEFA Euro,7,1.8064088769490445,4.318455834828748,0.3090125,69.84124
7777,Federico Bernardeschi,Right Wing,Italy,UEFA Euro,4,1.351599389734504,-1.0976738982374115,35.982018,-36.84196
7788,Ciro Immobile,Center Forward,Italy,UEFA Euro,3,0.4423378104150341,-4.286312053678413,8.745176,-56.949577
8181,Nicolò Barella,Right Center Midfield,Italy,UEFA Euro,7,1.8588648063040327,1.7910470299683399,21.448893,49.82381
8286,Leonardo Spinazzola,Left Back,Italy,UEFA Euro,4,1.7357686068430975,0.17240583147827857,38.284023,-35.95846
11514,Giovanni Di Lorenzo,Right Back,Italy,UEFA Euro,7,2.172098442507339,3.7393870164663263,17.811655,65.91702
11601,Matteo Pessina,0,Italy,UEFA Euro,3,5.213404123773797,-5.32270454251537,13.142692,-62.64872
25048,Giacomo Raspadori,0,Italy,UEFA Euro,1,0.9010504196509099,1.1287818418826125,26.594633,6.6708302
6971,Cengiz Ünder,Left Midfield,Turkey,UEFA Euro,4,-0.5760379455235559,-1.7382003074758965,-16.50559,-29.045649
7039,Hakan Çalhanoğlu,Left Midfield,Turkey,UEFA Euro,4,1.917889511635334,-0.830108771055849,40.33604,-34.115463
8541,Kenan Karaman,Right Midfield,Turkey,UEFA Euro,6,0.23308932129563933,-2.4823078043239475,6.42264,-35.893448
8963,Caglar Söyüncü,Left Center Back,Turkey,UEFA Euro,7,0.0014371825682203787,3.777254413501656,-17.532442,56.22211
10349,Mehmet Zeki Çelik,Right Back,Turkey,UEFA Euro,2,-0.7796472739929038,1.8595773910308848,1.1391987,30.993269
10826,Mert Müldür,0,Turkey,UEFA Euro,2,0.9854167576488672,-0.1580755927224091,34.562706,-25.309433
11086,Burak Yılmaz,Center Forward,Turkey,UEFA Euro,6,-0.5849747396956915,-3.003660240376981,5.430023,-44.47175
11088,Ozan Tufan,Left Center Midfield,Turkey,UEFA Euro,1,3.0288368954279545,1.9203488424076,40.315372,23.936098
12293,Kaan Ayhan,Left Center Midfield,Turkey,UEFA Euro,7,-0.2929845372172964,1.7840222390670673,-8.832546,41.558098
20770,Ozan Muhammed Kabak,0,Turkey,UEFA Euro,2,-1.9607290186956474,2.1318421688677986,-45.137024,8.868028
22212,Orkun Kökçü,0,Turkey,UEFA Euro,4,0.8189372370257549,-0.1568262617792374,33.203266,-30.213427
23558,Merih Demiral,Right Center Back,Turkey,UEFA Euro,7,1.2495975155409125,1.1441322227185051,-36.647133,20.44032
29989,Yusuf Yazıcı,Right Center Midfield,Turkey,UEFA Euro,7,0.7501890040500045,0.3082821665562105,16.436563,40.969223
30310,Fehmi Mert Günok,0,Turkey,UEFA Euro,0,-4.455176471597511,0.6653984948741781,-78.80872,-4.662034
30311,İrfan Can Kahveci,Center Defensive Midfield,Turkey,UEFA Euro,4,3.538742867434255,-0.3125730746813903,47.79906,36.703625
30357,Uğurcan Çakır,Goalkeeper,Turkey,UEFA Euro,0,-4.2545705832896985,0.9755752376381436,-78.0061,1.0867808
30442,Altay Bayındır,0,Turkey,UEFA Euro,0,-3.712609427647185,1.6530984040376406,-74.108406,10.036013
31042,Cengiz Umut Meraş,Left Back,Turkey,UEFA Euro,2,-1.4280698123274056,0.8044689678816138,-23.138529,29.317844
3570,Pierre-Emile Højbjerg,Center Defensive Midfield,Denmark,UEFA Euro,7,2.5694455512787022,2.1633062223450943,21.322752,53.26102
7097,Christian Nørgaard,0,Denmark,UEFA Euro,7,2.6273400767232022,4.576866909180369,11.131295,66.22079
8247,Joachim Andersen,0,Denmark,UEFA Euro,7,1.1128277076960187,3.5662509435501493,-0.34040216,68.37107
16554,Joakim Mæhle,Left Back,Denmark,UEFA Euro,7,1.0747499246512728,0.8774212757550093,10.373059,31.6061
17042,Andreas Skov Olsen,Right Wing,Denmark,UEFA Euro,2,-1.2581126172325992,-0.5443210621863622,-24.575073,-16.246807
18722,Mathias Jensen,Right Center Midfield,Denmark,UEFA Euro,7,3.831193985791156,2.9210502962248035,26.301321,60.37915
21261,Jonas Older Wind,Center Forward,Denmark,UEFA Euro,6,-1.5054584236468158,-2.467809749684767,-17.051159,-38.85413
24443,Mikkel Damsgaard,0,Denmark,UEFA Euro,2,-0.3410450475552375,-0.8767754185114605,29.661245,-30.235254
8667,Lukáš Hrádecký,Goalkeeper,Finland,UEFA Euro,0,-4.2275816509718585,0.9367751152451647,-78.18023,-0.23858933
9476,Teemu Pukki,Left Center Forward,Finland,UEFA Euro,6,-1.5279121811584466,-2.7214218745272007,-21.6946,-32.65567
9725,Joel Pohjanpalo,Right Center Forward,Finland,UEFA Euro,6,-1.6944228410479771,-3.9909083010720616,-9.897332,-50.204617
12807,Rasmus Schüller,Center Defensive Midfield,Finland,UEFA Euro,5,3.2100889328475994,1.9655075993134639,57.591946,16.62163
13215,Glen Kamara,Left Center Midfield,Finland,UEFA Euro,7,0.9753999408947901,2.507825453647299,-1.8484615,43.631523
16550,Jere Juhani Uronen,Left Wing Back,Finland,UEFA Euro,2,-0.4143677660863874,1.2473093096434231,3.8962376,22.024336
24303,Joni Ensio Kauko,Left Center Forward,Finland,UEFA Euro,4,1.553096049528466,-0.5943294615306275,32.83543,-25.017124
24321,Robin Lod,Right Center Midfield,Finland,UEFA Euro,1,2.1195685268366824,0.14709564733025593,32.19987,5.26105
24455,Paulus Arajuuri,Center Back,Finland,UEFA Euro,2,-2.265301780498969,0.3451106158867642,-45.552963,-12.358847
24648,Tim Sparv,Center Defensive Midfield,Finland,UEFA Euro,1,0.7710008927748977,2.9643345372125602,42.51947,25.41491
26939,Joona Toivio,Right Center Back,Finland,UEFA Euro,2,-2.235252156210529,1.1805594067407073,-40.804718,11.518039
29946,Robert Taylor,0,Finland,UEFA Euro,7,3.259863604473963,1.0315330058432937,30.60455,60.739235
38196,Daniel O''Shaughnessy,Left Center Back,Finland,UEFA Euro,2,-1.515109843878327,1.7837567454269239,-41.52269,14.937392
6989,Timothy Castagne,Right Wing Back,Belgium,UEFA Euro,7,0.12817544107511608,2.858768633073434,7.062737,50.687397
10479,Matz Sels,0,Belgium,UEFA Euro,0,-4.49846114754297,0.6523324953282292,-64.960945,5.866749
16559,Leandro Trossard,0,Belgium,UEFA Euro,1,1.2647585440015063,1.4705741047213197,39.72166,27.749168
23650,Jeremy Doku,0,Belgium,UEFA Euro,4,1.2754038792426177,-1.521073314724358,-15.580307,-20.802229
15545,Vyacheslav Karavaev,Left Wing Back,Russia,UEFA Euro,2,-1.8528943898170345,0.8645402551333508,-39.5567,-12.617062
16583,Georgiy Dzhikiya,Left Center Back,Russia,UEFA Euro,1,-0.19012493194439503,2.018105824263876,3.1515534,25.47804
18735,Dmitriy Barinov,Right Defensive Midfield,Russia,UEFA Euro,7,1.92958157364979,2.4873750501459573,13.378747,53.382725
20845,Magomed Ozdoev,Left Defensive Midfield,Russia,UEFA Euro,1,1.4391508597907912,0.9099559504660455,33.16963,19.79424
21298,Matvey Safonov,0,Russia,UEFA Euro,0,-4.598816918323813,0.4841471760757118,-70.81856,-4.6775694
31917,Igor Diveev,Right Center Back,Russia,UEFA Euro,1,0.4906112757895491,2.2705311829713564,20.149206,7.2405806
38119,Anton Shunin,Goalkeeper,Russia,UEFA Euro,0,-4.690657294909062,0.14769117043172722,-74.85603,-19.481062
3853,Kieffer Roberto Francisco Moore,Center Forward,Wales,UEFA Euro,6,-2.542092038995415,-3.3702919066785357,-20.720913,-46.383434
4767,Chris Mepham,Right Center Back,Wales,UEFA Euro,2,-0.904564428069878,1.9835207025415857,-35.855946,13.436831
4774,Connor Roberts,Right Back,Wales,UEFA Euro,2,-1.193514599802078,1.0097358307880469,-16.272814,31.568876
4934,Ethan Ampadu,Left Center Midfield,Wales,UEFA Euro,2,-0.10278760492013812,1.5886008528684614,-7.681815,22.440525
9540,Harry Wilson,0,Wales,UEFA Euro,2,-1.4228688595694217,0.6083431697347833,-31.007298,7.4718757
10928,Chris Gunter,0,Wales,UEFA Euro,0,-3.2556662849800007,0.7400196467225336,-56.552567,4.719087
11250,Joe Rodon,Left Center Back,Wales,UEFA Euro,2,-1.8313887042086656,1.8959309502536863,-37.675922,12.255307
11252,Daniel James,Left Midfield,Wales,UEFA Euro,2,-1.6644607986304198,-1.2612990342978054,-22.408249,-26.862612
22074,Joseff Morrell,Right Center Midfield,Wales,UEFA Euro,1,0.7526644637133469,1.3733397685043727,24.174831,11.647511
34794,Neco Williams,0,Wales,UEFA Euro,2,-1.4283822123738161,1.3132247517232993,-22.969755,8.187741
7796,Silvan Widmer,0,Switzerland,UEFA Euro,2,0.10384988135839412,0.18238126512418443,1.305933,-11.900546
8219,Admir Mehmedi,0,Switzerland,UEFA Euro,4,1.5971064134362298,-2.0984998272613478,25.462084,-28.233385
16026,Djibril Sow,0,Switzerland,UEFA Euro,2,-1.845934745191172,0.7026031878754909,-5.9227605,-17.47155
29003,Jonas Omlin,0,Switzerland,UEFA Euro,0,-3.9646623448063845,1.4608344269895692,-72.44929,8.173773
30401,Ruben Vargas,0,Switzerland,UEFA Euro,6,-0.06639163896222533,-1.434412902488537,6.9144344,-30.55888
3943,Declan Rice,Left Defensive Midfield,England,UEFA Euro,7,1.5426049015909993,3.6167038757680183,7.614016,58.89791
4354,Philip Foden,Right Wing,England,UEFA Euro,4,0.5561264980433254,-0.07016747765110412,34.501907,-31.200684
4706,Kalvin Phillips,Right Defensive Midfield,England,UEFA Euro,1,0.6979308989449979,1.6497465511493268,16.828775,36.973473
7843,Mason Mount,Center Attacking Midfield,England,UEFA Euro,2,-0.613332198300564,-0.5256783298970502,-12.605547,-14.190042
9550,Reece James,0,England,UEFA Euro,7,0.3854510441614118,5.520141762372008,-2.7811246,71.08687
22084,Bukayo Saka,0,England,UEFA Euro,4,0.25771855548974365,-0.9378057184290122,4.22671,-25.529057
30714,Jude Bellingham,Left Center Midfield,England,UEFA Euro,7,3.0166146934692466,0.43291523399078835,39.69531,41.98886
3441,Nikola Vlašić,Center Defensive Midfield,Croatia,UEFA Euro,3,1.4780524206378542,-4.316161409846,22.545044,-64.03025
7693,Bruno Petković,Center Forward,Croatia,UEFA Euro,6,0.3634690123445174,-2.3240113872464696,5.619894,-38.30678
29163,Josip Juranović,0,Croatia,UEFA Euro,7,0.3384485850560136,2.934794828886645,5.8728166,49.196297
33018,Joško Gvardiol,Left Back,Croatia,UEFA Euro,7,1.5446858743726646,2.9994654198588306,7.552829,58.60302
4318,Davy Klaassen,0,Netherlands,UEFA Euro,4,0.11535364626386028,-1.5347080323583198,47.34649,-14.844919
6994,Marten de Roon,Right Defensive Midfield,Netherlands,UEFA Euro,1,2.349445848434528,1.5192456314833327,30.370144,20.390995
7787,Stefan de Vrij,Center Back,Netherlands,UEFA Euro,7,1.5176240775965046,3.3601297516276647,8.267963,59.26536
7829,Wout Weghorst,Right Center Forward,Netherlands,UEFA Euro,3,0.39132046931429737,-5.480515278305363,4.72917,-64.87714
7832,Marco Bizot,0,Netherlands,UEFA Euro,0,-4.385741941739578,0.7947291488156865,-71.30736,0.5431987
7891,Teun Koopmeiners,0,Netherlands,UEFA Euro,4,2.943358560298619,-0.6503501773885679,45.95071,-26.989307
8125,Denzel Dumfries,Right Wing Back,Netherlands,UEFA Euro,2,0.11473483175157613,-0.30550086979852165,28.333586,-26.763859
15582,Donyell Malen,Left Center Forward,Netherlands,UEFA Euro,4,-0.06561114487504079,-3.4418459808520963,17.48601,-58.838375
20750,Cody Mathès Gakpo,0,Netherlands,UEFA Euro,4,0.39894476291539976,-2.189815881430929,13.588794,-33.991974
21809,Jurriën David Norman Timber,Right Center Back,Netherlands,UEFA Euro,7,4.859450702587354,4.369349896823559,16.026766,62.19545
23230,Ryan Gravenberch,0,Netherlands,UEFA Euro,7,4.9588497563479965,3.3373238538193,19.954288,61.525795
3575,Oleksandr Zinchenko,Left Center Midfield,Ukraine,UEFA Euro,7,2.957838712721735,2.1549704042118254,32.386436,46.216885
8830,Andriy Yarmolenko,Right Wing,Ukraine,UEFA Euro,4,0.5677897538358974,-2.024581107915344,32.344936,-42.37523
11000,Taras Stepanenko,0,Ukraine,UEFA Euro,7,-0.5553918481216101,2.5285204578418883,-42.37599,17.353384
16514,Serhii Sydorchuk,Center Defensive Midfield,Ukraine,UEFA Euro,1,2.2108802057928525,1.962940402941557,38.661533,20.536564
16557,Ruslan Malinovskiy,Right Center Midfield,Ukraine,UEFA Euro,4,2.7027718558669465,-1.1142131631372718,35.065334,-21.958519
18617,Mykola Matviyenko,Left Center Back,Ukraine,UEFA Euro,7,1.0849349557852082,4.908474418708256,3.5479727,63.65866
18618,Serhiy Kryvtsov,0,Ukraine,UEFA Euro,7,1.8619375592187726,4.088042883712748,12.845887,59.657467
20827,Vitalii Mykolenko,Left Back,Ukraine,UEFA Euro,2,-0.21234782297980515,2.8708142144446875,3.714243,27.909967
21294,Mykola Shaparenko,Left Wing,Ukraine,UEFA Euro,7,1.588960875370936,2.4370899689630514,16.89742,47.6845
22243,Heorhii Bushchan,Goalkeeper,Ukraine,UEFA Euro,0,-4.38889337031098,0.7529418402370076,-72.00946,-0.68772656
23649,Roman Yaremchuk,Center Forward,Ukraine,UEFA Euro,3,-0.5378430777266088,-3.3828452410318084,5.0249085,-56.165886
25079,Artem Dovbyk,0,Ukraine,UEFA Euro,3,0.03223106586022421,-3.3114008919807096,7.9560127,-46.937344
31900,Oleksandr Karavaev,Right Back,Ukraine,UEFA Euro,7,-0.06601482815795054,2.442836836299205,-1.9349074,40.69643
37330,Anatolii Trubin,0,Ukraine,UEFA Euro,0,-3.790138328697508,1.5576310511031681,-74.8,9.07532
39136,Illia Zabarnyi,Right Center Back,Ukraine,UEFA Euro,7,0.19335212142810126,3.7605855381982067,3.2122386,61.163918
45863,Oleksandr Tymchyk,0,Ukraine,UEFA Euro,2,-0.4715414173091314,1.7638927422508306,15.561856,8.270581
3969,Aleksandar Dragović,Right Center Back,Austria,UEFA Euro,7,-0.12116105364073988,4.092435576147985,-5.0339303,54.723625
8307,Martin Hinteregger,Left Center Back,Austria,UEFA Euro,7,1.059600998931554,2.4246570317497187,10.821649,37.924118
8309,Michael Gregoritsch,Left Center Forward,Austria,UEFA Euro,6,0.5562622289250139,-3.735545092691107,-8.094714,-57.749733
8506,Konrad Laimer,Right Center Midfield,Austria,UEFA Euro,2,0.28968488711345675,0.42203761922444816,-12.677408,-12.384866
8518,Marcel Sabitzer,Left Center Midfield,Austria,UEFA Euro,2,0.012322442919281877,0.01887234978357792,33.043175,-29.61405
8769,Xaver Schlager,Center Defensive Midfield,Austria,UEFA Euro,1,1.5714225410994505,0.9859922320954237,25.033512,27.931335
8777,Andreas Ulmer,Left Wing Back,Austria,UEFA Euro,1,0.08045347216680791,0.7940674382302751,-4.290309,23.586132
8779,Stefan Lainer,Right Wing Back,Austria,UEFA Euro,2,0.9228948190717102,1.073579717413856,13.99846,24.224594
8931,Philipp Lienhart,Right Center Back,Austria,UEFA Euro,7,1.218388238008488,3.2008737741642577,17.416763,31.348217
9164,Christopher Trimmel,0,Austria,UEFA Euro,1,-0.4881677655263709,0.5531679566503614,20.469193,-3.160909
11281,Alessandro Schöpf,0,Austria,UEFA Euro,3,2.0817677949762876,-2.9927323386700984,28.037903,-51.521427
11396,Florian Grillitsch,0,Austria,UEFA Euro,2,0.5731766554173753,0.7987932590464247,17.578892,22.868683
13309,Pavao Pervan,0,Austria,UEFA Euro,0,-3.8968888946415303,1.2237798247656704,-83.420784,2.747035
20037,Julian Baumgartlinger,Right Center Midfield,Austria,UEFA Euro,1,1.6281821244890813,1.4259666963375923,28.430054,20.806454
24977,Christoph Baumgartner,Left Center Forward,Austria,UEFA Euro,4,1.2645488237840912,-3.018922931320456,17.487455,-46.926655
4713,Ezgjan Alioski,Left Wing Back,North Macedonia,UEFA Euro,4,0.6848629816079396,-0.7140860141189419,43.754574,-27.760202
10592,Stefan Ristovski,Right Center Back,North Macedonia,UEFA Euro,1,2.6008170838752673,2.47700039959507,35.928932,20.244469
16535,Eljif Elmas,Left Center Midfield,North Macedonia,UEFA Euro,4,0.31825179074349036,0.17977398286205384,29.31344,-24.830418
16740,Boban Nikolov,Right Wing Back,North Macedonia,UEFA Euro,5,2.7956084622169115,-0.9331369891288603,47.815643,-3.5141306
18879,Arijan Ademi,Center Defensive Midfield,North Macedonia,UEFA Euro,1,1.2651510466062368,1.3168635329017369,8.108331,9.916783
30644,Darko Velkovski,Center Back,North Macedonia,UEFA Euro,2,0.0553826026047655,1.6988162632230774,-3.8429048,20.359112
46906,Visar Musliu,Left Center Back,North Macedonia,UEFA Euro,2,-1.1404340335113912,1.8588250885195272,-31.052914,5.8736944
3620,Scott McTominay,Center Defensive Midfield,Scotland,UEFA Euro,2,-0.6111130123299782,-0.21639470458017218,-1.4306742,4.502268
9048,Stephen O''Donnell,Right Wing Back,Scotland,UEFA Euro,2,-2.2940452881125664,0.7037523394353428,-46.297623,-2.2928264
9466,Che Adams,Left Center Forward,Scotland,UEFA Euro,6,-1.0048955245604507,-1.9108241108553057,5.0762324,-39.58925
9481,Grant Campbell Hanley,Center Back,Scotland,UEFA Euro,2,-0.24520577925795933,1.7991114162425923,-17.077522,35.85683
9621,Liam Cooper,Left Center Back,Scotland,UEFA Euro,7,1.1666804342051609,4.811577940793558,-7.9039745,59.33192
9645,David Marshall,Goalkeeper,Scotland,UEFA Euro,0,-4.182410841907091,0.9466012405321508,-83.86343,-1.7370267
9974,John McGinn,Right Center Midfield,Scotland,UEFA Euro,1,0.1788774978449963,-0.9379140680214239,11.311192,-11.888998
10002,Scott McKenna,0,Scotland,UEFA Euro,2,-1.7172502608411617,1.472817824838069,-47.270832,12.197494
10285,Stuart Armstrong,Left Center Midfield,Scotland,UEFA Euro,1,2.343976849470641,0.21851194129220292,32.68966,10.408874
10534,Callum McGregor,Center Defensive Midfield,Scotland,UEFA Euro,2,-0.28152267390259855,1.0586581203934151,-1.3961669,30.914097
11116,Jack Hendry,Right Center Back,Scotland,UEFA Euro,2,-0.5448620087228347,1.116232580039992,-14.750688,28.930382
12510,Ryan Christie,Left Center Forward,Scotland,UEFA Euro,6,-0.2891809460731211,-2.318307483659135,-22.268444,-35.645184
29571,Lyndon Dykes,Right Center Forward,Scotland,UEFA Euro,6,-2.7095823066852045,-4.572867144663044,-18.756594,-54.351875
31067,Billy Gilmour,0,Scotland,UEFA Euro,7,0.5258022964346527,2.0044585858685067,-5.1771626,45.819527
4870,Tomáš Souček,Left Defensive Midfield,Czech Republic,UEFA Euro,2,-0.40484597180542775,-0.24390162670592225,-1.6147733,-32.44073
4875,Jan Bořil,Left Back,Czech Republic,UEFA Euro,2,0.16162895538762068,1.8732456581584338,6.9378843,15.265228
7044,Patrik Schick,Center Forward,Czech Republic,UEFA Euro,3,-0.26931134005835516,-5.046423520678935,5.993352,-60.20574
7801,Antonín Barák,0,Czech Republic,UEFA Euro,4,0.34826323692361255,-0.14144422957916902,7.228958,-12.558822
8095,Jakub Jankto,Left Wing,Czech Republic,UEFA Euro,2,-1.9933491020642826,0.6818507769035504,-26.454155,34.674732
8579,Vladimír Darida,Center Attacking Midfield,Czech Republic,UEFA Euro,7,0.728573679156288,0.9168216696315309,16.065977,45.923916
9397,Pavel Kadeřábek,0,Czech Republic,UEFA Euro,2,-1.8041147560833843,0.5783997448124215,-19.1627,12.685651
13197,Tomáš Kalas,Left Center Back,Czech Republic,UEFA Euro,2,-1.6030291378671193,1.3314338257063314,-20.637516,34.805004
16469,Tomáš Holeš,Right Defensive Midfield,Czech Republic,UEFA Euro,2,-0.2139454352955295,0.16808324073540007,-1.3994877,18.288471
16472,Lukáš Masopust,Right Wing,Czech Republic,UEFA Euro,2,-0.2672166438131535,-0.42775705046568596,2.2659366,-15.062017
16570,Vladimír Coufal,Right Back,Czech Republic,UEFA Euro,7,1.2711054721242845,1.8180270149009903,10.658507,29.071758
20355,Tomáš Pekhart,0,Czech Republic,UEFA Euro,6,-1.6815112851458356,-4.524000714453173,-17.603672,-53.67938
23452,Alex Král,Right Defensive Midfield,Czech Republic,UEFA Euro,2,0.2826301850813626,0.5132748536771379,-12.034652,-12.076752
23454,Petr Ševčík,Center Attacking Midfield,Czech Republic,UEFA Euro,1,1.2126909748627897,0.7423793840996203,-11.492288,28.808878
28239,Adam Hložek,Left Wing,Czech Republic,UEFA Euro,3,2.081137852630585,-3.1660798035605113,18.891438,-55.067863
30328,Ondrej Celustka,Right Center Back,Czech Republic,UEFA Euro,2,-0.8581602351615469,1.425084640427407,-32.15495,10.7982435
4673,Kamil Jóźwiak,Right Wing Back,Poland,UEFA Euro,1,2.0261516128294286,0.6032362835370492,45.168427,-19.936989
7979,Przemysław Frankowski,Left Center Midfield,Poland,UEFA Euro,1,0.4920264419898269,0.2799712538585057,12.1672125,-5.9245443
8737,Tymoteusz Puchacz,Left Wing Back,Poland,UEFA Euro,1,1.6713594413207222,-0.4892298762947878,38.713036,-7.7200537
8836,Karol Świderski,Center Defensive Midfield,Poland,UEFA Euro,6,-0.9575478345047105,-3.012278479159866,6.8349705,-36.921665
9622,Mateusz Andrzej Klich,Right Center Midfield,Poland,UEFA Euro,2,-1.385421373537887,1.2757851135231837,-43.052246,7.75745
11508,Łukasz Skorupski,0,Poland,UEFA Euro,0,-4.392159663645199,0.7894438742323671,-70.81886,0.94960374
29480,Jakub Moder,Right Center Midfield,Poland,UEFA Euro,2,-0.7855586798148434,0.24167921636858122,-23.138695,-14.22794
30739,Paweł Dawidowicz,0,Poland,UEFA Euro,2,-2.7241022635608605,1.6275784106099092,-51.723125,8.790277
3711,Martin Dúbravka,Goalkeeper,Slovakia,UEFA Euro,0,-3.8474763531548017,1.4095664153162197,-81.56093,4.472051
4421,Tomáš Hubočan,Left Back,Slovakia,UEFA Euro,2,-0.9940707219202339,1.839267065644592,-22.050217,32.329178
6990,Milan Škriniar,Left Center Back,Slovakia,UEFA Euro,7,0.8872170369376311,3.004757881069157,7.918444,54.344997
7025,Marek Hamšík,Center Attacking Midfield,Slovakia,UEFA Euro,7,3.0192987091254864,2.5383070742151594,25.69944,61.81266
7975,Lukáš Haraslín,Right Wing,Slovakia,UEFA Euro,1,1.4244064568753503,-1.619436749904444,20.056868,-13.573958
8967,Ondrej Duda,Center Forward,Slovakia,UEFA Euro,1,1.2141604756034277,0.4681431131813171,25.004421,26.81269
9722,Peter Pekarík,Right Back,Slovakia,UEFA Euro,2,-0.3578015741178618,1.6087220225084242,-1.2972829,26.131786
10919,Juraj Kucka,Right Defensive Midfield,Slovakia,UEFA Euro,1,2.4270537408457504,-0.40586028742036895,34.658535,-12.888223
16041,Patrik Hrošovský,Left Defensive Midfield,Slovakia,UEFA Euro,1,3.3910191251100277,2.1470082489749345,43.562565,29.91684
16307,Róbert Mak,Left Wing,Slovakia,UEFA Euro,2,-1.819864992595081,-0.5410812935136666,-24.187841,-19.903929
16879,Dávid Hancko,0,Slovakia,UEFA Euro,2,0.14401108540277535,0.5239682843604436,4.40342,17.268486
20002,Jakub Hromada,Left Defensive Midfield,Slovakia,UEFA Euro,1,1.1800171464159226,1.3836079222376396,6.434945,10.371899
28044,Martin Koscelník,Right Back,Slovakia,UEFA Euro,1,2.185281197311321,-0.3464454801021673,31.441359,-7.3344407
30397,Ľubomír Šatka,Right Center Back,Slovakia,UEFA Euro,7,-0.6040343468555874,3.7777754583031027,-4.946229,67.36804
35653,Tomáš Suslov,Left Wing,Slovakia,UEFA Euro,4,1.037332081244495,-0.4326126421773501,-14.965866,-18.350548
8552,Robin Quaison,Right Center Forward,Sweden,UEFA Euro,4,1.551299910375059,-1.696181522737099,23.079365,-25.727016
20871,Pierre Bengtsson,Left Midfield,Sweden,UEFA Euro,1,-0.053771407292137856,1.2456885338400194,0.23251775,23.702684
23444,Kristoffer Olsson,Right Defensive Midfield,Sweden,UEFA Euro,2,-0.11916731843574555,2.0079885701784876,-11.312145,23.305105
26063,Jens-Lys Michel Cajuste,Right Defensive Midfield,Sweden,UEFA Euro,2,-0.08070830987886364,2.3941805166882677,2.3125358,32.384964
26875,Marcus Andreas Danielsson,Left Center Back,Sweden,UEFA Euro,2,-2.028572821511408,1.4410616811685515,-20.218925,36.58235
16532,Daniel Olmo Carvajal,Left Wing,Spain,UEFA Euro,3,3.2076424339059164,-2.999744653310317,33.43,-50.07635
31953,Eric García Martret,0,Spain,UEFA Euro,7,1.1201523224390477,6.695219649648857,-2.3576696,71.68535
3026,Adrien Rabiot,Left Center Midfield,France,UEFA Euro,7,2.8039820334804806,3.0693938050991716,21.37823,58.741333
3761,Mike Maignan,0,France,UEFA Euro,0,-3.6082822759890676,0.906450201734843,-39.430714,35.796597
3053,Leroy Sané,Left Attacking Midfield,Germany,UEFA Euro,4,2.3092227935848917,-3.081441027087489,29.000246,-44.18749
6985,Robin Gosens,Left Wing Back,Germany,UEFA Euro,7,-0.10887269904794226,0.7569074749618648,-37.533722,19.506886
8215,Kevin Volland,Left Wing Back,Germany,UEFA Euro,6,0.9802261601843398,-3.3245215701738897,15.991121,-38.677277
8507,Lukas Klostermann,0,Germany,UEFA Euro,7,-0.7596280483714245,3.115036392547342,-40.95383,15.859417
8945,Christian Günter,0,Germany,UEFA Euro,0,-2.8769549613898335,1.0252198918423183,-56.13229,11.096875
8966,Kai Havertz,Right Attacking Midfield,Germany,UEFA Euro,3,1.028270563344465,-5.312190334032673,12.127817,-66.86041
12323,Florian Neuhaus,0,Germany,UEFA Euro,1,0.7992031398499928,0.6433264921622217,24.21742,28.968418
13294,Robin Koch,0,Germany,UEFA Euro,7,-0.5863854183364525,4.296665175810045,-4.461863,67.07366
15581,Bernd Leno,0,Germany,UEFA Euro,0,-4.261199183304586,0.8620981321629795,-78.53092,-1.106023
3593,Renato Júnior Luz Sanches,Left Center Midfield,Portugal,UEFA Euro,7,5.099914887582666,3.24323339909703,23.683771,62.838234
9927,Rúben Diogo Da Silva Neves,0,Portugal,UEFA Euro,7,2.421451817738832,5.279612620652821,7.262412,68.24913
9929,Diogo José Teixeira da Silva,Left Wing,Portugal,UEFA Euro,4,1.1720987911245517,-2.7912989174908085,21.569986,-52.707867
13621,Danilo Luís Hélio Pereira,Right Center Midfield,Portugal,UEFA Euro,7,1.5358362953964018,3.859185519075049,5.690104,63.0204
41092,Nuno Mendes,0,Portugal,UEFA Euro,7,2.6810731802038044,2.3321824668774265,26.561253,51.57515
7162,Ádám Nagy,Center Defensive Midfield,Hungary,UEFA Euro,1,0.2706961793980008,1.7712795039235458,8.065984,11.029587
8407,Ádám Szalai,Left Center Forward,Hungary,UEFA Euro,6,0.5955117907139286,-3.3210091274160227,11.767858,-40.8196
8509,Willi Orban,Center Back,Hungary,UEFA Euro,2,-0.05295591288918379,1.4728952253975958,-12.028898,33.156406
8524,Péter Gulácsi,Goalkeeper,Hungary,UEFA Euro,0,-4.077031400471667,1.2084866948196262,-73.14154,5.3051386
10794,Gergő Lovrencsics,Right Wing Back,Hungary,UEFA Euro,2,-2.290365178067298,1.2635300015842903,-43.601654,-1.3024133
11268,Attila Fiola,Left Wing Back,Hungary,UEFA Euro,1,-0.2957794232313468,-0.49742600125149444,5.067227,-6.1692457
16502,László Kleinheisler,Right Center Midfield,Hungary,UEFA Euro,4,0.18159263474463527,-0.6561024816191448,11.024691,-17.457727
16741,Loïc Négo,Left Center Midfield,Hungary,UEFA Euro,2,-2.225995909770492,0.3000153277896102,-16.113827,2.931663
19316,Roland Sallai,Right Center Forward,Hungary,UEFA Euro,6,-0.14026593378048738,-2.720801168605028,3.43985,-34.377686
31887,Endre Botka,Right Center Back,Hungary,UEFA Euro,1,1.714220442222777,0.48370268290404234,48.27785,6.9608526
42822,András Schäfer,Left Center Midfield,Hungary,UEFA Euro,2,0.1353497074767753,0.06314192428992664,-18.381903,4.2236686
46376,Attila Szalai,Left Center Back,Hungary,UEFA Euro,1,1.393080572915621,2.157723956951872,10.914266,7.099469
46789,Bendegúz Bolla,0,Hungary,UEFA Euro,2,-2.2774553445493186,-0.24471917416955072,-38.973083,-19.256166
17974,Gregor Kobel,0,Switzerland,UEFA Euro,0,-3.1020875617496575,1.5492603372064095,-42.26744,35.167633
7002,Rafael Tolói,Right Center Back,Italy,UEFA Euro,1,0.11509835877453904,0.8524167744677824,-0.6366263,13.968297
49689,Muhammed Kerem Aktürkoğlu,0,Turkey,UEFA Euro,3,2.3404064490325296,-7.863887855695735,20.605618,-65.66028
8069,Matthijs de Ligt,Center Back,Netherlands,UEFA Euro,2,-0.09876563487392732,1.1006437090007908,-13.518713,36.31757
11278,Karim Onisiwo,Left Center Forward,Austria,UEFA Euro,6,1.3185310511135158,-4.750603742048087,-7.714519,-56.554375
15854,Marco Friedl,0,Austria,UEFA Euro,2,-1.5936419314365426,3.037426848486739,-48.527172,15.693006
16294,Robert Skov,0,Denmark,UEFA Euro,7,3.916646338166781,1.4071880568837896,47.529415,31.314014
16509,Viktor Tsygankov,Right Wing,Ukraine,UEFA Euro,7,0.3750940484867435,1.3049306193058172,15.49828,41.363037
38975,Georgiy Sudakov,0,Ukraine,UEFA Euro,4,1.1002023280517517,-0.5290542709220099,27.935423,-24.506914
12423,Jadon Sancho,0,England,UEFA Euro,4,-0.0844733417900161,-0.7045652230159508,-16.302002,-24.484814
10540,Kieran Tierney,Left Center Back,Scotland,UEFA Euro,7,-0.7654414328665349,2.597299604949594,-18.602917,54.12229
3428,Tomáš Koubek,0,Czech Republic,UEFA Euro,0,-4.139928914620247,0.9313808662640145,-81.7076,1.2525874
16527,Mislav Oršić,0,Croatia,UEFA Euro,3,4.735939869004846,-8.18774552045989,18.62493,-70.14438
22818,Dejan Kulusevski,0,Sweden,UEFA Euro,4,-0.8148184988107314,-2.2399874837018023,-6.1075196,-22.027128
34904,Róbert Boženík,0,Slovakia,UEFA Euro,6,0.5231449259680975,-2.7236293912941067,-21.402279,-49.895634
2972,Marcus Thuram,0,France,UEFA Euro,3,0.2912135857777612,-4.287175643274643,17.450157,-58.70114
3144,Léo Dubois,0,France,UEFA Euro,1,1.6298428605432,1.6878905707278116,27.910643,24.452736
12169,João Maria Lobo Alves Palhinha Gonçalves,0,Portugal,UEFA Euro,7,2.6782410686645206,1.3975412486239767,30.491348,35.699444
16028,José Diogo Dalot Teixeira,0,Portugal,UEFA Euro,7,1.6480475710315767,2.1182493580419512,17.955763,50.80521
3166,Marco Verratti,Left Center Midfield,Italy,UEFA Euro,7,5.64170695598883,6.0491723925902665,10.061079,70.420166
11821,Stefan Posch,0,Austria,UEFA Euro,7,0.9255577294047473,0.7929199302360261,17.57963,20.461723
11127,Borna Barišić,Left Back,Croatia,UEFA Euro,7,-0.7084266080276919,2.400399324491816,-42.22582,16.95966
39565,Jamal Musiala,Left Midfield,Germany,UEFA Euro,4,4.3371936653788605,-2.1653343141170724,46.44684,-44.332287
38429,Luís Antônio Corrêa da Costa,Right Center Forward,Brazil,FIFA World Cup,0,-2.8694609394602493,-2.301113356279558,-30.707802,-39.115486
38630,Carlos Caetano Bledorn Verri,Left Defensive Midfield,Brazil,FIFA World Cup,5,6.695049471791849,2.2220211818643447,49.954502,18.999245
38631,Claudio Andre Mergen Taffarel,Goalkeeper,Brazil,FIFA World Cup,0,-4.385899905062128,0.7792626821009714,-65.49579,5.976162
39654,Jorge José de Amorim Campos,Right Wing Back,Brazil,FIFA World Cup,2,-0.11960569111754728,0.6661269473735915,-37.618618,-10.910788
39656,Cláudio Ibrahim Vaz Leal,Left Wing Back,Brazil,FIFA World Cup,7,-0.7564278362972625,1.7590283292936884,-9.735082,46.864807
42193,Ricardo Roberto Barreto da Rocha,Right Center Back,Brazil,FIFA World Cup,7,-1.2601125530473913,1.8240978857297645,-41.068794,18.525806
398680,Valdo Cândido de Oliveira Filho,Center Attacking Midfield,Brazil,FIFA World Cup,4,4.476454969482589,-0.048576293293484035,48.932457,-44.993053
398683,Ricardo Gomes Raymundo,Left Center Back,Brazil,FIFA World Cup,2,-1.3961215221045988,1.8398766795670904,-20.03577,36.731403
397968,Juan Ernesto Simón,Right Center Back,Argentina,FIFA World Cup,1,0.6495874289158804,1.398517054564617,5.3109875,6.053403
397969,Gabriel Humberto Calderón,Left Defensive Midfield,Argentina,FIFA World Cup,4,3.5193879249622877,-0.7123263405180736,48.397026,-45.027054
398655,Claudio Paul Caniggia,Center Forward,Argentina,FIFA World Cup,3,1.2385387923549833,-5.205892595138337,10.546528,-58.64254
398656,Néstor Ariel Fabbri,0,Argentina,FIFA World Cup,5,3.3532132363050473,1.5971666106793143,48.266533,9.011635
398678,Pedro Damián Monzón,Left Back,Argentina,FIFA World Cup,2,-2.661605587712695,0.3149467467080685,-43.38674,-8.612001
398681,José Horacio Basualdo,Right Back,Argentina,FIFA World Cup,4,-0.805949068001934,-1.249845037116743,-18.170944,-16.836252
398687,Sergio Javier Goycochea,Goalkeeper,Argentina,FIFA World Cup,0,-4.449828526401573,0.765785200074688,-73.042206,-0.07877033
3913,Edimilson Fernandes,0,Switzerland,UEFA Euro,7,-0.3477732714255344,2.34824433543081,-4.938763,53.348648
29305,Jordan Lotomba,0,Switzerland,UEFA Euro,1,0.5720367915433512,1.1433348406842647,19.24841,15.318164
2946,Frédéric Guilbert,Right Wing Back,Strasbourg,Ligue 1,2,0.18553844891224747,1.2975246392544841,7.672452,20.015985
2989,Alexander Djiku,Left Center Back,Strasbourg,Ligue 1,1,-0.02768240211032765,0.9220252809107423,-1.4900619,9.621926
3215,Dimitri Liénard,Left Wing Back,Strasbourg,Ligue 1,5,4.194563003573372,1.8790240949656372,49.591286,-18.482065
3229,Maxime Le Marchand,Left Center Back,Strasbourg,Ligue 1,7,0.5127731836960704,2.8774687408472923,2.175367,52.325024
3375,Adrien Thomasson,Right Center Midfield,Strasbourg,Ligue 1,7,2.2406807237772988,0.5813056672074943,26.24516,38.811428
4598,Gerzino Nyamsi,Center Back,Strasbourg,Ligue 1,2,0.4591059751004164,1.6307699890525147,-4.0435047,24.964817
7422,Ibrahima Sissoko,Left Center Midfield,Strasbourg,Ligue 1,5,5.838447085138955,2.382187894612035,58.630344,2.26147
10480,Anthony Caci,Right Wing Back,Strasbourg,Ligue 1,1,0.31292107272074127,-0.2822941759811443,3.5704598,-26.275581
18516,Habibou Mouhamadou Diallo,Left Center Forward,Strasbourg,Ligue 1,6,-1.5411588773314218,-4.5214579450461345,2.2987766,-57.80809
19718,Jean-Ricner Bellegarde,Left Center Midfield,Strasbourg,Ligue 1,7,-0.26345524858843355,1.2376212673527864,-5.332787,61.189144
32028,Lucas Perrin,Right Center Back,Strasbourg,Ligue 1,7,0.7778138006210306,2.2391889589591156,15.461966,37.166157
133136,Mouhamadou Diarra,0,Strasbourg,Ligue 1,4,1.2712016774279706,-0.5041959786453158,-16.006422,-21.6217
8511,Thilo Kehrer,Right Wing Back,Paris Saint-Germain,Ligue 1,7,1.221711956824932,3.7394668945929594,7.184178,56.682064
28346,Eric Junior Dina Ebimbe,0,Paris Saint-Germain,Ligue 1,1,0.6288179621787846,0.30105284073537764,22.683537,11.2201185
39167,Xavi Simons,0,Paris Saint-Germain,Ligue 1,4,0.8362941052458005,-0.19906763254116877,34.140236,-30.00595
3070,Florent Mollet,Left Wing,Montpellier,Ligue 1,2,-0.5096231574159507,-0.03653295334630207,-8.836818,-19.704466
3118,Jordan Ferri,Left Defensive Midfield,Montpellier,Ligue 1,7,2.9603131133133407,2.1741593981326846,25.550314,58.349815
3210,Valère Germain,Right Center Forward,Montpellier,Ligue 1,6,-0.4015610096394875,-2.8928381340453746,-3.4144762,-54.30409
3224,Arnaud Souquet,Right Wing Back,Montpellier,Ligue 1,1,0.37667109712806834,0.7921022991193947,20.81987,3.2522583
3753,Pedro Filipe Teodósio Mendes,0,Montpellier,Ligue 1,2,0.20925642926182744,1.8118843740404482,-7.9124746,29.499266
4121,Stephy Alvaro Mavididi,Center Forward,Montpellier,Ligue 1,0,-2.9304029484284424,-2.274416923696628,-31.7627,-31.703766
4476,Nicolas Louis Marcel Cozza,Center Back,Montpellier,Ligue 1,1,0.2554407602844113,2.3976530074518605,19.913906,4.098182
22823,Dimitry Bertaud,Goalkeeper,Montpellier,Ligue 1,0,-4.676900239510996,0.44145241014440284,-67.43745,-1.343117
23252,Mihailo Ristić,Left Wing Back,Montpellier,Ligue 1,5,3.5636381831728277,1.6283115296740405,59.029373,-5.313097
29969,Joris Chotard,Right Defensive Midfield,Montpellier,Ligue 1,2,-1.3026082137242654,1.661561838492446,-21.610294,32.850826
112254,Maxime Esteve,Left Center Back,Montpellier,Ligue 1,1,-0.2841311259772219,1.4303523568966512,5.421321,11.325607
3010,Corentin Jean,Right Wing Back,Lens,Ligue 1,6,-0.14397189558836315,-2.3954520138454507,4.003933,-39.642475
4350,Yannick Cahuzac,0,Lens,Ligue 1,1,1.3543584940943874,0.9574451498430402,25.240555,17.53993
4898,Ignatius Kpene Ganago,Center Forward,Lens,Ligue 1,3,-1.844115162288465,-4.276230920271432,3.7886314,-61.713543
7252,Jonathan Clauss,Right Wing Back,Lens,Ligue 1,2,-0.9267531888225969,0.3641871628721223,-23.75104,38.684906
7282,Jean-Louis Leca,Goalkeeper,Lens,Ligue 1,0,-4.599744097436484,0.36562316047007765,-80.22631,-18.605373
7324,Jonathan Gradit,Right Center Back,Lens,Ligue 1,1,0.26609920104283313,1.6308234532163073,8.990225,8.937959
7791,Seko Fofana,Left Defensive Midfield,Lens,Ligue 1,4,1.9560647567247167,0.48445143199794777,37.80855,-25.430681
9860,Florian Sotoca,Right Wing,Lens,Ligue 1,1,2.859307467639293,0.08449781521090638,34.009754,9.009652
11820,Kevin Danso,Center Back,Lens,Ligue 1,7,-0.7131531908199102,1.8839233821812458,-8.234603,38.21785
13851,Cheick Oumar Doucoure,Right Defensive Midfield,Lens,Ligue 1,7,0.4337407228554471,1.3494272340593203,4.4966764,40.755142
27473,Deiver Andrés Machado Mena,Left Wing Back,Lens,Ligue 1,1,2.1710974114959223,1.572448969304108,55.448727,-13.251699
35705,Arnaud Kalimuendo Muinga,Center Forward,Lens,Ligue 1,6,-1.3244607418474146,-2.975301934300906,1.9157312,-53.983406
36995,David Pereira da Costa,Left Wing,Lens,Ligue 1,2,-0.9437666425008274,0.5881814689054105,-23.387123,-14.2693405
74588,Christopher Wooh,Left Center Back,Lens,Ligue 1,2,-0.5486830992476355,1.6758729101788234,-15.320942,34.920963
6987,Mauro Emanuel Icardi Rivero,Left Center Forward,Paris Saint-Germain,Ligue 1,6,-1.755479793895627,-3.9697824601148555,3.86913,-57.54368
8553,Abdou Diallo,Left Center Back,Paris Saint-Germain,Ligue 1,7,0.700502599375949,2.8692992458103506,7.6125298,51.581673
10450,Colin Dagba,0,Paris Saint-Germain,Ligue 1,2,-2.4296451474218603,0.9542982630357723,-55.72414,1.7116295
16308,Leandro Daniel Paredes,Right Defensive Midfield,Paris Saint-Germain,Ligue 1,7,3.9154947981897172,3.442428519332093,21.898882,61.18593
7439,Axel Disasi,Left Center Back,AS Monaco,Ligue 1,2,-0.5243482743609253,2.6000333479055406,-21.014503,39.802044
10463,Sofiane Diop,Center Attacking Midfield,AS Monaco,Ligue 1,5,3.9599647023092976,1.0375071683098704,47.28968,30.162643
10481,Aurélien Djani Tchouaméni,Left Defensive Midfield,AS Monaco,Ligue 1,7,1.5473414618147672,3.660273159751962,5.636132,63.216793
11990,Youssouf Fofana,Right Defensive Midfield,AS Monaco,Ligue 1,5,5.206994444373655,1.3112210836848108,46.888786,34.761875
20662,Alexander Nübel,Goalkeeper,AS Monaco,Ligue 1,0,-3.5805848589208527,1.8353774652625774,-77.96146,9.078689
25295,Caio Henrique Oliveira Silva,Left Back,AS Monaco,Ligue 1,1,0.16575185876906362,1.7661201549273904,-18.50703,52.920338
27719,Strahinja Pavlović,0,AS Monaco,Ligue 1,7,2.2721676717455805,2.081547758825864,31.547073,47.28696
32915,Ismail Jakobs,Left Back,AS Monaco,Ligue 1,2,-0.8805848301291582,0.9775045632513065,-9.121583,9.559901
30415,Facundo Axel Medina,Left Center Back,Lens,Ligue 1,5,3.45312722731388,3.249280825833403,46.936398,23.683163
132019,El Chadaille Bitshiabu,0,Paris Saint-Germain,Ligue 1,7,0.6858633716283099,4.2797282390584765,1.9138645,61.067818
3770,Thomas Monconduit,Right Defensive Midfield,Lorient,Ligue 1,1,0.5220671658553989,0.15738980289786456,15.309069,12.917784
7199,Vincent Le Goff,Left Back,Lorient,Ligue 1,7,0.6130034251502421,2.6124084454759093,2.3300447,48.04493
7260,Laurent Abergel,Left Defensive Midfield,Lorient,Ligue 1,5,4.063956338932712,3.4207372965517022,56.240532,19.32387
7570,Julien Laporte,Right Center Back,Lorient,Ligue 1,1,0.5306886553831981,1.311309648178464,6.871409,8.608335
9361,Houboulang Mendes,Right Back,Lorient,Ligue 1,1,-0.4567305348513084,1.7005294229086554,20.241367,5.900368
10688,Armand Lauriente,Left Center Forward,Lorient,Ligue 1,4,-0.5194902529384262,-1.451406516353013,-14.677442,-30.779537
24021,Paul Nardi,Goalkeeper,Lorient,Ligue 1,0,-4.855923830960307,0.0975076747463334,-68.54857,-7.016654
24959,Enzo Le Fée,Left Midfield,Lorient,Ligue 1,4,2.5008727051315223,-0.09526579244428768,38.006275,-31.429506
34335,Terem Igobor Moffi,Right Center Forward,Lorient,Ligue 1,3,0.9066396589807718,-5.923278523903047,11.730489,-66.46129
36553,Matthieu Dreyer,0,Lorient,Ligue 1,0,-4.557923812094367,0.5741994253225553,-77.08047,-5.787851
48500,Moritz Jenz,Left Center Back,Lorient,Ligue 1,2,-2.622522256397619,0.6610043402268692,-10.253254,-16.383493
95042,Dango Aboubacar Faissal Ouattara,Right Midfield,Lorient,Ligue 1,4,1.6063839425602788,-2.909995591460514,23.191702,-20.71973
134033,Léo Pétrot,0,Lorient,Ligue 1,0,-3.628522763102291,0.939872786594947,-54.79929,-2.4849093
7378,Yunis Abdelhamid,Left Center Back,Stade de Reims,Ligue 1,2,0.21204638716881236,1.4597494092183383,3.0901794,33.6492
8854,Wout Faes,Center Back,Stade de Reims,Ligue 1,7,-0.14979670983698057,3.027775603363029,-0.15292183,53.167774
10039,Ghislain Konan,0,Stade de Reims,Ligue 1,7,-0.19334081494175182,2.5529274513323674,3.641608,44.507786
15782,Thomas Foket,Right Wing Back,Stade de Reims,Ligue 1,1,1.6060765977404445,2.728193131142223,40.903034,24.334856
24909,Moreto Moro Cassamã,Right Center Midfield,Stade de Reims,Ligue 1,2,0.18895362406883603,0.8068617651710152,-4.295213,24.381796
24987,Yehvann Diouf,0,Stade de Reims,Ligue 1,0,-3.3979989372641115,0.6528925217586322,-37.39739,34.447556
29962,Nathanaël Mbuku,Left Wing Back,Stade de Reims,Ligue 1,2,-2.093047471251497,-0.7822422562380651,-45.296978,0.97226775
30682,Alexis Flips,Center Defensive Midfield,Stade de Reims,Ligue 1,5,3.6914256053824697,1.9940240795150588,57.240738,15.538226
31308,Marshall Nyasha Munetsi,Left Center Midfield,Stade de Reims,Ligue 1,1,2.963031165270203,-0.010396590294012385,58.079258,18.124754
31799,Andreaw Gravillon,Right Center Back,Stade de Reims,Ligue 1,2,-1.9784453135420361,1.3225019666001538,-26.074747,-7.38633
50429,Hugo Ekitike,Right Center Forward,Stade de Reims,Ligue 1,4,1.4975824617232187,-2.4434283608590137,31.293139,-40.915073
104614,Dion Lopy,Center Defensive Midfield,Stade de Reims,Ligue 1,5,6.051442045292091,2.339903579904919,50.193966,12.793373
132418,Bradley Locko,Left Wing Back,Stade de Reims,Ligue 1,2,-0.3016682870261519,0.35055027911536213,-17.476562,6.1482396
3154,Miguel Ângelo da Silva Rocha,Right Center Midfield,Lille,Ligue 1,1,2.66066609729535,1.9078303815880364,57.922123,17.936646
3377,Timothy Weah,Right Midfield,Lille,Ligue 1,1,-0.2146035356760838,-0.6122524949269855,5.6907616,-10.99677
4256,Jonathan Bamba,Left Midfield,Lille,Ligue 1,4,-0.031188517372463174,-1.3046910604586415,23.41144,-51.75948
4270,Jérémy Pied,0,Lille,Ligue 1,7,2.4729003337396915,2.23457846961298,32.08241,40.5632
10848,Reinildo Isnard Mandava,Left Back,Lille,Ligue 1,7,1.4246431683412943,2.0575151178146,40.650475,25.02388
22343,Angel Gomes,0,Lille,Ligue 1,7,3.125664870538027,2.368271211948675,37.13023,45.85837
23640,Jonathan David,Right Center Forward,Lille,Ligue 1,3,0.4076075633292696,-3.2977957889609355,9.523998,-59.70464
29594,Gabriel Gudmundsson,0,Lille,Ligue 1,1,0.7500115968687519,0.7356067645081696,8.240404,9.90688
29992,Tiago Emanuel Embaló Djaló,Left Center Back,Lille,Ligue 1,7,0.12246974650730921,1.9896929464451547,-13.448982,29.33176
48347,Amadou Onana,Left Center Forward,Lille,Ligue 1,7,2.229156694526455,2.4779582448729864,16.311012,52.38522
3412,Assane Dioussé El Hadji,0,Saint-Étienne,Ligue 1,7,2.155801890746238,3.8094740990238822,10.277588,65.12577
4260,Romain Hamouma,Right Center Forward,Saint-Étienne,Ligue 1,4,0.20532869756707256,-1.92741702427418,11.521562,-33.825333
4894,Zaydou Youssouf,Right Defensive Midfield,Saint-Étienne,Ligue 1,2,-1.004262491176634,-0.6128877885233811,-27.958845,-11.060841
7190,Denis Bouanga,Left Wing,Saint-Étienne,Ligue 1,3,3.172734539457936,-5.020150333311486,23.887564,-59.46695
7193,Paul Bernardoni,Goalkeeper,Saint-Étienne,Ligue 1,0,-4.787527837417355,0.09701867365785172,-77.1023,-21.05021
7386,Harold Moukoudi,Right Center Back,Saint-Étienne,Ligue 1,7,1.716148524873656,1.9679782058411368,11.725932,10.1673975
10475,Mahdi Camara,Right Center Back,Saint-Étienne,Ligue 1,2,-1.1016352496524133,0.5634106485009385,-14.444606,-12.428194
12557,Falaye Sacko,Right Wing Back,Saint-Étienne,Ligue 1,7,0.7482027579611924,2.282388153097558,14.792585,31.264467
40807,Mickaël Nade,Left Center Back,Saint-Étienne,Ligue 1,1,-1.8354647476265848,0.7681709545911279,-27.87332,4.9200854
82428,Etienne Green,0,Saint-Étienne,Ligue 1,0,-4.541681282060393,0.6728053999922408,-70.429504,0.54039127
3811,Islam Slimani,Center Forward,Lyon,Ligue 1,6,-0.6908110799058474,-1.7651638328859376,5.929575,-45.809834
4308,Houssem Aouar,Left Wing,Lyon,Ligue 1,5,5.573201824719966,0.8240171921171298,54.614166,23.569181
4386,Damien Da Silva,0,Lyon,Ligue 1,2,-0.12825089720274152,0.7495955758961849,-2.1605713,14.542543
22600,Lucas Tolentino Coelho de Lima,Center Attacking Midfield,Lyon,Ligue 1,5,4.722356746949772,-1.0579203646789979,50.895657,-30.448008
25142,Bruno Guimarães Rodriguez Moura,Left Defensive Midfield,Lyon,Ligue 1,7,1.8150849364191133,2.104031925803849,23.271242,54.5433
32649,Mathis Rayan Cherki,Right Wing,Lyon,Ligue 1,4,0.007346355982416429,0.6870194664380309,-21.730158,-13.788986
33158,Maxence Caqueret,Right Defensive Midfield,Lyon,Ligue 1,5,6.3668132001789255,2.762937813214044,53.65642,20.64604
39018,Sinaly Diomande,Right Center Back,Lyon,Ligue 1,7,1.1762471580071665,3.178158237880779,11.955078,39.230564
39260,Malo Gusto,Right Back,Lyon,Ligue 1,7,1.4547393753889526,2.664650397334482,17.254238,33.80679
39420,Bradley Barcola,0,Lyon,Ligue 1,3,6.658364227370441,-5.71266969868774,18.156815,-63.431202
40185,Junior Castello Lukeba,0,Lyon,Ligue 1,1,1.5519855995978522,3.089977471226106,17.619669,31.174917
3038,Andy Delort,Right Center Forward,OGC Nice,Ligue 1,6,0.7202887152481404,-5.496046183267983,-7.2149963,-60.303238
3360,Walter Daniel Benítez,Goalkeeper,OGC Nice,Ligue 1,0,-4.611544857038222,0.39467571168786064,-77.323524,-11.174895
4435,Amine Gouiri,Left Midfield,OGC Nice,Ligue 1,2,-1.0481913618512841,-0.3999902609895822,-14.354794,-28.52949
8063,Justin Kluivert,Left Midfield,OGC Nice,Ligue 1,5,5.438006275089784,-0.2521925074550977,57.57624,3.0162337
10040,Youcef Atal,0,OGC Nice,Ligue 1,4,2.2441296280083183,0.7823471650160354,49.09854,-11.371772
22072,Khéphren Thuram-Ulien,Left Defensive Midfield,OGC Nice,Ligue 1,7,-0.2820489014107026,2.690429797722017,-5.2654386,61.1447
32015,Hichem Boudaoui,Right Midfield,OGC Nice,Ligue 1,1,1.334862481508945,1.4033963888964243,39.562126,27.628382
33221,Melvin Bard,Left Back,OGC Nice,Ligue 1,2,0.24046494092511742,2.563180482682745,6.473514,14.171818
3108,Baptiste Santamaría,Left Center Midfield,Rennes,Ligue 1,1,1.3774051033180286,-0.8114171597055975,24.657038,-11.594991
3190,Gaëtan Laborde,Center Forward,Rennes,Ligue 1,6,-1.3752753537684823,-4.446340362802168,12.5355015,-50.768436
3248,Hamari Traoré,Right Back,Rennes,Ligue 1,1,2.198100904328955,1.5843047835852386,35.52079,20.698105
3426,Benjamin Bourigeaud,Right Wing,Rennes,Ligue 1,7,1.1113384839777791,1.3263143129797936,15.721955,38.749676
4420,Martin Terrier,Left Wing,Rennes,Ligue 1,1,1.8425546975368585,-1.0563647283579218,12.464919,-26.420225
9102,Serhou Guirassy,Center Forward,Rennes,Ligue 1,6,-1.6311309979029038,-2.830909469244576,-17.629057,-38.61669
12149,Nayef Aguerd,Left Center Back,Rennes,Ligue 1,7,-0.062111520475556105,2.9039051464291514,-10.693597,32.471455
16353,Birger Meling,Left Back,Rennes,Ligue 1,1,0.11692474195226298,1.6167592101767079,3.5265248,9.232054
28914,Lovro Majer,Right Center Midfield,Rennes,Ligue 1,7,2.802027395254347,0.14680207869528558,23.677784,43.982944
35658,Kamaldeen Sulemana,Right Wing,Rennes,Ligue 1,4,5.957509257263386,-2.7542060836634747,47.941105,-42.130005
36360,Doğan Alemdar,Goalkeeper,Rennes,Ligue 1,0,-4.246091004307643,1.016289720981192,-77.98704,1.3260163
39265,Warmed Omari,Right Center Back,Rennes,Ligue 1,2,-2.568481465614816,1.3890483277461245,-26.331573,-7.1414456
22098,Azor Matusiwa,Right Defensive Midfield,Stade de Reims,Ligue 1,7,0.4003223153527499,4.737350055159623,1.3327795,63.573723
23922,Maxime Busi,Left Wing Back,Stade de Reims,Ligue 1,7,0.35258952581959874,2.3908941381603888,-9.0772295,54.165234
8534,Pablo Paulino Rosario,Right Defensive Midfield,OGC Nice,Ligue 1,7,0.6502519174843511,2.07042139175953,7.359806,41.189827
44738,Lesley Chimuanya Ugochukwu,Left Center Midfield,Rennes,Ligue 1,1,0.5231208372295968,1.3929942185508195,47.674145,-20.080746
2983,Jérémy Morel,0,Lorient,Ligue 1,7,0.09455750202125225,2.483661986768747,7.2936926,49.366463
7200,Fabien Lemoine,Left Defensive Midfield,Lorient,Ligue 1,7,2.030057606129334,2.434569001681386,28.677912,42.69625
29712,Ibrahima Koné,Left Center Forward,Lorient,Ligue 1,2,-3.240751634140641,-1.129525242853594,-42.66772,-19.377346
3432,Alexandre Letellier,0,Paris Saint-Germain,Ligue 1,0,-4.689117016178206,0.2204609513079784,-74.34265,-11.847769
43072,Jean-Philippe Krasso,Left Center Forward,Saint-Étienne,Ligue 1,4,0.3027544001674809,-4.215138760794755,14.877591,-44.325813
46008,Saidou Sow,0,Saint-Étienne,Ligue 1,5,3.8953722882282342,2.736987341820205,53.87203,7.067451
2981,Alban Lafont,Goalkeeper,Nantes,Ligue 1,0,-4.8341441140068495,0.02755150938552146,-76.27801,-21.181648
3143,Andrei Girotto,Center Defensive Midfield,Nantes,Ligue 1,1,0.9957065461124651,1.5773149319677278,15.41421,8.541439
3235,Ludovic Blas,Right Center Midfield,Nantes,Ligue 1,4,2.206872756300022,-1.9712796350683683,20.770351,-35.998116
3256,Nicolas Pallois,Left Center Back,Nantes,Ligue 1,1,0.49391425815477086,1.75167096765128,-7.546803,30.357473
3363,Marcus Coco,Left Center Forward,Nantes,Ligue 1,6,1.6402362394161065,-2.727961473993563,17.453455,-21.485182
4390,Charles Traoré,Left Wing Back,Nantes,Ligue 1,1,2.0801806184716205,1.1324286064743745,45.522614,12.544193
7426,Jean-Charles Castelletto,Right Center Back,Nantes,Ligue 1,2,-0.45802594256850254,1.0362693511251724,-15.89861,35.48359
8510,Jean-Kévin Augustin,0,Nantes,Ligue 1,4,1.423507170233234,-2.5317352156439394,14.080163,-37.49359
22097,Randal Kolo Muani,Right Center Forward,Nantes,Ligue 1,3,2.2084145426333537,-5.070622655948486,11.115829,-58.887043
22111,Dennis Appiah,Center Back,Nantes,Ligue 1,1,0.4692313553283238,0.505997496248043,12.027066,2.4969401
44225,Osman Bukari,Right Wing Back,Nantes,Ligue 1,4,2.824726704849175,-1.3218357796220908,39.06431,-17.809223
86586,Quentin Merlin,Left Wing Back,Nantes,Ligue 1,7,2.7906172310392763,0.46283530062349887,46.215923,-26.79967
3365,Valentin Rongier,Right Back,Marseille,Ligue 1,7,3.6360739764821806,2.1730863130679103,34.293137,40.889004
4433,Boubacar Kamara,Left Defensive Midfield,Marseille,Ligue 1,7,2.3836673844567815,4.7384075037301185,17.61902,65.2405
6981,Gerson Santos da Silva,Center Attacking Midfield,Marseille,Ligue 1,2,-1.7240174764705969,2.2983752718111012,-51.138397,14.316156
7345,Mattéo Guendouzi Olié,Right Defensive Midfield,Marseille,Ligue 1,1,2.8484814501425633,1.5906692217878784,45.926,26.029764
8105,Pol Mikel Lirola Kosok,Right Wing,Marseille,Ligue 1,5,5.856560580123991,0.9212005389178664,59.071983,1.5050206
17592,William Saliba,Right Center Back,Marseille,Ligue 1,7,0.8516528693439067,3.775097295976048,2.5667546,60.78359
21026,Pape Gueye,Left Defensive Midfield,Marseille,Ligue 1,7,1.2972054433707472,1.4729403712533111,20.916264,37.8505
22203,Luan Peres Petroni,Left Back,Marseille,Ligue 1,2,-1.4042137030952666,2.896261280918124,-20.097294,37.669342
33233,Leonardo Julián Balerdi Rossa,0,Marseille,Ligue 1,2,-1.6949686048125452,1.314985509457758,-43.173485,5.8443894
88123,Cheikh Ahmadou Bamba Mbacke Dieng,Center Forward,Marseille,Ligue 1,3,0.8377196513721396,-10.081149583284398,6.490867,-67.48743
3164,Marcelo Antônio Guedes Filho,Center Back,Bordeaux,Ligue 1,2,-0.5059048747831548,1.8767868817359346,-10.309304,35.346516
4776,Enock Kwateng,Right Wing Back,Bordeaux,Ligue 1,1,3.477124782939412,2.5911138488942886,40.816227,33.332336
8230,Josuha Guilavogui,Left Defensive Midfield,Bordeaux,Ligue 1,7,2.339478506650344,2.3350453154661057,28.335955,44.279232
23615,Gideon Mensah,Left Wing Back,Bordeaux,Ligue 1,7,1.0189044837531662,2.507157054011298,14.160224,36.320194
25041,Gaëtan Poussin,Goalkeeper,Bordeaux,Ligue 1,0,-3.6037399617247687,2.0576923287329576,-70.64282,11.23265
27016,Stian Rode Gregersen,Right Center Back,Bordeaux,Ligue 1,5,2.633462605610528,1.2305146841278236,56.65388,7.9264617
27652,Anel Ahmedhodžić,Left Center Back,Bordeaux,Ligue 1,2,-1.1210883570239858,3.694691217834763,-44.24924,10.333693
29966,Ui-Jo Hwang,Center Forward,Bordeaux,Ligue 1,6,-2.3634547733348925,-3.2670995073897995,-20.638027,-53.601112
35447,Jean Emile Junior Onana Onana,Right Defensive Midfield,Bordeaux,Ligue 1,7,1.3975194984973194,1.9050927973067615,9.35843,42.02733
39517,Timothee Pembele,0,Bordeaux,Ligue 1,1,-0.6505210351530989,-0.439217813351588,-0.7708115,-15.9575
2990,Benjamin André,Left Defensive Midfield,Lille,Ligue 1,7,3.4162905864256072,2.022570814337142,33.557156,40.212376
10582,Leonardo Cesar Jardim,0,Lille,Ligue 1,0,-3.769490238654229,1.6295835345906278,-76.58625,8.476243
16462,Hatem Ben Arfa,Right Center Forward,Lille,Ligue 1,4,1.8945445320577086,-2.8755768282483456,37.3992,-43.92854
21551,Sven Botman,Left Center Back,Lille,Ligue 1,5,5.794658760904938,-0.1926745230568055,59.947456,-17.891167
4326,Layvin Kurzawa,0,Paris Saint-Germain,Ligue 1,7,2.7888359984150717,1.7138884850931944,26.814613,52.382126
2952,Yoann Salmier,Left Center Back,Troyes,Ligue 1,2,-1.7830403736383078,2.077599674353418,-47.308483,9.305071
3419,Jessy Moulin,Goalkeeper,Troyes,Ligue 1,0,-4.52865140252625,0.6805030731862578,-71.855415,0.6509603
4378,Rominigue Kouamé N''Guessan,Right Defensive Midfield,Troyes,Ligue 1,7,2.16268451390003,2.4993782052556766,40.166023,23.08122
7364,Xavier Chavalerin,Left Wing,Troyes,Ligue 1,2,-1.5855792938975963,0.9231527863627388,-22.94246,-10.573343
7505,Renaud Ripart,Right Wing,Troyes,Ligue 1,6,0.9907425103074935,-1.3250927858564088,-11.3869095,-7.9772286
12064,Mama Samba Baldé,Center Forward,Troyes,Ligue 1,3,1.4416988516786708,-4.924060308811015,23.976864,-57.51045
16078,Erik Palmer-Brown,Center Back,Troyes,Ligue 1,1,-0.5253074870774249,0.17931860473787384,8.3964815,6.6992335
22073,Giulian Biancone,Right Center Back,Troyes,Ligue 1,5,6.50914647908527,2.4871047889523528,60.57481,8.623864
31015,Abdu Conté,Left Center Back,Troyes,Ligue 1,2,-1.6419231946363764,1.649905576383127,-24.079802,35.112972
34793,Yasser Larouci,Left Wing Back,Troyes,Ligue 1,4,-0.2372011859930814,0.04766472789118273,-15.728527,-20.691095
35471,Issa Kabore,Right Wing Back,Troyes,Ligue 1,1,1.6382733672853467,0.8829534890810343,37.70751,1.332877
3414,Vincent Pajot,Right Defensive Midfield,Metz,Ligue 1,2,0.6302223609719487,0.581431773809683,20.71062,22.595247
7295,Sikou Niakate,Left Center Back,Metz,Ligue 1,7,-0.09363181035664836,3.317032593648524,3.2839787,54.575684
22318,Marc-Aurèle Caillard,Goalkeeper,Metz,Ligue 1,0,-5.307391463133466,-0.5827738160372617,-70.58991,-24.990692
23331,Boubakar Kouyate,Center Back,Metz,Ligue 1,7,-0.08693355646673809,2.972510073011338,-18.05503,56.64046
30447,Jean-Armel Kana-Biyik,Left Center Back,Metz,Ligue 1,2,-0.6418081136681152,1.2025348222200922,-15.622465,26.293173
41052,Fali Candé,Left Wing Back,Metz,Ligue 1,2,-2.2011951617256864,0.6288888295838108,-55.788174,11.676289
50498,Pape Matar Sarr,Right Wing,Metz,Ligue 1,1,1.4598310826489915,0.5927937404415158,33.308582,20.497766
58878,Boubacar Traore,Left Defensive Midfield,Metz,Ligue 1,5,3.739154362904841,0.38112915469537545,56.50417,8.102315
3510,Sead Kolašinac,0,Marseille,Ligue 1,7,0.5358687826692303,1.35750940442072,6.6677465,34.38953
4412,Samuel Moutoussamy,Right Defensive Midfield,Nantes,Ligue 1,2,0.5563100265977375,0.510100433169299,17.088562,35.72518
34953,Denis Petrić,0,Nantes,Ligue 1,0,-4.697279612834404,0.2833302187270079,-76.5688,-14.971268
7367,Grejohn Kyei,Right Center Forward,Clermont Foot,Ligue 1,6,-0.03909446093516519,-5.018804741623384,-2.8538818,-60.37526
7562,Florent Ogier,Left Center Back,Clermont Foot,Ligue 1,2,-2.617254118447729,1.9200548854804906,-49.897175,9.1074705
7626,Johan Gastien,Left Defensive Midfield,Clermont Foot,Ligue 1,7,3.912740427343514,3.906294384603978,22.096502,63.185078
8454,Mohamed Bayo,Center Forward,Clermont Foot,Ligue 1,6,-2.44563338539926,-3.9973284806845473,2.8688674,-56.64164
19019,Arial Benabent Mendy,Left Back,Clermont Foot,Ligue 1,2,-1.2289058410211773,0.6897084493545669,-28.486986,-11.690903
22125,Arthur Desmas,Goalkeeper,Clermont Foot,Ligue 1,0,-4.333179021548962,0.9728700573531309,-69.13177,4.4079375
22137,Yohann Magnin,Right Defensive Midfield,Clermont Foot,Ligue 1,7,-0.16410659350455006,1.8255345485072318,9.105232,41.74756
28376,Jim Allevinah,Left Midfield,Clermont Foot,Ligue 1,1,0.7857971046967465,0.31407418023764655,36.06949,-2.1814575
30234,Akim Zedadka,Right Back,Clermont Foot,Ligue 1,2,-1.8178694999895644,1.7695674560507102,-51.44759,14.073283
36552,Ouparine Djoco,0,Clermont Foot,Ligue 1,0,-4.8945801988183355,0.1389429270099414,-67.13933,-3.4266708
45047,Alidu Seidu,Right Center Back,Clermont Foot,Ligue 1,2,-0.18946827602070632,1.3955399266312722,-18.230938,34.077477
9989,Carl Gerard McHugh,Left Defensive Midfield,ATK Mohun Bagan,Indian Super league,7,0.3181639027355668,2.530399072166229,1.1344259,48.351162
124741,Manvir Singh,Right Wing,ATK Mohun Bagan,Indian Super league,6,-0.26516085066821243,-2.176420588549077,5.113212,-49.64951
124756,Subhasish Bose,Left Wing,ATK Mohun Bagan,Indian Super league,1,1.4197320167630627,0.9804434588777914,14.969664,21.639236
124772,Pritam Kotal,Right Center Back,ATK Mohun Bagan,Indian Super league,2,-1.044233019134026,1.9762004420004133,-18.61452,36.864582
124773,Amrinder Singh,Goalkeeper,ATK Mohun Bagan,Indian Super league,0,-4.1580360797236695,1.0507074373968266,-72.77918,4.000032
124907,Liston Colaco,Left Wing,ATK Mohun Bagan,Indian Super league,3,1.6982226557631055,-4.1771130486364125,26.119268,-48.930878
163337,Ashutosh Mehta,Right Back,ATK Mohun Bagan,Indian Super league,2,-0.6189077503919183,1.1891918514472937,-12.152455,19.798956
163339,Prabir Das,Left Back,ATK Mohun Bagan,Indian Super league,2,0.10521247552579142,0.6209821012173388,6.4245157,27.56027
163340,Deepak Tangri,Right Defensive Midfield,ATK Mohun Bagan,Indian Super league,2,-1.2054374652588178,0.7114832891904047,-38.375233,3.6155353
163342,Hugo Adnan Boumous,Center Attacking Midfield,ATK Mohun Bagan,Indian Super league,4,2.8459334050162486,-0.7425984592882863,39.668835,-39.707687
163343,Lenny Rodrigues,Right Defensive Midfield,ATK Mohun Bagan,Indian Super league,1,0.2524291958089662,1.829935876073887,14.222372,29.099672
163344,Roy Krishna,Center Forward,ATK Mohun Bagan,Indian Super league,3,-0.44517160621831525,-3.7738827355205284,7.5176296,-56.82179
163345,David Joel Williams,Center Forward,ATK Mohun Bagan,Indian Super league,3,1.759455919102859,-3.1015679551438398,21.843792,-56.925426
163362,Kiyan Nassiri Giri,0,ATK Mohun Bagan,Indian Super league,3,0.6554378601691948,-3.661058555769458,9.287107,-61.45061
170691,José Luis Espinosa Arroyo,Left Center Back,ATK Mohun Bagan,Indian Super league,7,-0.38479722739637406,3.27747388277459,-2.1988122,40.487373
33419,Joel Joseph Chianese,Center Attacking Midfield,Hyderabad,Indian Super league,4,0.8170183565718003,-1.7745378434316468,29.86052,-33.337
41858,Javier Siverio Toro,Center Forward,Hyderabad,Indian Super league,6,0.28050651139781096,-5.994974233023707,-9.367402,-61.167305
124782,Nikhil Poojary,Right Wing,Hyderabad,Indian Super league,1,-0.542795839244769,-1.1331623006290847,5.393,-15.605156
124903,Akash Mishra,Left Back,Hyderabad,Indian Super league,1,1.6512246086690037,1.154793224480806,12.973873,21.87063
125110,Konsham Chinglensana Singh,Right Center Back,Hyderabad,Indian Super league,2,-1.6649535643736169,1.5954640188880254,-16.619719,22.922123
163353,Seityasen Singh,Left Wing,Hyderabad,Indian Super league,4,1.676323643221872,-2.4260388265539827,38.412014,-46.141575
164477,Gurmeet Singh,0,Hyderabad,Indian Super league,0,-4.916423035174169,-0.06991381807326713,-77.42669,-28.80446
164478,Nim Dorjee Tamang,0,Hyderabad,Indian Super league,1,0.34849602510619987,1.0574049276315838,1.2991446,12.488365
164482,Laxmikant Kattimani,Goalkeeper,Hyderabad,Indian Super league,0,-4.846041703546891,0.10764950905457304,-73.954254,-15.866092
164483,Juan Antonio González Fernández,Left Center Back,Hyderabad,Indian Super league,2,-2.1786113979977184,0.9543262697033872,-36.884296,10.540779
164485,Asish Rai,Right Back,Hyderabad,Indian Super league,1,2.3865558021495272,1.0819397927548788,41.115253,12.023211
164486,Eduardo García Martín,Center Attacking Midfield,Hyderabad,Indian Super league,4,1.2199889047638002,-1.37458612933981,33.818176,-35.03545
164487,Sahil Tavora,Right Defensive Midfield,Hyderabad,Indian Super league,1,2.8770366281736113,0.6972601192145571,32.300026,18.282175
164488,Hitesh Sharma,Right Defensive Midfield,Hyderabad,Indian Super league,1,1.962050883740771,1.4072362863455878,34.517567,18.812489
164490,Souvik Chakrabarti,0,Hyderabad,Indian Super league,1,0.24318700664383236,-0.02033613175348692,3.1796079,18.430199
164491,Rohit Danu,Right Wing,Hyderabad,Indian Super league,6,-1.0040283821019396,-2.3759479132563768,4.294762,-32.98708
166022,Aniket Anil Jadhav,Left Wing,Hyderabad,Indian Super league,4,0.1118609736202643,-3.2697080516796793,18.879057,-37.931713
4036,Bradden Inman,Center Forward,Mumbai City,Indian Super league,2,-0.2866937590217374,0.5949315701877493,-0.864804,-14.9068985
8038,Igor Angulo Albóniga,Center Forward,Mumbai City,Indian Super league,3,-0.5041524305339073,-4.886936211244139,7.872428,-58.86608
45004,Ygor de Oliveira Ferreira,Right Wing,Mumbai City,Indian Super league,3,2.059713439619012,-5.2398571246532075,1.0970135,-63.43874
124747,Rahul Bheke,Left Center Back,Mumbai City,Indian Super league,7,-0.4812616850195205,1.6612465992100474,-8.503595,41.49991
124769,Vinit Rai Chamling,Left Defensive Midfield,Mumbai City,Indian Super league,7,1.4384388960752643,2.3381053239605047,19.96848,32.064133
124770,Mandar Rao Desai,0,Mumbai City,Indian Super league,7,-0.035426362644565945,2.3305774842434475,-20.02741,53.703365
124902,Bipin Singh Thounajam,Left Wing,Mumbai City,Indian Super league,4,-0.865220124202362,-2.2502888449302927,9.214264,-35.354675
124905,Lalengmawia Ralte,Right Defensive Midfield,Mumbai City,Indian Super league,7,1.3176239596802053,2.4349557712397343,21.963259,33.074654
126145,Raynier Fernandes,Right Wing,Mumbai City,Indian Super league,4,-0.14119362366763913,-0.2272839171155836,-11.507777,-23.2677
159765,Cássio Gabriel Vilela Ferreira,Center Attacking Midfield,Mumbai City,Indian Super league,4,2.3507880069538376,-1.3122475585143059,33.299263,-38.371628
159766,Phurba Tempa Lachenpa,Goalkeeper,Mumbai City,Indian Super league,0,-3.9923293088838308,1.338991983458076,-72.53359,7.374885
159767,Amey Ganesh Ranawade,Right Back,Mumbai City,Indian Super league,2,-1.0805688617820457,1.8541939777796141,-38.784355,13.803353
159768,Mehtab Singh,0,Mumbai City,Indian Super league,2,-1.2687771858996009,1.9466247820806097,-40.336555,14.679134
159769,Mohamad Rakip,0,Mumbai City,Indian Super league,1,0.29593144178528763,1.6329897123256651,10.63326,18.56005
159770,Serigne Mourtada Fall,Right Center Back,Mumbai City,Indian Super league,2,-0.5242060396145982,1.5321266858529878,-13.782747,38.28767
159771,Ahmed Jahouh,Left Defensive Midfield,Mumbai City,Indian Super league,7,5.4107966781230346,2.380530583841695,36.73127,40.175373
159772,Vignesh Dakshinamurthy,Left Back,Mumbai City,Indian Super league,2,0.49337639638399367,1.4541394311815505,7.3075767,28.753027
159775,Mohammad Nawaz,0,Mumbai City,Indian Super league,0,-4.293313809045675,0.8356467033367284,-77.99077,-1.2657006
80416,Darren Sidoel,Right Midfield,East Bengal,Indian Super league,2,-0.6224448198492843,-0.14011103277460007,0.7962131,-25.351467
124760,Adil Khan,Left Center Back,East Bengal,Indian Super league,1,0.4690052424874375,0.6978115688960086,3.9118958,3.572133
124783,Balwant Singh,Right Center Midfield,East Bengal,Indian Super league,6,-0.5799230945898792,-3.644811699333765,-18.361223,-55.750675
128257,Jackichand Singh,Left Midfield,East Bengal,Indian Super league,2,-2.0576301518931785,-1.5501854870444747,-25.833145,-33.14285
161091,Daniel Chima Chukwu,Center Forward,East Bengal,Indian Super league,6,0.07170261792615798,-5.5681273994310105,-5.7195206,-59.46338
161092,Amir Derviševič,0,East Bengal,Indian Super league,1,0.8801064795490368,0.7984043149183574,16.266422,12.927358
161093,Bikash Jairu,Left Midfield,East Bengal,Indian Super league,2,-2.2051478526103683,0.351236517014243,-19.356178,12.701242
161094,Mohammed Rafique,Right Midfield,East Bengal,Indian Super league,1,1.3979499182091262,0.34210451634799294,36.59829,13.33157
161095,Wahengbam Angousana Luwang,Right Center Midfield,East Bengal,Indian Super league,2,-0.8303500819420885,0.9982349799084882,-14.524652,21.079851
161106,Amarjit Singh Kiyam Singh,Right Back,East Bengal,Indian Super league,1,-0.26028294148444736,0.23612068541051048,0.78351504,-1.08612
161107,Arindam Bhattacharja,Goalkeeper,East Bengal,Indian Super league,0,-4.509306336779411,-0.2852395151564698,-43.52527,45.15602
161108,Hira Mondal,Left Back,East Bengal,Indian Super league,2,-1.153403272200537,0.6830952084254787,0.4879967,9.318848
161109,Sourav Das,Center Defensive Midfield,East Bengal,Indian Super league,1,-0.15494534195074525,0.6098562628864237,2.5151937,8.991864
161110,Lalrinliana Hnamte,Right Midfield,East Bengal,Indian Super league,1,0.35570882603133397,-1.8402207880727144,18.062487,-20.034443
161112,Joyner Lourenco,Right Center Back,East Bengal,Indian Super league,1,0.4097057306622986,0.9245581879339514,7.730551,5.0381274
161114,Thongkhosiem Haokip,Left Center Midfield,East Bengal,Indian Super league,6,-1.5041758745502425,-4.275548347080262,-20.040459,-56.054665
166425,Naorem Mahesh Singh,0,East Bengal,Indian Super league,1,1.643230394159007,-1.6002371407185425,22.454592,-18.503248
167381,Sankar Roy,0,East Bengal,Indian Super league,0,-4.517227829262322,0.5967377919892449,-79.56632,-9.045252
180057,Ankit Mukherjee,Right Center Back,East Bengal,Indian Super league,1,-1.6615781219555712,-0.007128579384595178,-31.48893,-2.240688
13607,Airam López Cabrera,Center Attacking Midfield,Goa,Indian Super league,3,-1.1898657696606265,-3.8596435079349,11.175645,-64.69202
26571,Alberto Noguera Ripoll,Right Center Forward,Goa,Indian Super league,7,3.3483585681519483,1.4461602099073918,28.52186,53.635647
35039,Iván Garrido González,Center Back,Goa,Indian Super league,7,2.6039101531663715,2.7334588487449585,31.504505,45.361717
124906,Glan Martins,Right Defensive Midfield,Goa,Indian Super league,1,2.9832151010346144,2.0037893187336313,37.262356,19.877365
124911,Dheeraj Singh Moirangthem,0,Goa,Indian Super league,0,-4.550108433907393,0.5291126219118544,-69.59323,-2.3536005
159764,Jorge Ortiz Mendoza,Left Center Forward,Goa,Indian Super league,3,2.995325376801699,-4.076837106561322,37.663746,-50.39533
159776,Sanson Pereira,0,Goa,Indian Super league,2,-0.4281635888545852,2.085617455669079,-2.8445985,39.392944
159777,Leander D''Cunha,0,Goa,Indian Super league,7,1.5272206552245244,2.109918230669425,29.80551,27.066366
159778,Seriton Fernandes,Right Wing Back,Goa,Indian Super league,7,-0.08780937958666911,1.751104138426369,0.5350466,35.81409
159779,Saviour Gama,Left Wing Back,Goa,Indian Super league,2,0.1367024667861369,0.28711146734523846,4.2880263,17.615885
159780,Aibanbha Kupar Dohling,Left Center Back,Goa,Indian Super league,7,0.5076135879321657,1.5411190240700228,-1.3974789,41.25971
159781,Princeton Rebello,0,Goa,Indian Super league,7,0.6493412539459241,1.8555908574242064,-1.0424685,49.6559
159783,Devendra Dhaku Murgaokar,Right Center Forward,Goa,Indian Super league,6,-0.36412616327540676,-3.3100632247112585,-1.8078538,-52.168175
165322,Naveen Kumar,Goalkeeper,Goa,Indian Super league,0,-4.424667541436717,0.804129999951261,-66.59068,5.1105795
165324,Makan Winkle Chote,Left Wing Back,Goa,Indian Super league,4,-0.283205863307526,-0.6488114300171484,-16.044258,-26.915403
165325,Muhammed Nemil Valiyattil,Center Attacking Midfield,Goa,Indian Super league,4,0.9783399931112876,-0.7115484864325105,28.45975,-24.286835
170219,Mohamed Ali,0,Goa,Indian Super league,2,-1.0855276767741506,1.3666946845288948,-24.14025,36.737736
181868,Anisa Anwar Ali,Right Center Back,Goa,Indian Super league,7,0.6215619010630782,2.0529401698387444,-3.6370997,41.455856
51364,Vladimir Koman Jr.,Center Defensive Midfield,Chennaiyin,Indian Super league,7,1.5541871869100787,1.6461949464327936,19.574059,46.687286
73486,Nerijus Valskis,Left Center Forward,Chennaiyin,Indian Super league,6,-1.8298781158283564,-3.290313224778705,-0.6625745,-54.452705
89499,Slavko Damjanović,Center Back,Chennaiyin,Indian Super league,2,-1.2152525100565061,1.3853952593834444,-15.164967,23.652693
124743,Lallianzuala Chhangte,Left Center Midfield,Chennaiyin,Indian Super league,4,0.9593318495971906,-1.9532207015749599,18.607656,-33.88431
124759,Anirudh Thapa,Right Center Midfield,Chennaiyin,Indian Super league,2,0.25514796103842163,0.6127309224686185,4.4603734,21.378002
125212,Mirlan Murzaev,Right Center Forward,Chennaiyin,Indian Super league,4,2.419676225293675,-2.618603360899871,20.562,-38.966915
164476,Łukasz Gikiewicz,Left Center Forward,Chennaiyin,Indian Super league,6,-0.48716330581559536,-2.7057115414817465,-11.774046,-53.46408
164479,Khumanthem Ninthoinganba Meetei,0,Chennaiyin,Indian Super league,4,0.5878490485069782,-0.695723381686714,16.609089,-25.802315
164480,Debjit Majumder,Goalkeeper,Chennaiyin,Indian Super league,0,-4.077578559802464,0.44574190038715733,-41.65899,39.83363
164481,Narayan Das,Left Center Back,Chennaiyin,Indian Super league,2,-1.3407181483558384,1.3012764550981328,-19.398954,17.880724
164492,Vishal Kaith,0,Chennaiyin,Indian Super league,0,-4.722887313268932,0.33983611072372855,-72.77218,-9.439963
164493,Keisham Reagan Singh,Right Wing Back,Chennaiyin,Indian Super league,2,-0.4310170563494786,1.2510313565756248,5.9032507,22.733137
164494,Salam Ranjan Singh,0,Chennaiyin,Indian Super league,2,-1.8070800158274116,1.567134475437731,-24.702314,32.692616
164495,Edwin Sydney Vanspaul,Left Center Midfield,Chennaiyin,Indian Super league,1,1.086431327088272,0.3901715749609566,22.948824,20.240866
164496,Jerry Lalrinzuala,Left Wing Back,Chennaiyin,Indian Super league,1,0.40742180247612264,1.4131745410962353,11.341345,16.861902
164499,Rahim Ali,0,Chennaiyin,Indian Super league,4,2.3542931159273666,-1.6332836720749366,37.607376,-16.505013
164501,Syed Suhail Pasha,0,Chennaiyin,Indian Super league,1,0.7562406071388529,-1.5761703958673212,15.165301,2.836051
167009,Germanpreet Singh,Center Defensive Midfield,Chennaiyin,Indian Super league,2,-0.2484922834267638,-0.03550398380848838,-1.2015175,4.6140604
179458,Mohammad Sajid Dhot,Right Center Back,Chennaiyin,Indian Super league,2,-2.6678023466783616,0.09856811643657806,-49.49151,-1.1122273
33487,Dylan Fox,Center Back,Goa,Indian Super league,2,-2.175079187825316,1.3256071539168945,-46.77274,12.820158
159782,Alexander Romario Jesuraj,0,Goa,Indian Super league,3,0.44219600529399594,-2.842015927738858,21.871065,-56.33239
159785,Hrithik Tiwari,0,Goa,Indian Super league,0,-4.7063992655519185,0.2626507589739626,-70.36557,-7.2659726
159788,Nongdamba Singh Naorem,Left Center Forward,Goa,Indian Super league,4,-0.6253567828661699,-1.1381797913008391,-10.249675,-24.398087
32945,Franjo Prce,Left Center Back,East Bengal,Indian Super league,2,-0.9205080021892098,0.7471676888483114,-18.96095,24.445719
33638,Tomislav Mrčela,Right Center Back,East Bengal,Indian Super league,2,-2.089978678852689,0.5213274948088749,-33.797848,6.2201767
161111,Antonio Perošević,Right Center Forward,East Bengal,Indian Super league,6,1.333695697548082,-4.9915247405046985,10.299612,-45.006798
161115,Suvam Sen,Goalkeeper,East Bengal,Indian Super league,0,-4.724226960689192,0.28364594333125404,-72.31212,-9.090871
166424,Raju Eknath Gaikwad,Right Back,East Bengal,Indian Super league,2,-2.1888515558472497,0.037814083599296944,-10.614587,8.577384
9981,Peter Hartley,Left Center Back,Jamshedpur,Indian Super league,2,-1.2908179497110088,-0.6451732955723326,-25.03709,18.59367
13322,Greg Stewart,Left Center Forward,Jamshedpur,Indian Super league,3,2.267386818596804,-3.3358242684925945,32.491474,-48.899822
33500,Jordan Murray,Right Center Forward,Jamshedpur,Indian Super league,6,-0.018235349811726,-5.945831334471501,-9.436357,-62.44133
124777,Narender Gahlot,Left Defensive Midfield,Jamshedpur,Indian Super league,2,-2.800083671031762,-0.6359361902035698,-43.56965,-12.720229
124910,Pronay Halder,Left Defensive Midfield,Jamshedpur,Indian Super league,2,-1.2215777816860043,0.3037463306347195,-14.311618,6.4354835
124914,Ishan Pandita,0,Jamshedpur,Indian Super league,3,-0.8399231934205786,-6.630577142064377,3.5278442,-66.77
127057,Seminlen Doungel,Right Midfield,Jamshedpur,Indian Super league,5,4.021461310133089,-2.2102112417448305,50.83277,3.7816086
161096,Pawan Kumar,0,Jamshedpur,Indian Super league,0,-4.459455462305426,0.34057247008463276,-72.94484,-6.9213014
161097,Rehnesh Thumbirumbu Paramba,Goalkeeper,Jamshedpur,Indian Super league,0,-4.623423920450551,-0.45836658371998124,-43.66793,45.24094
161098,Boris Singh Thangjam,Right Midfield,Jamshedpur,Indian Super league,4,0.7977487578513399,-2.029686343024658,20.398417,-19.449171
161099,Ricky Lallawmawma,Left Back,Jamshedpur,Indian Super league,2,-0.6798985905869401,1.2112794107707845,-3.721812,8.629116
161100,Laldinliana Renthlei,Right Back,Jamshedpur,Indian Super league,2,-0.6294250985554178,0.802302792813672,-8.834404,9.617991
161101,PC Laldinpuia,0,Jamshedpur,Indian Super league,1,0.4623746528448239,1.8446736375091952,7.8930283,14.428251
161102,Eli Sabia Filho,Right Center Back,Jamshedpur,Indian Super league,2,-1.6269992637656305,0.2141849629573028,-21.46969,20.004051
161104,Jitendra Singh,Right Defensive Midfield,Jamshedpur,Indian Super league,2,-1.0079962259999973,-0.18999395052356383,-1.9015117,-3.3769062
161105,Komal Thatal,Left Midfield,Jamshedpur,Indian Super league,6,-1.3945637270401556,-2.7759260908422405,7.2939415,-34.52309
161116,Alexandre Monteiro de Lima,Left Center Forward,Jamshedpur,Indian Super league,1,1.6562305208212973,-0.21187910745800986,35.00305,-16.980515
161117,Ritwik Kumar Das,0,Jamshedpur,Indian Super league,4,1.3056218233543009,-2.8918493486744925,16.58436,-35.812416
8150,Francisco Javier Hernández González,Center Attacking Midfield,Odisha,Indian Super league,4,0.9326349483653796,-3.1557078782278056,25.444988,-47.278732
24268,Ariday Cabrera Suárez,Left Wing,Odisha,Indian Super league,3,0.8264345751234692,-4.072911593727339,22.619774,-59.25236
100434,Liridon Krasniqi,Right Defensive Midfield,Odisha,Indian Super league,5,4.663558159987758,1.3933276652033737,49.851646,25.83813
124784,Kamaljit Singh,Goalkeeper,Odisha,Indian Super league,0,-4.661116067639853,0.15547155330340254,-74.12141,-11.603512
162201,Víctor Mongil Adeva,Left Center Back,Odisha,Indian Super league,2,-0.38431817281734876,2.0304050774075786,-11.871625,33.738983
162212,Lalruatthara Lalruatthara,Left Back,Odisha,Indian Super league,2,-0.89828522735452,0.9556011165428084,-15.034932,16.192915
162213,Hendry Antonay,Right Back,Odisha,Indian Super league,2,-1.4098744970284889,0.7897307495266318,-13.693141,14.525853
162214,Jerry Mawihmingthanga,Right Wing,Odisha,Indian Super league,1,0.7840241704863422,-1.420777304204531,18.757475,-15.181575
162216,Moirangthem Thoiba Singh,0,Odisha,Indian Super league,2,-0.7552407513506992,0.17448262191439126,-1.933011,-3.7137513
162217,Isak Vanlalruatfela,0,Odisha,Indian Super league,5,5.502420808311971,-2.4325466107226474,59.494595,-18.945755
162218,Lalhrezuala Sailung,Right Back,Odisha,Indian Super league,1,0.9938159266120703,1.688136242638729,39.354008,11.139386
162219,Isaac Vanmalsawma Chhakchhuak,Center Attacking Midfield,Odisha,Indian Super league,1,0.9143621682027124,1.0099265009118787,12.467187,29.60573
162221,Daniel Lalhlimpuia,0,Odisha,Indian Super league,6,-1.919311915633666,-2.810406939890314,0.6817957,-53.222065
162222,Gaurav Bora,Right Center Back,Odisha,Indian Super league,2,-1.6982657080581414,1.3867803356451418,-38.44437,10.854184
171646,Paul Ramfangzauva,Right Defensive Midfield,Odisha,Indian Super league,2,0.3687600415575291,0.41021256096050973,-19.706903,32.291042
159773,Vikram Pratap Singh,Right Wing,Mumbai City,Indian Super league,6,0.2906239803425513,-4.094324407560614,12.494762,-48.380253
159786,Lalhmangaihsanga Ralte,Right Center Back,Goa,Indian Super league,2,-0.4931981548927001,2.160090205647642,-21.277275,39.24074
20837,Marko Lešković,Left Center Back,Kerala Blasters,Indian Super league,2,-0.5536447742998724,1.6877400424816376,-17.200455,36.530945
26304,Adrián Nicolás Luna Retamar,Left Midfield,Kerala Blasters,Indian Super league,1,1.9337799464876992,-0.02774170080712982,34.11944,-18.725872
28251,Jorge Rolando Pereyra Díaz,Left Center Forward,Kerala Blasters,Indian Super league,6,-0.25996178980947743,-4.154334235468583,-2.039337,-57.920837
124750,Sahal Abdul Samad,Right Midfield,Kerala Blasters,Indian Super league,1,1.3501513047291809,-2.11680270399418,20.914394,-19.02112
127056,Nishu Kumar Tashni,0,Kerala Blasters,Indian Super league,1,1.3974152124535741,-0.5418891871283879,28.974041,-20.063137
163335,Chencho Gyeltshen,Left Midfield,Kerala Blasters,Indian Super league,5,5.475165993635926,-4.157921648134838,52.288982,-35.541344
163347,Prabhushkan Singh Gill,Goalkeeper,Kerala Blasters,Indian Super league,0,-5.013739091653049,-0.22079755459081515,-76.007805,-27.685583
163350,Jessel Carneiro,Left Back,Kerala Blasters,Indian Super league,2,-1.4306131091502425,1.0896579637191894,-14.736648,17.983353
163351,Soraisham Sandeep Singh,0,Kerala Blasters,Indian Super league,1,0.4840016792969598,0.8489643400596832,9.819889,16.543545
163352,Prasanth Karuthadathkuni,Right Midfield,Kerala Blasters,Indian Super league,4,-0.15555498046184021,-2.118214398621867,22.071245,-34.60858
163355,Jeakson Singh Thaunaojam,Right Defensive Midfield,Kerala Blasters,Indian Super league,2,0.3571868839415617,0.8251643296744459,4.8954687,20.657621
163356,Harmanjot Singh Khabra,Right Back,Kerala Blasters,Indian Super league,2,-1.0061183527773354,0.9690881346594853,-12.948273,18.84512
163357,Lalthathanga Khawlhring,Left Defensive Midfield,Kerala Blasters,Indian Super league,2,0.2281004894021203,0.5599254718623201,3.7884095,20.342604
163358,Ayush Adhikari,Left Defensive Midfield,Kerala Blasters,Indian Super league,2,0.2966637855615222,0.22096955155944123,3.3302813,19.275217
163359,Bijoy Varghese,Right Center Back,Kerala Blasters,Indian Super league,2,-0.4507946834964932,1.099412904447505,-12.626751,23.537632
164338,Enes Sipović,Right Center Back,Kerala Blasters,Indian Super league,2,-1.888002019510018,1.3466363351712538,-38.32821,11.096227
164339,Vincy Barretto,Left Center Forward,Kerala Blasters,Indian Super league,6,1.6623520087120467,-3.6011684687271495,19.486298,-23.672995
175653,Moirangthem Givson Singh,0,Kerala Blasters,Indian Super league,2,-2.152573411029585,0.09907415244555579,-44.195057,-1.2702022
179491,Redeem Tlang,0,Goa,Indian Super league,4,2.8188368094513625,-1.275038424370138,39.040333,-17.742035
162215,Nandhakumar Sekar,Left Midfield,Odisha,Indian Super league,4,-0.1376615431205658,-1.8353059117949175,20.730576,-30.934813
162220,Arshdeep Singh Saini,0,Odisha,Indian Super league,0,-4.2976358882950505,0.9402266253580337,-78.31255,0.7193192
179263,Sahil Panwar,Left Back,Odisha,Indian Super league,2,-1.119071678494496,1.406326177434596,-13.655129,15.576426
26565,Bruno Edgar Silva Almeida,Center Defensive Midfield,Bengaluru,Indian Super league,1,0.461355183433006,1.7223774136440837,10.930614,23.872522
27116,Alan Henrique Costa,Left Center Back,Bengaluru,Indian Super league,7,-0.2115957803000479,2.12200387151014,-10.432446,41.557755
83332,Prince Vinny Ibara Doniama,Right Wing,Bengaluru,Indian Super league,6,0.6808421375177772,-3.5112894412964657,7.3209634,-49.34527
124745,Muhammad Ashique Kuruniyan,Left Back,Bengaluru,Indian Super league,1,0.406197070483338,0.6486323351319802,1.9123917,11.374097
124748,Sunil Chhetri,Left Wing,Bengaluru,Indian Super league,6,-0.3425120461212899,-2.543282130899878,4.8403115,-50.41978
124758,Gurpreet Singh Sandhu,Goalkeeper,Bengaluru,Indian Super league,0,-4.3558636445966314,0.7736381509764843,-77.1634,-1.7973224
124904,Suresh Singh Wangjam,Right Center Midfield,Bengaluru,Indian Super league,1,1.4358367478704253,1.1368514451310534,37.83103,16.210392
162202,Lara Sharma,0,Bengaluru,Indian Super league,0,-4.715747915751059,0.29079999898069275,-73.33956,-9.931326
162203,Pratik Prabhakar Chaudhari,Right Center Back,Bengaluru,Indian Super league,2,-1.2628453111788007,0.9478230838770921,-20.077644,25.20809
162206,Danish Farooq Bhat,Right Center Midfield,Bengaluru,Indian Super league,1,0.4860978200759163,-1.3517870503141394,19.607399,-19.37924
162207,Jayesh Dilip Rane,Left Center Midfield,Bengaluru,Indian Super league,1,0.10847952405675164,-1.323627262448181,5.565997,-28.444149
162208,Naorem Roshan Singh,Right Back,Bengaluru,Indian Super league,1,2.519886716594093,1.7661181351889366,51.43311,-12.006875
162209,Cleiton Augusto Oliveira Silva,Center Forward,Bengaluru,Indian Super league,3,0.29745218367663584,-3.7704798200645686,7.6906896,-55.822586
162211,Damaitphang Lyngdoh,0,Bengaluru,Indian Super league,4,0.5279914264424571,-0.8970716134068198,-16.428904,-16.227186
166560,Wungngayam Muirang,0,Bengaluru,Indian Super league,2,-1.871580477050979,1.0107635704404923,-25.692593,32.178898
166562,Edmund Lalrindika,Right Wing,Bengaluru,Indian Super league,2,-2.782176973601655,-1.2280434981562227,-42.481148,-19.909657
169441,Rohit Kumar,0,Bengaluru,Indian Super league,2,-0.921369536517102,1.322737253537491,-21.420372,37.851562
161103,Mohammad Mobashir Rahman,Left Midfield,Jamshedpur,Indian Super league,2,-0.32667266403601714,-0.705055705081428,-0.33749005,-15.665365
166558,Hormipam Ruivah,Right Center Back,Kerala Blasters,Indian Super league,2,-1.1116999510151806,1.1803404776987658,-15.685438,14.749335
32394,Khassa Camara,Left Defensive Midfield,NorthEast United,Indian Super league,7,0.7987076151909073,0.9994105336763857,-4.622478,33.85824
34164,Patrick Flottmann,Left Center Back,NorthEast United,Indian Super league,2,-1.9506474661575572,0.8288438786241732,-20.76186,17.384771
162748,Provat Lakra,Right Back,NorthEast United,Indian Super league,1,1.4095440410343787,1.2066315558094585,39.4862,9.437121
162749,Gurjinder Kumar,Left Back,NorthEast United,Indian Super league,2,-0.624415698760326,0.944299488582973,-12.577873,19.387001
162751,Rochharzela Rochharzela,Right Midfield,NorthEast United,Indian Super league,6,0.8565061396650437,-3.281010142753791,18.689579,-23.733599
162752,Pragyan Sundar Gogoi,Center Forward,NorthEast United,Indian Super league,2,0.0024940898892961434,0.4617119167195324,4.0409417,20.784101
162753,Suhair Vadakkepeedika,Left Midfield,NorthEast United,Indian Super league,6,1.740737925832907,-2.435525246170088,21.52282,-23.168762
162754,Mirshad Koottappunna,Goalkeeper,NorthEast United,Indian Super league,0,-4.903569402228367,-0.05561391207134482,-76.56634,-25.891588
162759,Ngasepam Tondonba Singh,Left Midfield,NorthEast United,Indian Super league,2,-3.0989232455667555,0.9151312455803748,-44.99382,-1.6802704
162761,Laldanmawia Ralte,Right Midfield,NorthEast United,Indian Super league,6,-1.784381975305357,-3.5047565789976227,4.108113,-55.994957
162762,Mathias Coureur,Center Attacking Midfield,NorthEast United,Indian Super league,4,-0.001974728632858016,-2.2092384246875802,3.4740107,-34.384247
162763,Jestin George,Right Center Back,NorthEast United,Indian Super league,1,0.25473102688233357,1.166283327838984,30.430578,-2.099031
164341,Lalkhawpuimawia Lalkhawpuimawia,Center Forward,NorthEast United,Indian Super league,6,-1.1196264117767274,-4.053980442135184,-16.71351,-53.553955
168197,Imran Khan,Right Defensive Midfield,NorthEast United,Indian Super league,2,-0.08926134203236975,-0.1580145181735418,-0.55106837,-15.288641
168198,Joe Zoherliana,0,NorthEast United,Indian Super league,2,-1.2967247893465779,0.20375816727981946,-10.180699,7.829776
125109,Mohammad Yasir,Left Midfield,Hyderabad,Indian Super league,4,0.9013833192358817,-1.667650700550736,20.655327,-30.340883
8202,Ariel Borysiuk,Right Center Back,Chennaiyin,Indian Super league,2,-0.7259869568115525,1.3089262939595994,-12.062011,36.01723
164497,Deepak Devrani,0,Chennaiyin,Indian Super league,2,-2.195548980060574,1.2269130633218794,-33.343594,5.840492
162223,Sebastian Thangmuansang,Right Back,Odisha,Indian Super league,5,6.160743008812478,1.509264796975825,59.779587,6.1174216
164500,Jobby Justin,Left Midfield,Chennaiyin,Indian Super league,6,2.556440119678833,-4.338555335930316,11.82139,-45.506245
124740,Udanta Kumam Singh,Right Wing Back,Bengaluru,Indian Super league,2,-0.2798649215990748,-0.9296656840975946,2.9054701,-24.467983
162204,Ajith Kumar,Right Back,Bengaluru,Indian Super league,1,2.10988974638091,2.0680023274996038,40.346836,10.043392
162205,Iman Basafa,0,Bengaluru,Indian Super league,5,5.524528184565745,-0.9456108442372556,50.269016,-0.6735109
170069,Parag Satish Shrivas,Right Center Back,Bengaluru,Indian Super league,2,0.10702373842902806,1.4791805405203942,6.34671,21.997343
171899,Namgyal Bhutia,0,Bengaluru,Indian Super league,7,2.1756916720861117,2.975734551746608,17.477219,32.439064
166561,Ajay Chhetri,0,Bengaluru,Indian Super league,2,-0.977157719305838,1.9727625728977252,-23.009453,32.947758
31039,Yroundu Musavu-King,Left Center Back,Bengaluru,Indian Super league,7,2.5556123980573124,3.259810501711822,17.49898,31.9103
162747,Subhasish Roy Chowdhury,Goalkeeper,NorthEast United,Indian Super league,0,-4.216832957456081,0.11385069103322623,-43.066875,43.07376
162750,Mashoor Shereef Thangalakath,Right Defensive Midfield,NorthEast United,Indian Super league,2,-1.1946815254180447,0.6413130279294975,-3.9803977,9.969701
162755,Mohammed Irshad,Right Defensive Midfield,NorthEast United,Indian Super league,1,0.2427963692972627,-0.7345382086569007,5.6328278,-27.468414
162756,Sehnaj Singh,0,NorthEast United,Indian Super league,2,-1.475962836763538,0.7449803605387287,-14.965807,4.2382407
163346,Albino Gomes,Goalkeeper,Kerala Blasters,Indian Super league,0,-4.929856304054057,-0.03420056718473456,-72.8662,-16.451107
166559,Sanjeev Stalin,0,Kerala Blasters,Indian Super league,2,-0.816963214386907,0.449091860842975,-17.482481,12.218254
34146,Deshorn Brown,Left Center Forward,NorthEast United,Indian Super league,3,-0.5070388514858767,-4.528127254469322,7.4183903,-58.84969
162746,Leon Augustine Asokan,Right Wing,Bengaluru,Indian Super league,2,-1.6232506926707475,-0.6580675981442142,-19.784979,-3.2424092
163354,Rahul Kannoly Praveen,Right Midfield,Kerala Blasters,Indian Super league,6,1.3755179154369077,-2.448944689396861,19.999645,-25.42652
124752,Brandon Fernandes,Left Wing,Goa,Indian Super league,7,1.755856822818207,1.0404971745483482,19.885029,43.01644
124749,Sandesh Jhingan,Right Center Back,ATK Mohun Bagan,Indian Super league,2,-0.5305730160608492,2.524778908982221,-3.0156224,39.65069
192018,Diego Maurício Machado de Brito,Center Attacking Midfield,Mumbai City,Indian Super league,3,-0.7364969067148707,-6.382248208560482,5.5186543,-66.28484
17326,Banana Yaya,Right Center Back,Bengaluru,Indian Super league,7,-0.02257911072306015,4.152746338640371,-4.167884,66.34261
187211,Samik Mitra,0,Chennaiyin,Indian Super league,0,-4.707026544523352,0.23880918108827712,-71.18845,-9.178439
8624,Marco Sahanek,Right Attacking Midfield,NorthEast United,Indian Super league,4,-0.8223578307159515,-1.873621593090483,-15.34125,-30.312181
22911,Zakaria Diallo,Left Center Back,NorthEast United,Indian Super league,2,-0.9448547220630833,1.9125163028449432,-18.338076,36.111073
187212,Marcelo Leite Pereira,Right Attacking Midfield,NorthEast United,Indian Super league,4,-1.1543617587941362,-2.992794435017643,18.936378,-50.94173
188297,Naocha Huidrom Singh,0,Mumbai City,Indian Super league,1,1.5481123688542853,2.384065487383128,57.57847,18.003185
133696,Marcelo Ribeiro dos Santos,Center Forward,East Bengal,Indian Super league,6,2.0375531615009543,-4.858143522126776,-12.984786,-60.560184
190483,Francisco José Sota Bernard,Left Midfield,East Bengal,Indian Super league,4,1.4314774442526452,-1.6785144629789523,26.31946,-22.95316
124928,Ananta Tamang,Right Center Back,East Bengal,Indian Super league,2,-3.557018168738057,1.1785669836929915,-43.78168,1.1494805
8264,Adnane Tighadouini,0,Málaga,La Liga,4,1.1118783403929933,-4.019995418048463,24.168947,-42.47495
23924,Mamadou Sylla Diallo,0,Espanyol,La Liga,6,1.4901266707772063,-3.8279583144058633,10.207337,-40.876957
26941,Francisco Javier García Noblejas Hernanz,0,Getafe,La Liga,7,1.5803629862173294,2.265667815119063,33.487663,25.31978
9246,Patrick Ebert,Right Midfield,Rayo Vallecano,La Liga,2,-1.3719566257675444,-0.6943612604533281,-14.06262,-27.4965
10727,Răzvan Dincă Raț,0,Rayo Vallecano,La Liga,7,0.12117961783474994,2.0022918378202705,2.6759589,40.989147
24277,Vincenzo Renato Rennella,Right Center Forward,Real Betis,La Liga,6,3.1454618356141735,-5.056050329630509,-15.805701,-61.187958
24577,Salvador Ruiz Rodríguez,Left Back,Granada,La Liga,2,-2.7765214462703396,1.297404893181228,-49.015057,7.255313
7170,Simone Verdi,0,Eibar,La Liga,3,2.466606565105469,-3.880646780836376,29.503946,-46.657005
7948,Marco Andreolli,Right Center Back,Sevilla,La Liga,2,-2.3538812134711424,1.2211532121855562,-33.997013,7.19797
15297,Mickaël Ciani,Right Center Back,Espanyol,La Liga,7,0.62174697900033,3.26704621431836,12.251797,39.328083
25126,Nicolás Federico López Alonso,0,Granada,La Liga,4,1.9917813686413763,-3.477000047947157,22.809122,-42.228947
24318,Alberto Guitián Ceballos,0,Sporting Gijón,La Liga,1,0.4040901296058708,0.32355256571322555,5.3362684,1.436217
40822,Daniel Arnaud N''Di	,Center Attacking Midfield,Sporting Gijón,La Liga,6,0.4766138397735478,-3.039360044167834,-7.7232385,-45.197838
12349,Wilfried Aimeric Zahibo,0,Valencia,La Liga,2,-1.925834610325401,0.5128891763227761,-39.54545,-12.873367
3084,Christian Atsu Twasam,0,Málaga,La Liga,4,2.0610267331586463,-3.7232779699687035,19.999636,-45.281452
21877,Ignacio Monsalve Vicente,0,Atlético Madrid,La Liga,0,-3.6396327744928896,1.0428284487198776,-53.18253,0.14648935
37212,Leandro Damião da Silva dos Santos,Right Center Forward,Real Betis,La Liga,6,-1.1874914475645268,-5.055982968167441,-11.786069,-42.61963
23936,Antonio Jesús Cotán Pérez,0,Sevilla,La Liga,5,5.081088369450532,0.9566202157935034,49.393528,15.874092
30454,Francisco José Sánchez Rodríguez,0,Sevilla,La Liga,1,0.5442109674548467,-0.46737487605346556,20.972567,-29.943497
6749,Diego González Polanco,0,Sevilla,La Liga,3,1.7541879955111133,-1.5337576005153144,14.49034,-57.955925
23972,José Joaquín Matos García,Left Back,Sevilla,La Liga,1,1.5920598167480042,1.3962860765511333,31.174744,25.645784
24711,David Carmona Sierra,Right Back,Sevilla,La Liga,2,-0.9151632477524141,0.03988752938598644,-36.004814,-11.594542
2955,Ronny Rodelin,0,Lille,Ligue 1,6,-0.1494745499487062,-2.1283679920338203,1.0636885,-37.434757
3211,Florent Balmont,Right Defensive Midfield,Lille,Ligue 1,7,1.7114941612697758,2.4871192308766816,19.701244,52.674816
10330,Gadji Celi Carmen Junior Tallo,Left Center Forward,Lille,Ligue 1,6,1.3025444843345038,-3.538588940085022,-4.7072444,-47.62963
29057,Renato Civelli,Right Center Back,Lille,Ligue 1,2,-0.8414219353012918,0.8137406212118649,-18.497429,24.507547
40484,Vincent Enyeama,Goalkeeper,Lille,Ligue 1,0,-4.536816258886806,0.5046174890628581,-78.16113,-9.982727
40485,Ryan Isaac Mendes da Graça,Right Midfield,Lille,Ligue 1,4,2.2562151841118143,-1.8462783838978987,25.386642,-33.038452
40486,Éric Bauthéac,Left Midfield,Lille,Ligue 1,1,1.4908227931936724,-1.1647994945780817,24.88094,-20.271929
40522,Rio Antonio Zoba Mavuba,Left Defensive Midfield,Lille,Ligue 1,1,0.7560246040244204,1.7531997858011872,23.660154,25.864347
40697,Mounir Obbadi,Left Defensive Midfield,Lille,Ligue 1,7,2.706080092754024,2.373754836628455,23.614414,57.012505
4370,Javier Matías Pastore,Right Wing,Paris Saint-Germain,Ligue 1,7,4.660827333211544,2.0552678624702625,27.80214,61.22032
8515,Benjamin Stambouli,Right Defensive Midfield,Paris Saint-Germain,Ligue 1,7,3.679952535746667,4.794738427584347,17.007656,64.79863
20048,Gregory van der Wiel,0,Paris Saint-Germain,Ligue 1,7,1.8121539858470483,3.1053697296777334,10.040392,58.705032
351521,Ezequiel Iván Lavezzi,0,Paris Saint-Germain,Ligue 1,4,2.3435618370111375,-0.8812333907288781,29.595432,-53.958775
2959,Julien Féret,Left Center Midfield,Caen,Ligue 1,2,0.32717972226406566,0.1865952458028267,33.161133,-28.252712
2963,Rémy Vercoutre,Goalkeeper,Caen,Ligue 1,0,-4.292911721966548,0.11093204237862617,-43.175163,42.7098
2979,Jonathan Delaplace,Right Center Midfield,Caen,Ligue 1,1,0.24075774362696756,-0.24799840265965822,7.3255177,-6.4846935
2991,Hervé Bazile,Left Midfield,Caen,Ligue 1,4,1.0743377554347227,-2.0893083293130927,19.139782,-27.024122
2992,Vincent Bessat,Left Midfield,Caen,Ligue 1,1,0.25802069355931356,-0.43682556841925624,2.719107,-13.135262
4474,Emmanuel Imorou,Left Back,Caen,Ligue 1,2,-0.49101797680426384,1.0520057951343171,-9.431298,14.815165
4539,Michaël Jordan Nkololo,Right Midfield,Caen,Ligue 1,4,0.9292263842177917,-1.0040502489156635,-2.8971946,-39.119072
7237,Chaker Alhadhur,0,Caen,Ligue 1,1,1.7397337165396018,1.7835645488741383,42.866898,13.09484
7303,Lenny Nangis,Right Midfield,Caen,Ligue 1,4,0.8796737576138876,-1.9601408206928204,20.217178,-26.377274
7344,Jordan Adéoti,Center Defensive Midfield,Caen,Ligue 1,2,-0.16001017137265072,0.4146190625015934,-2.22852,-5.8186474
7444,Alaeddine Yahia,Right Center Back,Caen,Ligue 1,2,-2.006918677023907,-0.33423992338787817,-36.355312,-1.1339206
7726,Jeff Louis,0,Caen,Ligue 1,4,1.2609077859346112,-2.2782073577672333,14.096739,-37.257774
40698,Nicolas Seube,Right Center Midfield,Caen,Ligue 1,1,1.2807640306383898,0.5879310951312333,30.690434,13.693909
3639,Georges-Kévin Nkoudou Mbida,Right Wing,Marseille,Ligue 1,4,1.1076327149177074,-1.9993256844394047,25.204287,-35.28164
4351,Bouna Sarr,Center Attacking Midfield,Marseille,Ligue 1,4,1.8753832945152098,-1.3315429603340438,45.253372,-36.541
4432,Yohann Pelé,0,Marseille,Ligue 1,0,-3.837499275589926,1.5848880532291636,-73.019714,9.284035
7857,Brice Dja Djédjé,Right Back,Marseille,Ligue 1,7,1.620283935864411,2.8025021634912086,12.3988285,49.971447
10036,Jacques-Alaixys Romao,Right Defensive Midfield,Marseille,Ligue 1,7,1.767525081309973,2.3797234332408674,6.556494,37.771614
13634,Stéphane Sparagna,Right Center Back,Marseille,Ligue 1,7,4.117805306112851,3.0793075187459826,34.532036,43.552868
15296,Romain Alessandrini,Right Wing,Marseille,Ligue 1,4,1.8364275749425305,-3.4209197655821897,25.885477,-48.480785
2985,Ludovic Baal,Left Wing Back,Rennes,Ligue 1,1,2.9992302867340004,2.1022526063540306,37.173733,21.523277
3018,Giovanni-Guy Yann Sio,Center Forward,Rennes,Ligue 1,6,-0.18914939352579205,-3.452094866343167,-3.8634257,-53.565495
3022,Fallou Diagne,0,Rennes,Ligue 1,2,-0.17779554256666733,0.9167007854848181,-6.4237523,33.979893
3250,Edson André Sitoe,Center Back,Rennes,Ligue 1,2,-0.6970691134069062,1.92760973241112,-11.708289,35.116188
3354,Benoît Guy Robert Costil,Goalkeeper,Rennes,Ligue 1,0,-4.6163797490465495,0.4234683337893982,-76.29545,-10.154045
4475,Romain Danzé,0,Rennes,Ligue 1,7,-0.394583616939319,1.754212566316625,3.6823528,40.185474
7197,Steven Moreira,Right Wing Back,Rennes,Ligue 1,7,0.17321212192107513,2.2378558731401292,3.0995014,38.022156
10746,Ermir Lenjani,Left Wing,Rennes,Ligue 1,2,-1.2627654810376525,-0.3169303732808438,-10.639683,9.005591
16503,Pedro Henrique Konzen Medina da Silva,Right Wing,Rennes,Ligue 1,6,0.2564855767265873,-2.331687504694365,2.1134593,-36.95197
29714,Yacouba Sylla,Left Defensive Midfield,Rennes,Ligue 1,7,2.0858045887719965,1.6033619698413872,28.056898,37.55975
40699,Sylvain Armand,Left Center Back,Rennes,Ligue 1,7,0.1266830322588674,2.279823828330994,-12.037325,39.96601
3405,François Kamano,Right Wing,Bastia,Ligue 1,6,0.9383430986875588,-3.2800509363924797,12.83397,-41.98714
3433,Lassana Coulibaly,Left Midfield,Bastia,Ligue 1,1,1.725110572644463,-0.413045615372029,31.352055,11.405447
4508,Julian Palmieri,Left Back,Bastia,Ligue 1,1,1.8918653486891237,0.8193754934897848,14.947121,21.797482
7349,Gaël Danic,Left Center Midfield,Bastia,Ligue 1,4,-0.07864615557729053,-1.3260886518218569,1.9259092,-19.670547
15689,Floyd Ayité,Left Wing,Bastia,Ligue 1,6,1.137683843725296,-3.1110538202531517,-4.9687977,-48.37833
17617,Christopher Maboulou,Center Forward,Bastia,Ligue 1,6,1.0283463543054978,-2.1362616631477507,-23.111956,-50.547497
23850,Mathieu Peybernes,0,Bastia,Ligue 1,1,-0.6080812615384009,1.0762997789652198,-2.7743719,10.956481
28357,Thomas Vincensini,0,Bastia,Ligue 1,0,-4.9485279807972855,-0.038682200531751955,-77.13012,-28.554451
31711,Abdoulaye Sadio Diallo,Center Attacking Midfield,Bastia,Ligue 1,4,3.017884195631459,-1.3814640195848078,36.951797,-19.971268
40528,Florian Marange,0,Bastia,Ligue 1,2,-0.06656938353743365,1.8532620115874034,0.9318158,28.681004
401194,François Modesto,Left Center Back,Bastia,Ligue 1,2,-0.6407266248404219,0.9955705079615408,-6.493997,15.532078
401491,Yassine Jebbour,0,Bastia,Ligue 1,2,-1.3208156690636883,0.5463946653401484,-34.353683,4.550971
401541,Evaeverson Lemos da Silva Brandão,Center Forward,Bastia,Ligue 1,6,-1.0137340749182286,-3.865940272537181,-18.739876,-52.176052
3374,Andrea Raggi,Right Center Back,AS Monaco,Ligue 1,2,-1.2904794124703232,1.1779015595635773,-17.119884,17.509012
3955,Tiemoué Bakayoko,0,AS Monaco,Ligue 1,5,3.6203905654159163,1.2317409002333775,44.736225,15.830378
4454,Farès Bahlouli,0,AS Monaco,Ligue 1,5,6.469036720096784,-1.9669757872575253,54.731045,-32.98238
6979,Stephan El Shaarawy,Left Wing,AS Monaco,Ligue 1,3,1.2931083679264814,-2.6594842524531006,25.271322,-53.05544
8277,Wallace Fortuna dos Santos,0,AS Monaco,Ligue 1,2,-0.8329952099078043,1.0933686295398515,-18.55248,24.719383
3230,Alassane Pléa,Left Center Forward,OGC Nice,Ligue 1,3,1.4183366666357808,-3.575152790635139,21.099813,-48.293648
3359,Jean Michaël Seri,Left Center Midfield,OGC Nice,Ligue 1,7,2.9431676795208874,3.013647078497968,23.53266,61.466064
3403,Alexandre Mendy,0,OGC Nice,Ligue 1,6,-0.5224187457390772,-2.924549235398837,-8.538971,-52.435013
4254,Valentin Eysseric,0,OGC Nice,Ligue 1,4,0.19723928301399685,-1.1506894930634735,29.347816,-28.874052
4264,Vincent Koziello,Right Center Midfield,OGC Nice,Ligue 1,7,3.2650144068821447,1.8356042162834794,34.26472,40.394432
4373,Mathieu Bodmer,Right Center Back,OGC Nice,Ligue 1,7,1.2270184282122538,2.729304664082176,2.95427,50.979565
4506,Nampalys Mendy,Center Defensive Midfield,OGC Nice,Ligue 1,7,2.2814196190779037,4.444883397690876,9.453291,65.28043
7212,Mohamed Saïd Benrahma,Left Wing Back,OGC Nice,Ligue 1,5,4.879846977238623,-2.3656540267285866,54.810978,-32.55756
7323,Olivier Boscagli,Left Back,OGC Nice,Ligue 1,7,0.923658410736264,2.5108586858359407,10.021402,51.357994
146696,Paulin Puel,0,OGC Nice,Ligue 1,1,0.7965664330604297,-0.8761860491405337,16.787283,-8.837219
401474,Kévin Gomis,Right Center Back,OGC Nice,Ligue 1,7,1.3570264887309764,3.0472945799432445,3.724114,45.610256
401528,Mahamane El-Hadj Traoré,0,OGC Nice,Ligue 1,7,1.8310128331810829,-0.3981333415099656,44.02995,-27.288912
2969,Karim Azamoum,0,Troyes,Ligue 1,1,2.447113000082423,-0.5170274183618923,34.067413,30.872648
3002,Benjamin Nivet,Center Attacking Midfield,Troyes,Ligue 1,7,1.6914951812709333,0.9354062768376095,25.113796,39.391293
3161,Chaouki Ben Saada,Right Wing,Troyes,Ligue 1,4,3.7122360257306712,-0.6607139962859513,39.810234,-37.38569
3364,Jonathan Martins-Pereira,Right Back,Troyes,Ligue 1,7,1.2081678897385497,2.4270887056049477,7.246293,36.82925
7283,Thiago Xavier Rodrigues Corrêa,0,Troyes,Ligue 1,1,1.0331105437525951,-0.2180728874418132,23.052475,18.087273
7301,Lossémy Karaboué,Left Back,Troyes,Ligue 1,7,0.9992983794363461,1.5149838311188104,14.230278,44.305744
7336,Jimmy Cabot,Right Wing,Troyes,Ligue 1,4,3.1181172144615985,-1.7419604270093776,46.67969,-36.78838
7376,Yoann Court,Left Wing,Troyes,Ligue 1,4,2.423555348961548,-1.462262530531394,36.06154,-13.785624
7415,Jessy Pi,Right Defensive Midfield,Troyes,Ligue 1,7,1.82169761895077,0.8016592418482217,26.953146,31.124123
7488,Thomas Ayasse,Left Defensive Midfield,Troyes,Ligue 1,2,0.9071104268809324,0.6641477327741752,19.752783,24.318096
7685,Mory Koné,Right Center Back,Troyes,Ligue 1,2,-0.20828177893690192,1.886126918857435,-13.73568,31.713654
148132,Quentin Othon,0,Troyes,Ligue 1,2,0.030362808672440355,2.080640339217195,-34.00397,14.915848
401470,Fabien Camus,Right Wing,Troyes,Ligue 1,4,1.2890148972996833,-0.8943791720250919,31.933527,-23.768833
401471,Henri Bienvenu Ntsama,Center Forward,Troyes,Ligue 1,6,-2.3719854831345497,-3.366371062455409,-20.552557,-53.92768
3207,Pablo Jean Antoine Martínez,Left Center Back,Gazélec Ajaccio,Ligue 1,2,-0.040549405562555804,1.4892577508473428,-7.073529,21.54489
4352,Issiaga Sylla,Right Back,Gazélec Ajaccio,Ligue 1,1,2.4721949347574577,1.3841124034557102,41.66554,12.18447
7389,Amos Youga,Left Center Midfield,Gazélec Ajaccio,Ligue 1,1,0.714561221875165,0.47257011035982266,20.73451,19.743183
7430,Kévin Mayi,Right Wing,Gazélec Ajaccio,Ligue 1,4,0.7280295515190788,-2.9493238058425626,12.425902,-34.88749
7515,Jules Goda,Goalkeeper,Gazélec Ajaccio,Ligue 1,0,-4.008767699870486,1.2107753343554022,-80.285706,3.1951416
7721,John Tshibumbu,Left Wing,Gazélec Ajaccio,Ligue 1,6,-0.4017761840682867,-3.495702074446256,-10.528253,-54.471188
10616,Mohamed Larbi,Right Wing,Gazélec Ajaccio,Ligue 1,4,1.718861852183056,-1.0514881593686172,32.5275,-23.238691
31911,Damjan Đoković,Left Back,Gazélec Ajaccio,Ligue 1,1,0.5778843396679909,0.3586107035014969,29.787094,-17.87352
310534,Louis Poggi,0,Gazélec Ajaccio,Ligue 1,6,-2.4812699335162822,-1.9989668302237553,-27.813026,-32.97332
401506,Grégory Pujol,Center Forward,Gazélec Ajaccio,Ligue 1,6,-0.7208702923470728,-3.42087753309926,-10.432078,-53.29423
401507,Jérôme Le Moigne,Center Defensive Midfield,Gazélec Ajaccio,Ligue 1,2,0.12285025582557565,1.6015157796106758,-5.167862,28.027494
401508,Clément Maury,0,Gazélec Ajaccio,Ligue 1,0,-3.869654110743179,0.9096732239357123,-44.773758,31.503899
401509,David Ducourtioux,Right Center Midfield,Gazélec Ajaccio,Ligue 1,7,1.2899529727683858,1.4914570117985861,22.705915,35.69044
2936,Christophe Kerbrat,Right Center Back,Guingamp,Ligue 1,2,-0.2643046093605324,1.5599540403005845,-2.0968108,12.186891
2967,Mamadou Samassa,0,Guingamp,Ligue 1,0,-4.768364195640414,0.1786082299612487,-77.19792,-19.685766
3121,Moustapha Elhadji Diallo,Right Defensive Midfield,Guingamp,Ligue 1,1,0.7279355009749677,-0.34857430993278643,22.99141,18.2832
3124,Jérémy Sorbon,Left Center Back,Guingamp,Ligue 1,2,-0.2954040021698855,1.5783076957204494,-8.914274,21.929413
3301,Nicolas Benezet,Right Center Forward,Guingamp,Ligue 1,4,1.5471492671709692,-2.1090162932756784,23.446398,-32.930595
3348,Younousse Sankharé,Left Defensive Midfield,Guingamp,Ligue 1,1,1.9524168754438456,0.2337740752933061,34.800896,11.619056
4434,Thibault Giresse,Left Midfield,Guingamp,Ligue 1,1,0.5077375128663516,-0.6795363550271724,12.349465,-6.2550015
4799,Sloan Privat,Right Center Forward,Guingamp,Ligue 1,6,0.03050719514012684,-5.356479757314121,-9.23851,-60.028114
7483,Mana Dembélé,Right Midfield,Guingamp,Ligue 1,6,-0.5473932502511365,-3.7239967086283774,-17.043196,-51.409065
20199,Lars Christian Jacobsen,Right Back,Guingamp,Ligue 1,2,-1.9372497024637696,0.8974295283284537,-9.073964,7.994869
23784,Nill De Pauw,Right Midfield,Guingamp,Ligue 1,1,1.3295975362619088,-1.4948349043304163,24.157719,-20.37463
30182,Dorian Lévêque,Left Back,Guingamp,Ligue 1,1,1.011299942894112,0.7826602854413724,33.57751,15.427022
40527,Brou Benjamin Angoua,0,Guingamp,Ligue 1,2,-0.6190305766484935,0.7492151432677023,-18.740505,22.932636
401512,Lionel Mathis,Right Defensive Midfield,Guingamp,Ligue 1,1,1.172944945270244,1.564980109528292,24.466064,27.596914
401524,Maxime Baca,0,Guingamp,Ligue 1,1,1.3685589901399673,1.6723538898261434,60.50166,12.1481085
401525,Julien Cardy,0,Guingamp,Ligue 1,2,-0.153397727654523,0.875034718677187,-38.899746,5.8528514
2943,Lucas Deaux,Left Center Back,Nantes,Ligue 1,1,1.0845852095137434,1.6635287903034912,23.279072,25.671515
3114,Emiliano Sala,Center Forward,Nantes,Ligue 1,6,0.9612219677330222,-4.2042519089091215,-12.594111,-57.772255
3174,Lévy Koffi Djidji,Right Center Back,Nantes,Ligue 1,2,-0.03157157419521787,1.4167228117927677,-3.298427,16.840717
3319,Yacine Bammou,Right Wing,Nantes,Ligue 1,6,0.9776466297583385,-2.1859596138755637,-1.4902859,-37.30728
4377,Maxime Dupé,0,Nantes,Ligue 1,0,-4.432483070960849,0.6895330240177802,-79.17412,-4.671455
4411,Anthony Walongwa,0,Nantes,Ligue 1,7,0.8158231701725459,2.2119264845319253,-1.6718656,52.569714
6284,Kolbeinn Sigþórsson,Right Wing,Nantes,Ligue 1,6,-0.03869649609328586,-3.103550263655354,-13.407243,-54.91638
7350,Birama Touré,Center Defensive Midfield,Nantes,Ligue 1,1,1.4547244212584443,1.6197220469100446,25.377401,24.440252
12351,Alejandro Bedoya,Right Wing,Nantes,Ligue 1,6,0.4260161409829582,-1.3140668938315372,-0.91625816,-34.179848
25377,Rémy Riou,Goalkeeper,Nantes,Ligue 1,0,-4.318906342515776,0.7758938775585389,-79.977554,-3.6043427
31681,Olivier Veigneau,Left Back,Nantes,Ligue 1,7,0.7490762744120825,1.6673708536270788,9.261597,28.319393
31687,Adryan Oliveira Tavares,Left Wing,Nantes,Ligue 1,4,2.1764758033518787,-2.1784190598637747,24.357742,-33.788017
401477,Johan Audel,Left Wing,Nantes,Ligue 1,6,0.7230933243338724,-2.1849547270608376,-1.3005285,-36.03762
401478,Rémi Gomis,0,Nantes,Ligue 1,7,0.3989481548835907,2.287974372809991,7.5664897,40.544483
2975,Mathieu Deplagne,Right Back,Montpellier,Ligue 1,2,-0.666369233734657,1.8097321892294742,0.79962057,30.129026
2980,Kévin Bérigaud,Right Center Midfield,Montpellier,Ligue 1,6,1.1307678455395793,-2.2802990048497045,8.124133,-40.196095
3011,Daniel Congré,Left Back,Montpellier,Ligue 1,2,-0.18982001982086938,1.6499230563452565,-8.250816,22.06379
3191,Ramy Bensebaini,Left Center Back,Montpellier,Ligue 1,7,1.3615198318327415,1.6577436864894497,12.96298,24.578892
3257,Steve Michel Mounié,Center Forward,Montpellier,Ligue 1,6,-1.4313311958110948,-1.2890143849746398,-21.879747,-44.409378
3421,Bryan Dabo,Right Center Back,Montpellier,Ligue 1,4,1.9225411123912584,0.6115010067951311,38.442196,-26.512224
3679,Souleymane Camara,Center Forward,Montpellier,Ligue 1,6,-0.42144985248668254,-3.1273508280031836,-3.0209217,-54.137722
3682,Paul Lasne,Right Center Midfield,Montpellier,Ligue 1,1,1.2868819547897623,1.5935532034947724,24.58257,25.67195
4599,Quentin Cornette,0,Montpellier,Ligue 1,4,3.282865166643529,-2.5605945991679615,58.03891,-15.958039
4669,William Jean Rémy,0,Montpellier,Ligue 1,1,1.4496073057950667,1.3992740162208857,26.621506,23.782175
7485,Djamel Bakar,0,Montpellier,Ligue 1,6,-1.0699068849430378,-2.7969619649146216,-18.341944,-38.320236
7509,Geoffrey Jourdren,Goalkeeper,Montpellier,Ligue 1,0,-4.670719682782234,0.19935173144851573,-78.46914,-22.19658
7590,Joris Marveaux,Center Defensive Midfield,Montpellier,Ligue 1,7,1.1575873135413965,1.141299793115966,24.447472,38.239388
34565,Anthony Mounier,Left Wing,Montpellier,Ligue 1,4,0.5650865809234538,-1.6488485028725994,17.130564,-28.167479
40700,Mamadou N''Diaye,Left Back,Montpellier,Ligue 1,7,1.7930545645094866,1.4116138803276614,47.452938,-21.748928
42428,Jonathan Ligali,0,Montpellier,Ligue 1,0,-4.730743080206109,0.15184256437998808,-74.416725,-15.582999
3045,Ismaël Traoré,Right Center Back,Angers,Ligue 1,2,-0.7297903167038419,1.0725489179573966,-31.608236,9.178797
3071,Pierrick Capelle,Right Wing,Angers,Ligue 1,4,2.085447613324862,-1.1940315351186954,27.9959,-16.537197
3078,Abdoul Razzagui Camara,Left Wing,Angers,Ligue 1,4,0.4318363922737773,-1.86315232702085,16.717125,-29.175947
3111,Gilles Sunu,Center Forward,Angers,Ligue 1,6,-0.17514076249856259,-1.7682059227868068,4.533977,-35.67221
3185,Thomas Mangani,Left Center Midfield,Angers,Ligue 1,7,1.6763937818357346,0.39642786772165317,25.20296,39.70123
3203,Yoann Andreu,Left Back,Angers,Ligue 1,2,0.19503475152979977,1.776123945733205,7.441312,29.088783
3431,Vincent Manceau,Right Back,Angers,Ligue 1,2,-0.8502298361032924,1.5354394899792976,-11.961673,15.730334
3549,Romain Thomas,Left Center Back,Angers,Ligue 1,2,-0.7310564193045268,1.1083228809624914,-9.023312,20.191305
4441,Billy Ketkeophomphone,Right Wing,Angers,Ligue 1,4,1.6088069007893802,-2.078042567849246,21.666056,-25.32252
7207,Férébory Doré,0,Angers,Ligue 1,4,0.7584751361643094,-1.9021829382069457,24.556213,-39.651844
401481,Slimane Sissoko,Center Forward,Angers,Ligue 1,6,0.6975714228467533,-4.311892273715352,-7.241937,-56.6189
401482,Gaël Angoula,0,Angers,Ligue 1,2,-0.10896438673957834,1.7262776135253064,8.483694,20.291935
401483,Olivier Auriac,0,Angers,Ligue 1,7,0.6336302761043575,1.9556630002223145,8.857313,40.230537
401484,Charles Diers,0,Angers,Ligue 1,2,-0.7835743921252256,-0.5153444570298082,0.99963564,-22.287237
3184,Enzo Crivelli,0,Bordeaux,Ligue 1,6,-0.2224462415465345,-3.836796823676793,-15.363863,-57.029213
3408,Thomas Touré,Left Wing,Bordeaux,Ligue 1,4,4.740195285959007,-2.3180655570470106,49.594776,-35.218365
3779,Cédric Yambéré,Right Center Back,Bordeaux,Ligue 1,2,-0.13735242567162845,1.0042122698460416,-6.6459126,33.779335
4442,Maxime Poundjé,Left Back,Bordeaux,Ligue 1,1,0.953459900403061,1.2418405957994803,15.472789,26.57383
4509,Jérôme Prior,0,Bordeaux,Ligue 1,0,-4.494803760266108,0.5114554441241981,-80.71318,-16.937313
7130,Cheick Tidiane Diabaté,Center Forward,Bordeaux,Ligue 1,6,-0.7184551467514096,-4.648707354780285,-9.589147,-59.243042
7552,Clément Chantôme,Center Defensive Midfield,Bordeaux,Ligue 1,7,2.396152752354707,2.9921350642853786,29.452213,43.727642
30338,André Biyogo Poko,Right Midfield,Bordeaux,Ligue 1,5,3.3095821828614618,0.08565925361944617,45.603603,10.917638
40518,Abdoulaye Traoré,0,Bordeaux,Ligue 1,7,1.9871433153112759,2.957393858655995,15.622704,53.334263
40533,Cédric Carrasso,Goalkeeper,Bordeaux,Ligue 1,0,-4.591099765036861,0.412879068488066,-77.86657,-11.681307
42430,Nicolas Maurice-Belay,Left Wing,Bordeaux,Ligue 1,7,1.4703220965785135,1.5302237179038611,18.211685,42.031036
3980,Johny Placide,0,Stade de Reims,Ligue 1,0,-4.633617436822301,0.2595511075142086,-77.82516,-16.623312
4383,Nicolas de Roussel de Préville,Right Midfield,Stade de Reims,Ligue 1,4,1.6156801076612186,-3.3766569470213232,22.21182,-47.64324
4545,Prince Oniangué,Left Center Midfield,Stade de Reims,Ligue 1,2,0.11814765946284068,-0.1750408006700652,-1.0585731,-32.717422
7375,Theoson Jordan Siebatcheu,Right Midfield,Stade de Reims,Ligue 1,6,1.658265156999639,-4.223016478783511,-12.611896,-57.22332
7435,Anthony Weber,Left Center Back,Stade de Reims,Ligue 1,2,-0.6934610941170468,1.4378690541018104,-13.806176,34.24536
7498,Mickaël Tacalfred,0,Stade de Reims,Ligue 1,2,-0.3289165358845633,1.7984407453874702,-6.431833,35.77538
7635,Gaëtan Charbonnier,Right Center Forward,Stade de Reims,Ligue 1,6,1.293926815293404,-1.9540144170955522,-1.8152592,-38.036964
7815,Antoine Devaux,Right Center Midfield,Stade de Reims,Ligue 1,1,1.235638614817181,0.876859037914143,24.609518,27.271044
7817,Frédéric Bulot,Left Midfield,Stade de Reims,Ligue 1,2,-0.4565480527420452,-0.14657739856650132,-12.558282,-27.539625
30291,Atila Turan,0,Stade de Reims,Ligue 1,2,-0.08459687208206763,-0.3275910682524093,2.5971656,-24.549196
40521,Franck Signorino,Left Back,Stade de Reims,Ligue 1,2,-0.6365323782103101,1.5320043499269689,-11.42622,14.519695
95699,Alexi Peuget,Center Defensive Midfield,Stade de Reims,Ligue 1,7,1.1550615613075281,1.4229197178930242,20.22862,25.111258
401453,David N'Gog,Center Forward,Stade de Reims,Ligue 1,6,0.48105275390065677,-4.58758538964444,-13.257258,-58.215572
401454,Kossi Agassa,Goalkeeper,Stade de Reims,Ligue 1,0,-4.395379989450117,0.7555270236632359,-79.42747,-4.3731318
2944,Benjamin Corgnet,0,Saint-Étienne,Ligue 1,6,0.7604353720413115,-2.1491087201628303,-3.2419076,-37.184216
3047,Benoît Assou-Ekotto,Left Wing Back,Saint-Étienne,Ligue 1,7,0.705609495854214,2.1050916086374776,13.90525,31.989153
3179,Nolan Roux,Right Center Forward,Saint-Étienne,Ligue 1,6,-0.35647595498895446,-3.783487056151003,5.7489095,-52.959232
3413,Kévin Théophile-Catherine,Right Center Back,Saint-Étienne,Ligue 1,2,-0.6158918767826065,0.5253606006305462,-13.048942,12.068957
3797,Ismaël Tiémoko Diomandé,Right Defensive Midfield,Saint-Étienne,Ligue 1,1,2.1546100194064057,1.4714733188458593,30.367527,20.485586
4259,Stéphane Ruffier,Goalkeeper,Saint-Étienne,Ligue 1,0,-4.498234334791954,0.4984926895664916,-79.309685,-10.431397
4263,Loïc Perrin,Center Back,Saint-Étienne,Ligue 1,7,0.6513189181256934,1.557200727229712,-6.036061,40.05446
4431,Kévin Monnet-Paquet,Right Wing,Saint-Étienne,Ligue 1,6,1.281589535294425,-2.455816098349114,11.860904,-41.13587
4802,Florentin Pogba,Left Center Back,Saint-Étienne,Ligue 1,2,0.009302646353907764,1.7317915769381458,-9.504352,29.414171
7347,Pierre-Yves Polomat,0,Saint-Étienne,Ligue 1,2,0.228349710248261,1.8352387573487254,6.0175867,32.530796
7442,Jérémy Clément,Left Defensive Midfield,Saint-Étienne,Ligue 1,1,1.596481517443471,2.5205050041350225,29.301538,21.387844
7560,Jonathan Brison,0,Saint-Étienne,Ligue 1,7,0.8380623615843519,1.9640118590634281,21.918957,26.485367
7707,François Clerc,Right Wing Back,Saint-Étienne,Ligue 1,2,0.09095790821716518,1.7246377693402741,5.182055,35.08486
3035,Steeve Yago,0,Toulouse,Ligue 1,2,-0.47572044813832104,1.7356630498236967,-1.8167702,11.5130005
3036,Alexis Blin,Right Defensive Midfield,Toulouse,Ligue 1,1,1.3725425140308642,1.0635521752343817,22.074638,25.01009
3189,Étienne Didot,Center Defensive Midfield,Toulouse,Ligue 1,7,1.1726408074853265,1.92746291498359,8.765184,36.700436
8677,Marcel Tisserand,Right Back,Toulouse,Ligue 1,2,-0.7219787092025689,0.988214635690443,-10.716788,12.512959
16418,Adrien Regattin,Left Attacking Midfield,Toulouse,Ligue 1,4,1.9178484842315702,-0.2804037735236474,35.689247,-27.753714
16522,Tongo Hamed Doumbia,Left Center Midfield,Toulouse,Ligue 1,1,2.5856388098405385,-0.07030048978102096,35.01469,31.410995
22130,Mauro Daniel Goicoechea Furia,Goalkeeper,Toulouse,Ligue 1,0,-4.833171936256928,0.07564900850236725,-76.86926,-20.551544
31174,Jean-Daniel Akpa Akpro,Right Center Midfield,Toulouse,Ligue 1,5,3.3455598196219682,0.0049493939402459105,45.75934,11.0556555
40431,Aleksandar Pešić,Right Center Forward,Toulouse,Ligue 1,6,-0.98393344324123,-4.0171341211180795,-15.351252,-55.82277
40641,Pavle Ninkov,0,Toulouse,Ligue 1,1,0.40012536731655834,1.2789094349278083,9.64055,18.061174
41385,Ali Nadhoim Ahamada,0,Toulouse,Ligue 1,0,-5.1354186064104494,-0.39627575273065463,-71.23604,-23.941916
44065,William Matheus da Silva,Left Back,Toulouse,Ligue 1,2,-0.1998214659009566,1.076907057538734,7.6023045,17.579823
3103,Milan Biševac,Right Center Back,Lyon,Ligue 1,2,-0.7625196717129187,2.3722736990809676,-14.346271,40.98215
3372,Rachid Ghezzal,Center Attacking Midfield,Lyon,Ligue 1,4,4.037379541199219,-2.253989089612812,33.74418,-47.503105
3451,Alexandre Lacazette,Right Center Forward,Lyon,Ligue 1,3,1.4159038747916557,-4.390756894894353,9.6114,-58.20046
3673,Yassine Benzia,0,Lyon,Ligue 1,6,1.0192956581124635,-3.5948348430510695,17.149124,-45.92743
4450,Bakary Koné,0,Lyon,Ligue 1,2,-0.8375602911400163,2.117730640178443,-39.174187,15.833999
4803,Mathieu Gorgelin,0,Lyon,Ligue 1,0,-4.937507735508176,-0.0889426629034969,-76.57656,-26.53282
4895,Henri Bedimo Nsamè,Left Back,Lyon,Ligue 1,7,1.470260530577012,2.8697736210248146,12.749316,49.62817
7225,Aldo Kalulu Kyatengwa,0,Lyon,Ligue 1,3,0.018855978710215413,-4.419662710422354,1.2824014,-60.950356
7616,Arnold Mvuemba,Left Center Midfield,Lyon,Ligue 1,7,2.5608521562520012,4.977334786266103,8.23569,68.919586
3008,Benjamin Lecomte,Goalkeeper,Lorient,Ligue 1,0,-4.492749924520005,0.57663497337762,-79.89037,-10.387098
3140,François Bellugou,Right Center Back,Lorient,Ligue 1,7,1.1543411937713388,2.3808984212349835,20.382383,32.98615
3552,Benjamin Jeannot,Center Attacking Midfield,Lorient,Ligue 1,6,0.7968068885627627,-3.7470646224064375,-8.339924,-57.1874
3769,Wesley Lautoa,Left Center Back,Lorient,Ligue 1,2,-0.1180332122564366,1.5869031774935296,-8.476263,26.85477
7338,Romain Philippoteaux,Right Midfield,Lorient,Ligue 1,4,0.62270991655056,-0.5105451017529855,23.784044,-31.089542
7392,Pape Abdou Paye,0,Lorient,Ligue 1,2,-0.0522934266573348,1.95091471470658,1.1991193,28.221754
7567,Maxime Barthelmé,Left Midfield,Lorient,Ligue 1,4,2.6632063345452974,-0.43739374193757813,39.790524,-13.163495
7766,Walid Mesloub,Left Defensive Midfield,Lorient,Ligue 1,7,2.2741321608712073,2.126114971212268,25.657974,58.113853
10522,Mehdi Mostefa Sbaa,Right Defensive Midfield,Lorient,Ligue 1,2,-0.10066760779209344,1.4159212537713832,0.7863186,21.96243
30315,Moryké Fofana,0,Lorient,Ligue 1,4,3.1412035982222006,0.766283182989087,49.6689,-45.964146
33178,Benjamin Moukandjo Bilé,Center Forward,Lorient,Ligue 1,6,0.7033602011624643,-4.282998876268477,-2.7281356,-58.66467
401467,Florent Chaigneau,0,Lorient,Ligue 1,0,-4.934699092558509,-0.15603876616174564,-77.20991,-27.60329
3357,Baptiste Guillaume,Center Forward,Lille,Ligue 1,6,-1.5600112513943556,-2.9988358135497464,-18.356379,-48.791294
3677,Bakary Adama Soumaoro,Right Back,Lille,Ligue 1,2,-0.8997196623755446,1.2331468604077085,-16.150455,24.600296
23203,Stopilla Sunzu,0,Lille,Ligue 1,1,0.2393919861224386,1.3126688598011922,2.2556987,26.494108
8469,Jean-Christophe Bahebeck,Left Wing,Saint-Étienne,Ligue 1,6,0.6489546270398528,-2.945307902975716,2.678136,-37.62093
401468,Moustapha Bayal Sall,Right Center Back,Saint-Étienne,Ligue 1,7,0.16801891760770318,1.6033539524908027,-7.6903353,30.83764
4823,Milan Gajić,0,Bordeaux,Ligue 1,1,-0.6280657191090367,0.6992189039874885,-0.18409748,23.532902
3004,Oswaldo Augusto Vizcarrondo Araújo,Left Center Back,Nantes,Ligue 1,2,-1.3263859850732376,0.778124936496156,-17.85569,16.615423
3138,Abdoulaye Touré,0,Nantes,Ligue 1,1,2.720676591199145,1.859478062666406,39.286587,18.966928
3151,Jules Iloki,0,Nantes,Ligue 1,4,0.5684691754937449,-1.1814729103528592,22.155378,-31.833124
3213,Jimmy Briand,Center Attacking Midfield,Guingamp,Ligue 1,6,0.06655586921863994,-2.658193949756444,-4.9308257,-51.73728
401513,Reynald Lemaître,0,Guingamp,Ligue 1,2,-0.9936193754513588,0.7015458070406373,-9.935661,6.1523976
3162,Gnaly Maxwell Cornet,Left Center Forward,Lyon,Ligue 1,6,1.0096008041114193,-2.703658488259167,8.175198,-40.17771
18868,Mathieu Valbuena,Center Attacking Midfield,Lyon,Ligue 1,7,3.120536077363508,0.29181886967280174,30.314756,57.48632
2993,Stéphane Darbion,Right Wing,Troyes,Ligue 1,4,0.622541669384461,-0.34775573271142973,31.9444,-26.928812
18162,Chris Mavinga,Center Attacking Midfield,Troyes,Ligue 1,2,-0.9560842782474189,0.9501402951856569,-16.14363,10.1532545
4257,Yoan Cardinale,0,OGC Nice,Ligue 1,0,-3.9946169783349474,0.5028903000269944,-41.298256,39.405113
41041,Jonathan Correia Da Fonseca,Left Back,OGC Nice,Ligue 1,7,0.13951659523323015,2.843049725014434,-4.7891097,52.855183
3030,Wergiton do Rosário Calmon,Right Center Midfield,Toulouse,Ligue 1,1,2.5338365696727343,0.47321291520491765,44.996582,11.561097
3674,Vitorino Hilton da Silva,Right Center Back,Montpellier,Ligue 1,2,-0.39220141792377416,1.1006148336445956,-10.812799,15.849868
3676,Jérôme Roussillon,0,Montpellier,Ligue 1,1,1.1122026381149592,1.0320916347206999,35.59321,17.79952
3195,Mehdi Zeffane,Left Center Midfield,Rennes,Ligue 1,7,1.2117754760093724,0.3775794568052688,17.592299,20.519583
3429,Adrien Hunou,0,Rennes,Ligue 1,2,-1.357377710931626,1.0598935701525714,-23.106775,-11.919354
7472,Nicolas Alexis Julio N'Koulou Ndoubena,Right Center Back,Marseille,Ligue 1,7,0.41728341509444955,2.3873788400970746,-4.153576,40.43056
401455,Mohamed Fofana,0,Stade de Reims,Ligue 1,2,-1.4663868849161044,1.1203105151676045,-19.992249,16.84813
7615,Abdul Majeed Waris,Left Center Forward,Lorient,Ligue 1,3,0.31166623058514126,-4.635387294236223,8.0440035,-57.78244
22587,Didier Ndong Ibrahim,Right Defensive Midfield,Lorient,Ligue 1,7,1.8785313209070078,1.3422338042656796,28.546968,36.864697
7808,Roderic Filippi,Right Center Back,Gazélec Ajaccio,Ligue 1,2,0.14180275649209245,0.7849142373143394,-4.1263027,15.052126
401505,Jacques Zoua Daogari,Left Center Forward,Gazélec Ajaccio,Ligue 1,6,-0.6669603059189259,-2.5532326634863654,-6.865696,-51.73632
40645,Laurent Pionnier,0,Montpellier,Ligue 1,0,-4.247114281589058,0.052762247820148,-43.32181,43.034637
7308,Laurent Dos Santos,0,Guingamp,Ligue 1,1,0.4623496490653853,0.4592737366409452,1.3758459,0.10853549
24469,Jesper Hansen,Goalkeeper,Bastia,Ligue 1,0,-4.931383981358759,-0.1054563338197736,-77.05939,-28.071207
4463,Mapou Yanga-Mbiwa,Right Center Back,Lyon,Ligue 1,7,1.406202998398871,3.4504057336645846,7.867991,59.699635
3424,Cheikh M''Bengue,Right Wing,Rennes,Ligue 1,7,0.12305805783522202,2.566967239936559,2.0570683,38.751617
46801,Jaba Kankava,Center Defensive Midfield,Stade de Reims,Ligue 1,1,2.3193494753503936,1.4637658592720717,30.564236,20.522543
4469,Guy Adolphe N''Gosso Massouma,Center Defensive Midfield,Angers,Ligue 1,1,1.3540411842020106,1.1362813652770352,28.67899,11.004486
401542,Goran Karanović,Left Midfield,Angers,Ligue 1,6,0.07289259544158544,-3.559801613935438,-3.7858598,-52.412483
40701,Jordan Leborgne,0,Caen,Ligue 1,1,0.4427645806542247,-0.49727831165146086,10.276746,-8.653269
134561,Wallyson Teixeira Mallmann,Left Center Midfield,OGC Nice,Ligue 1,7,3.343661483423032,0.9010437782875041,29.885096,56.90516
3204,Almamy Touré,Right Back,AS Monaco,Ligue 1,4,1.4179093209380311,-0.2112062464334647,33.602318,-24.29171
4464,Adama Traoré,Left Center Midfield,AS Monaco,Ligue 1,2,0.3538254217386016,-0.14807358978574908,-2.2643542,-31.911535
4766,Neal Maupay,Center Forward,Saint-Étienne,Ligue 1,6,-1.3033922949959489,-3.2166442232088333,-12.087445,-44.345493
29133,Brayan Andrés Perea Vargas,Center Attacking Midfield,Troyes,Ligue 1,6,-1.678328926727758,-3.0906482643509605,-19.687487,-53.42831
3075,Javier Manquillo Gaitán,Right Back,Marseille,Ligue 1,7,1.9207354884959669,2.526243956985214,30.393618,45.985508
3420,Rémy Cabella,Left Wing,Marseille,Ligue 1,4,2.609088387087053,-0.1945793251610631,38.692444,-27.943007
401489,Jussiê Ferreira Vieira,Center Attacking Midfield,Bordeaux,Ligue 1,2,-1.5289992144006679,0.7765298747189557,-24.14205,-14.914547
40523,Marko Baša,Left Center Back,Lille,Ligue 1,2,-0.8517869006439438,1.6217389613765925,-15.184276,24.640215
4410,Christophe Jallet,Right Back,Lyon,Ligue 1,7,3.756420113369841,3.2504685169036587,19.452816,60.84576
401472,Carlos Eduardo de Castro Lourenço,0,Troyes,Ligue 1,2,0.22380637754915017,1.7661375915024458,-8.92681,23.930918
2953,Abdou Kader Mangane,Left Center Back,Gazélec Ajaccio,Ligue 1,1,0.19049243123934168,0.8385164136017832,-0.5415604,13.796445
40536,Issiar Dia,Right Midfield,Gazélec Ajaccio,Ligue 1,4,-0.11691432852963288,-1.7444271048660593,14.798307,-39.884533
24646,Rafidine Abdullah,Center Attacking Midfield,Lorient,Ligue 1,7,2.971347482157773,2.144858082440124,29.3857,37.910446
131849,Antoine Conte,Right Back,Stade de Reims,Ligue 1,1,0.562281999711814,1.5785682678507462,14.605275,29.182755
4900,Paul-Georges Ntep de Madiba,Left Wing,Rennes,Ligue 1,4,1.9983364195285405,-2.4594177972376463,28.624903,-42.71872
4542,Pablo Nascimento Castro,Right Center Back,Bordeaux,Ligue 1,2,-0.6436701815746031,1.3273171769494003,-8.919393,35.69738
15796,Babacar Gueye,Left Center Forward,Troyes,Ligue 1,6,-0.26413006351933005,-2.9167224828100204,-4.336615,-50.55777
42422,Dušan Veškovac,Right Center Back,Troyes,Ligue 1,2,-1.0176779073692628,2.2316131734540923,-36.647106,12.878124
401479,Calvin Anele Ngcongca,0,Troyes,Ligue 1,2,-1.3458507559540553,1.3072042013850635,-19.67284,24.83371
3102,Yann Jouffre,Right Midfield,Lorient,Ligue 1,7,2.705325712969588,1.6368477533848556,28.292677,58.40782
7211,Zargo Touré,0,Lorient,Ligue 1,2,-0.6522631511136926,1.0005411206895576,-15.724857,26.252337
30255,Mustapha Yatabaré,Center Forward,Montpellier,Ligue 1,6,-0.13571037671171543,-3.426824261480488,-9.424147,-54.986794
34976,Jean Carlos Francisco Deza Sánchez,0,Montpellier,Ligue 1,4,-0.7047314927683476,-1.6005831643329342,-18.608791,-24.685469
4601,Robert Berič,Center Forward,Saint-Étienne,Ligue 1,6,-0.438783291363768,-4.154111746742407,-10.145643,-56.606857
3032,Zinédine Machach,0,Toulouse,Ligue 1,4,3.052221204947894,-0.830239866794408,47.266224,-35.33088
4723,Mickaël Le Bihan,Left Center Forward,OGC Nice,Ligue 1,3,4.431768911199361,-6.422349653323841,19.61649,-59.35929
10936,Lorik Agim Cana,Left Center Back,Nantes,Ligue 1,2,-0.594785183876614,1.0381286976930053,-10.19104,27.79017
401476,Paolo De Ceglie,Left Midfield,Marseille,Ligue 1,1,0.523463295917225,0.9749582657650435,10.425895,23.521118
16271,Florian Raspentino,0,Bastia,Ligue 1,6,-1.0268362119764962,-3.4917790654820005,-18.992908,-51.815872
29875,Axel Ngando,Right Midfield,Bastia,Ligue 1,4,1.0942998457300699,-0.6259347030615494,0.040693406,-31.362347
7603,Jérémie Bréchet,Left Center Back,Gazélec Ajaccio,Ligue 1,2,-1.1390555775058202,1.8655221209575834,-18.074066,27.65335
4465,Gabriel Boschilia,0,AS Monaco,Ligue 1,2,-1.4272802120696382,-0.02515179713852596,-52.328697,12.606447
40517,Gilles Cioni,Right Back,Bastia,Ligue 1,2,-1.5762957136695956,0.8864670796469781,-15.482252,16.077536
7363,Diego Rigonato Rodrigues,Left Midfield,Stade de Reims,Ligue 1,4,1.0743380012640316,-1.350991270403349,28.590258,-31.647408
13592,Alexandre Raineau,0,Caen,Ligue 1,1,1.7534852491849549,1.998971837195839,27.072233,9.667214
4382,Kévin Malcuit,Right Back,Saint-Étienne,Ligue 1,1,1.601985221246726,0.9295398684135531,42.48085,10.3132305
18874,Mauricio Aníbal Isla Isla,Right Center Midfield,Marseille,Ligue 1,7,2.9317537741496307,2.665006016961645,31.678156,46.09297
91209,Franck Hery,0,Guingamp,Ligue 1,2,-1.1480760885311392,1.9224299552066824,-30.844585,5.847477
4906,Arnold Bouka Moutou,Left Wing,Angers,Ligue 1,2,-0.35712220699674385,-0.13570512205912286,1.1578976,-21.481619
7369,Aly Ndom,0,Stade de Reims,Ligue 1,2,0.1503157241140192,0.6109951884414503,-9.207618,-13.479561
401488,Odaïr Junior Lopes Fortes,Right Wing,Stade de Reims,Ligue 1,4,1.9137308073467978,-0.6107458099215451,38.067142,-30.288664
7346,Lindsay Rose,0,Lyon,Ligue 1,2,-0.8711800046183523,0.8842295677284125,-17.599586,15.262301
19813,Rolando Jorge Pires da Fonseca,0,Marseille,Ligue 1,7,0.07491004591886914,2.412706967195398,-3.6688104,40.352768
45415,Paul Guerin,0,Gazélec Ajaccio,Ligue 1,0,-5.0878917276305256,-0.2720906163813583,-76.0597,-28.659397
4249,Wilfried Moimbé,Left Back,Nantes,Ligue 1,2,-1.2013913875855158,1.0200163331403234,-13.641409,15.084615
7441,Marvin Martin,Center Attacking Midfield,Lille,Ligue 1,1,2.505174088460315,0.3503708860559518,34.40761,33.669838
10448,Adam Ounas,Right Wing,Bordeaux,Ligue 1,4,2.790286917722604,-3.5202596008402516,30.47996,-45.704147
7365,Rémi Mulumba,0,Lorient,Ligue 1,7,0.8846238487255172,0.4161915895979057,-29.288977,15.046085
106683,Saïdi Ntibazonkiza,Center Forward,Caen,Ligue 1,4,1.5697951134891277,-3.308962145873532,18.70731,-36.350243
10461,Alexis Alégué Elandi,0,Nantes,Ligue 1,3,-1.1431683630660456,-5.101830117609776,7.342421,-63.306675
7269,Nicolas Douchez,0,Paris Saint-Germain,Ligue 1,0,-3.756322128680318,1.7709851281841948,-70.91585,10.834799
34539,Hervin Scicchitano Ongenda,0,Paris Saint-Germain,Ligue 1,7,0.7262629739962524,1.6187287057095214,12.809814,63.151077
90746,Alassane Touré,Right Back,Gazélec Ajaccio,Ligue 1,1,2.892307684325953,1.0315013340983767,41.056316,15.435836
23835,Yaw Yeboah,0,Lille,Ligue 1,2,-1.2647509696305725,-0.5548663412195485,-24.137344,-19.650654
401775,Hugo Rodriguez,0,Stade de Reims,Ligue 1,2,-1.174557098437651,-0.6674987908557332,-14.683276,-11.59763
7432,Valentin Lavigne,0,Lorient,Ligue 1,4,1.9114602905464406,-1.6472030542965075,12.101831,-28.133865
8385,Ludovic Lamine Sané,Right Center Back,Bordeaux,Ligue 1,2,-0.10833003272127481,2.1251466216437693,-11.07672,33.67306
3020,Rodrigue Casimir Ninga,Center Forward,Montpellier,Ligue 1,4,1.030869304073182,-3.247865441580154,17.690084,-45.69312
2971,Romain Genevois,0,OGC Nice,Ligue 1,7,2.3880494693831413,3.0180887786392656,30.539192,44.93589
3200,Renaud Cohade,0,Saint-Étienne,Ligue 1,1,2.820328591971768,0.7356464441666739,31.832811,33.534603
7230,Grégory Bourillon,0,Stade de Reims,Ligue 1,5,2.4169198454362135,0.247437876314723,46.59001,12.019869
16056,Niklas Hult,Left Center Midfield,OGC Nice,Ligue 1,1,1.29943337875129,0.8696710853725583,24.635061,20.808432
10233,Nicole Billa,Center Forward,Austria Women's,UEFA Women's Euro,6,-0.6580158326603699,-3.320644451684586,-10.555859,-52.933575
10236,Sarah Zadrazil,Right Center Midfield,Austria Women's,UEFA Women's Euro,1,0.7114752291869086,0.42580111984226454,20.66899,9.991371
10240,Sarah Puntigam,Center Defensive Midfield,Austria Women's,UEFA Women's Euro,2,-0.7405913512883393,-0.33595054226737664,-3.6007676,-16.379145
10241,Carina Wenninger,Right Center Back,Austria Women's,UEFA Women's Euro,2,-2.142398769120731,0.8373788052361771,-19.529245,12.669796
10242,Laura Feiersinger,Left Center Midfield,Austria Women's,UEFA Women's Euro,1,0.757992422392703,-0.48610468480613717,24.271254,-12.161221
10247,Katharina Schiechtl,0,Austria Women's,UEFA Women's Euro,3,1.537810388008441,-1.9397681215747462,13.645948,-60.091946
10248,Verena Hanshaw,Left Back,Austria Women's,UEFA Women's Euro,2,-1.9259459260689746,0.9048333122806242,-14.37027,17.609549
32341,Julia Hickelsberger Füller,Right Wing,Austria Women's,UEFA Women's Euro,4,1.4629108296964655,-5.4955420367019,21.788498,-42.807835
43038,Marina Georgieva,Left Center Back,Austria Women's,UEFA Women's Euro,2,-0.6650315180102561,0.40197726000872736,-17.448177,12.11072
43039,Katharina Naschenweng,Left Wing,Austria Women's,UEFA Women's Euro,3,2.656282236106293,-5.212165930943031,24.157518,-59.357746
43046,Barbara Dunst,Right Wing,Austria Women's,UEFA Women's Euro,6,-1.169353877659317,-3.1611706214254736,-25.189322,-29.362185
46973,Laura Wienroither,Right Back,Austria Women's,UEFA Women's Euro,5,2.868920508200215,1.1569968815020175,44.779976,8.26294
10385,Ada Stolsmo Hegerberg,Center Forward,Norway Women's,UEFA Women's Euro,6,0.8926964487713069,-4.703479053228181,8.435997,-52.479
10390,Anja Sønstevold,Right Back,Norway Women's,UEFA Women's Euro,7,0.29111243373475787,4.406735246530063,-2.7715425,66.26201
24706,Sophie Roman Haug,0,Norway Women's,UEFA Women's Euro,3,-1.4736128277333738,-7.115959280506116,3.74101,-66.664696
87194,Celin Bizet Ildhusøy,0,Norway Women's,UEFA Women's Euro,5,2.5893717060516686,-0.781257182141806,33.3186,5.050796
191851,Julie Blakstad,Left Back,Norway Women's,UEFA Women's Euro,5,4.317460299446063,0.22975254951064647,47.963936,13.2667055
276288,Tuva Hansen,Right Back,Norway Women's,UEFA Women's Euro,7,0.11366176273222951,2.335502097056236,-0.5859573,38.05172
276301,Elisabeth Terland,0,Norway Women's,UEFA Women's Euro,6,-2.3927934979316974,-2.5463699615339928,-27.44235,-38.629776
276302,Guro Pettersen,Goalkeeper,Norway Women's,UEFA Women's Euro,0,-4.490499802575389,0.7026375050134517,-68.570175,1.0170819
276303,Thea Bjelde,0,Norway Women's,UEFA Women's Euro,1,0.6337457030929352,1.4022102325945995,25.037315,13.643523
276304,Guro Bergsvand,Right Center Back,Norway Women's,UEFA Women's Euro,7,1.5833093556474394,4.46811529165391,0.9719273,66.865616
45371,Lauren Wade,Right Wing,Northern Ireland,UEFA Women's Euro,6,-0.06995312052271409,-3.2400017923211437,22.61807,-20.65085
110841,Sarah Cathryn Ann Robson,Center Back,Northern Ireland,UEFA Women's Euro,2,-1.0337462141249782,0.8658330448066596,-12.165831,1.350018
224848,Jacqueline Burns,Goalkeeper,Northern Ireland,UEFA Women's Euro,0,-3.3948692785500483,2.04707170932962,-81.952255,7.1828246
276292,Rebecca Mckenna,0,Northern Ireland,UEFA Women's Euro,1,0.2724624923594071,-0.25271471831968007,17.944149,0.38711303
276293,Kirsty McGuinness,Left Wing,Northern Ireland,UEFA Women's Euro,1,0.7780131492948164,-2.0638379173984824,18.910563,-17.02752
276295,Abbie Magee,Right Wing Back,Northern Ireland,UEFA Women's Euro,2,-1.9227066472547485,0.01858731482542379,-3.918683,-19.069626
276298,Julie Nelson,Right Center Back,Northern Ireland,UEFA Women's Euro,0,-3.009347025939504,-0.6342442293705863,-49.355885,-1.4106383
276299,Demi Vance,Left Wing Back,Northern Ireland,UEFA Women's Euro,0,-3.2756756920227423,-0.3552214327077352,-28.963364,-21.534744
276300,Marissa Callaghan,Right Defensive Midfield,Northern Ireland,UEFA Women's Euro,6,-2.4734176314368232,-1.651104906372958,-45.528862,-14.737246
32210,Laia Aleixandri López,Center Defensive Midfield,Spain Women's,UEFA Women's Euro,7,1.7585345696922605,4.628099743650734,7.3642883,65.81934
32838,Claudia Pina Medina,Center Forward,Spain Women's,UEFA Women's Euro,3,3.47246567459952,-3.3796911609318667,35.69118,-50.85189
49830,María Isabel Rodríguez Rivero,0,Spain Women's,UEFA Women's Euro,0,-4.4715627586404745,0.678482256083355,-64.914375,5.986843
49832,Marta Cardona De Miguel,Right Wing,Spain Women's,UEFA Women's Euro,3,-1.2367825239799213,-3.931956037065829,3.9701643,-61.73996
49835,Teresa Abelleira Dueñas,0,Spain Women's,UEFA Women's Euro,7,3.879130458155264,3.233972773280029,25.424852,61.088234
49836,Olga  Carmona García,0,Spain Women's,UEFA Women's Euro,7,3.4226145033089006,2.0353564518849816,26.626743,52.65186
49913,Athenea del Castillo Belvide,Left Wing,Spain Women's,UEFA Women's Euro,4,2.58125578729646,-2.890961381508295,29.385792,-44.16284
50146,Esther Gonzalez Rodríguez,Center Forward,Spain Women's,UEFA Women's Euro,3,0.38929348352013726,-5.517150081523487,11.764289,-66.38528
50150,Irene Guerrero Sanmartín,Left Center Midfield,Spain Women's,UEFA Women's Euro,7,6.293363619182783,0.058166386127858356,28.697918,63.324863
51062,Sheila García Gómez,Right Back,Spain Women's,UEFA Women's Euro,4,5.225236575654014,0.8066942860582337,48.41329,-46.171036
13713,Linda Sällström,Right Center Forward,WNT Finland,UEFA Women's Euro,6,-2.460767026291742,-2.5225828932509096,-26.864008,-35.162994
13860,Anna Åsa Olivia Westerlund,Right Center Back,WNT Finland,UEFA Women's Euro,0,-2.877116944191613,0.9091403926131514,-4.8793707,-18.709751
13862,Emmi Alanen,Left Defensive Midfield,WNT Finland,UEFA Women's Euro,1,2.307303716231629,1.4753583772101162,38.601505,15.245209
13865,Natalia Kuikka,Left Center Back,WNT Finland,UEFA Women's Euro,7,0.24071462171753785,2.2900998328995055,-36.805405,20.086107
13896,Essi Sainio,Right Midfield,WNT Finland,UEFA Women's Euro,1,1.8994802119358623,0.060443336806730315,41.1592,5.6521387
32232,Sanni Maija Franssi,Left Center Forward,WNT Finland,UEFA Women's Euro,2,-1.1110279011634037,-0.8340484708081609,3.2288632,-10.224719
45018,Katriina Talaslahti,0,WNT Finland,UEFA Women's Euro,0,-4.0562340960253325,1.1361585372822849,-85.78821,-2.584139
191850,Eveliina Summanen,Right Defensive Midfield,WNT Finland,UEFA Women's Euro,7,0.7411952438660503,1.2767999268673251,9.26043,33.54473
225161,Elli Pikkujämsä,Left Center Back,WNT Finland,UEFA Women's Euro,1,-0.011091340493182427,1.3511094454447545,20.971989,5.476589
225383,Ria Öling,Left Midfield,WNT Finland,UEFA Women's Euro,1,2.0141521601806542,-1.2470758765265602,36.54012,-9.983317
10109,Sanne Troelsgaard-Nielsen,Right Defensive Midfield,Denmark Women's,UEFA Women's Euro,5,4.360866623264931,0.006377416828334201,42.92119,6.973667
10111,Simone Boye-Sørensen,Left Center Back,Denmark Women's,UEFA Women's Euro,7,-1.058926502251343,2.4735599052899153,-19.627716,56.321342
10275,Sofie Junge Pedersen,Left Defensive Midfield,Denmark Women's,UEFA Women's Euro,2,-0.999564006473133,0.3365592510042551,-22.4991,-4.2755566
24460,Signe Kallesøe Bruun,Center Forward,Denmark Women's,UEFA Women's Euro,6,-1.9740192996331885,-3.891632120503281,0.71712786,-54.85934
32229,Sara Holmgaard,0,Denmark Women's,UEFA Women's Euro,1,0.43053802839632305,-0.7840734137946705,12.413754,-7.9064674
32230,Karen Holmgaard,0,Denmark Women's,UEFA Women's Euro,2,-0.03130229497584451,-0.09517547394630327,-4.2723246,-6.59763
62712,Sofie Svava,Left Wing Back,Denmark Women's,UEFA Women's Euro,2,-1.8179484003323454,-0.05264439276491786,-18.51668,-2.942768
87185,Stine Ballisager Pedersen,Center Back,Denmark Women's,UEFA Women's Euro,7,-1.1443334680875206,2.6885621085307623,-19.361063,56.619484
87187,Mille Gejl Jensen,Left Attacking Midfield,Denmark Women's,UEFA Women's Euro,4,2.4172035193671086,-1.791326230607855,46.477177,-18.328995
87191,Rikke Marie Madsen,Left Attacking Midfield,Denmark Women's,UEFA Women's Euro,5,4.0151929067886,-1.233483577735828,50.753006,3.8810205
87195,Janni Thomsen,Right Wing Back,Denmark Women's,UEFA Women's Euro,1,0.3290954879284617,-1.1908260472748962,13.900434,-13.218464
224830,Sofie Bruun Bredgaard,0,Denmark Women's,UEFA Women's Euro,1,2.102532478350375,-1.0231600605903404,31.425459,-0.46340573
276442,Lene Christensen,Goalkeeper,Denmark Women's,UEFA Women's Euro,0,-4.572949861095004,0.49939489926719305,-73.31677,-7.4889655
276443,Kathrine Møller Kühl,Right Defensive Midfield,Denmark Women's,UEFA Women's Euro,1,2.415530780150753,0.05521811142292233,38.087994,-3.9251623
24883,Sydney Lohmann,Right Center Midfield,Germany Women's,UEFA Women's Euro,4,4.090067415138755,-0.363991939982071,53.073006,-16.545286
32355,Felicitas Rauch,Left Back,Germany Women's,UEFA Women's Euro,7,0.3194040637737417,2.1027448309935926,4.2666836,40.369778
46549,Nicole Anyomi,0,Germany Women's,UEFA Women's Euro,1,1.0516287425313826,-0.18847583678290555,26.797358,-19.167713
46975,Tabea Waßmuth,0,Germany Women's,UEFA Women's Euro,6,-0.21727645393116476,-4.580695999822915,-6.018353,-26.480597
46986,Lena Lattwein,Right Center Midfield,Germany Women's,UEFA Women's Euro,2,-0.3750159515034287,-0.4688070237760178,-34.134224,17.36852
46987,Jule Brand,Left Wing,Germany Women's,UEFA Women's Euro,4,1.6264900999274035,-1.9060477748993538,23.12385,-33.592712
47006,Sophia Kleinherne,0,Germany Women's,UEFA Women's Euro,5,2.8361946193560943,-0.12307580288381599,54.82215,9.498708
47022,Laura Freigang,0,Germany Women's,UEFA Women's Euro,4,-0.2589977556987897,-1.0028589747855658,43.052258,-30.825285
10400,Gaëlle Thalmann,Goalkeeper,Switzerland Women's,UEFA Women's Euro,0,-3.6671262458653358,1.7744697540116698,-76.9796,9.022447
10407,Eseosa Aigbogun,Left Back,Switzerland Women's,UEFA Women's Euro,7,0.7677857602901562,2.2556604072379716,11.588136,26.277866
10416,Rahel Kiwic,Left Center Back,Switzerland Women's,UEFA Women's Euro,1,1.3682181478746358,-1.2248494238185936,0.2936472,-29.439058
10417,Viola Calligaris,Right Center Back,Switzerland Women's,UEFA Women's Euro,1,0.24637498148564668,1.8336002197435133,10.979609,13.415556
10419,Géraldine Reuteler,Left Midfield,Switzerland Women's,UEFA Women's Euro,5,3.521551268368298,0.04561260610580289,48.47411,-6.206198
31630,Coumba Sow,Center Attacking Midfield,Switzerland Women's,UEFA Women's Euro,6,0.41300743301958553,-1.5641462714590355,1.0305021,-33.756886
32099,Livia Peng,0,Switzerland Women's,UEFA Women's Euro,0,-4.413453172674061,0.6748838214357855,-77.18786,-2.702487
32101,Julia Stierli,0,Switzerland Women's,UEFA Women's Euro,7,-0.7330867929152897,2.3689467595951137,-19.604359,56.27752
43045,Sandrine Mauron,Center Defensive Midfield,Switzerland Women's,UEFA Women's Euro,2,-2.5588509532340837,-0.3926983828429997,-43.40189,-17.269758
46972,Luana Bühler,0,Switzerland Women's,UEFA Women's Euro,7,3.517200887965365,5.094260696554862,16.706266,64.67141
63073,Sandy Mändly,Left Defensive Midfield,Switzerland Women's,UEFA Women's Euro,1,0.5103797747835701,0.11886816986442203,19.56096,10.788718
135324,Svenja Fölmli,0,Switzerland Women's,UEFA Women's Euro,6,-1.6915183580061406,-2.3001483478972755,-22.849773,-33.81781
135325,Riola Xhemaili,0,Switzerland Women's,UEFA Women's Euro,3,4.04483521603548,-5.209229348505187,12.325546,-59.261543
276579,Nadine Riesen,0,Switzerland Women's,UEFA Women's Euro,2,-0.4777712091509185,0.317645329830821,-2.7349365,-13.400101
10140,Dolores Isabel Jacome Silva,Center Defensive Midfield,Portugal Women's,UEFA Women's Euro,2,-1.4276749428798112,0.3016557584735028,-36.146725,4.662293
10141,Ana Borges,Left Center Forward,Portugal Women's,UEFA Women's Euro,1,2.1374178846277094,1.8114810505462595,41.44774,11.042937
10145,Patricia Isabel Sousa Barros Morais,0,Portugal Women's,UEFA Women's Euro,0,-4.6117033786881825,0.4817095654978729,-68.363144,-1.8054979
10162,Carole da Silva Costa,Left Center Back,Portugal Women's,UEFA Women's Euro,2,-1.6679254727074975,1.2436208518353788,-18.067686,39.14706
10167,Tatiana Vanessa Ferreira Pinto,Left Center Midfield,Portugal Women's,UEFA Women's Euro,1,1.5329769635683728,0.2142829318479417,31.583788,11.427943
32054,Jéssica da Silva,Right Center Forward,Portugal Women's,UEFA Women's Euro,4,2.4686719703471485,-2.9107688892298778,17.188599,-17.17565
32143,Diana Catarina Ribeiro Gomes,Right Center Back,Portugal Women's,UEFA Women's Euro,2,0.3261275878214803,0.5899833920078957,5.1664076,19.340757
34872,Inês Teixeira Pereira,Goalkeeper,Portugal Women's,UEFA Women's Euro,0,-4.575226067118315,0.45600409195078584,-72.8407,-7.6169567
34873,Fátima Alexandra Figueira Pinto,Right Center Midfield,Portugal Women's,UEFA Women's Euro,1,2.0590272774073353,0.12457562391428498,34.432003,4.587291
34875,Andreia Alexandra Norton,Right Center Midfield,Portugal Women's,UEFA Women's Euro,1,2.630874674874433,-0.5151138862170194,38.748837,-9.125093
45144,Joana Filipa Gaspar Silva Marchão,Left Back,Portugal Women's,UEFA Women's Euro,7,0.2586143828456345,2.356403536064374,-0.56371474,38.27762
62905,Catarina Amado,Right Back,Portugal Women's,UEFA Women's Euro,1,2.2652742058945003,0.9816642817071286,39.204453,6.387638
62913,Francisca Ramos Ribeiro Nazareth Sousa,Left Center Forward,Portugal Women's,UEFA Women's Euro,4,1.368285561109114,-0.9224225922284047,37.094975,-37.459827
142944,Lúcia Catarina Sousa Alves,0,Portugal Women's,UEFA Women's Euro,1,2.5158721226049567,-0.3786611201282243,43.666126,-15.123831
276577,Telma Raquel Velosa Encarnação,Left Center Forward,Portugal Women's,UEFA Women's Euro,3,4.973947937034538,-10.353650621802373,16.45019,-69.56442
32405,Rebecka Blomqvist,0,Sweden Women's,UEFA Women's Euro,3,-0.6214531380424843,-6.439124565334187,7.1253896,-65.9892
34499,Hanna Ulrika Bennison,Right Defensive Midfield,Sweden Women's,UEFA Women's Euro,4,0.3214667116344276,-1.256895805885137,1.9842957,-28.268974
62666,Ingrid Filippa Angeldal,Right Defensive Midfield,Sweden Women's,UEFA Women's Euro,4,1.711390326842744,-1.2099297430265012,31.538046,-23.946177
62710,Johanna Rytting-Kaneryd,Right Midfield,Sweden Women's,UEFA Women's Euro,4,0.24068423836138755,-1.173829020113351,23.74918,-31.20659
32333,Lynn Wilms,Right Back,Netherlands Women's,UEFA Women's Euro,2,0.39350249984366337,1.1739323640758852,9.108019,33.48035
32339,Daphne van Domselaar,Goalkeeper,Netherlands Women's,UEFA Women's Euro,0,-4.111061580380671,1.1762843245873595,-73.228935,4.7242694
62951,Aniek Nouwen,Left Center Back,Netherlands Women's,UEFA Women's Euro,5,3.0707111740087374,2.6371235605765855,49.316055,17.27757
62962,Esmee Brugts,0,Netherlands Women's,UEFA Women's Euro,4,4.242437858378664,-0.08154253127810822,52.756504,-30.25087
221888,Kerstin Yasmijn Casparij,0,Netherlands Women's,UEFA Women's Euro,7,0.2653737786426068,1.9065087796124423,4.121297,38.50184
221890,Marisa Christiane Wilhelmina Olislagers,Left Back,Netherlands Women's,UEFA Women's Euro,5,4.58381475080159,3.6688136995122917,51.989643,17.568598
15285,Ouleymata Sarr,Center Forward,France Women's,UEFA Women's Euro,4,5.235661590241807,-4.555978992788218,51.18892,-38.69807
15419,Marie-Antoinette Katoto,Center Forward,France Women's,UEFA Women's Euro,3,-1.367829042436166,-5.258965740735786,9.765505,-65.334435
15471,Selma Bacha,Left Wing,France Women's,UEFA Women's Euro,7,4.151600620925771,1.2726614811276271,45.946407,34.600254
24459,Sandy Baltimore,Left Wing,France Women's,UEFA Women's Euro,3,1.0947328405919352,-2.848371690431263,27.361713,-57.953743
30971,Sandie Toletti,Left Center Midfield,France Women's,UEFA Women's Euro,2,0.16566470334302902,1.6393842653845907,-3.1820076,34.630455
31614,Melvine Malard,Right Wing,France Women's,UEFA Women's Euro,3,0.5666503681767964,-3.5917864187909903,27.288347,-58.146942
31636,Clara Mateo,0,France Women's,UEFA Women's Euro,4,2.586234285467963,-1.9209193392777337,45.180187,-30.00328
32152,Francesca Durante,0,Italy Women's,UEFA Women's Euro,0,-3.659508195725646,1.780208211859738,-71.67783,10.866167
32162,Arianna Caruso,Center Attacking Midfield,Italy Women's,UEFA Women's Euro,4,0.7950736277739198,-2.036446002975607,11.099651,-33.18393
45737,Martina Piemonte,Center Attacking Midfield,Italy Women's,UEFA Women's Euro,3,3.6876663926983646,-5.43282408702655,20.656576,-59.93504
45742,Flaminia Simonetti,Left Defensive Midfield,Italy Women's,UEFA Women's Euro,7,1.3253018532241798,1.1289504200122584,26.629997,32.419575
46224,Lucia Di Guglielmo,Right Back,Italy Women's,UEFA Women's Euro,2,-0.3455394598918021,1.1277097903053894,-21.887733,7.697501
49972,Martina Lenzini,0,Italy Women's,UEFA Women's Euro,0,-2.0686893618274405,1.25976066347208,-28.880848,2.9990456
10119,Glódís Perla Viggósdóttir,Right Center Back,Iceland Women's,UEFA Women's Euro,1,0.17828927656656585,0.3762404420228437,15.563668,10.871292
10120,Hallbera Guðný Gísladóttir,Left Back,Iceland Women's,UEFA Women's Euro,2,-2.633422704001811,1.254439142409723,-43.986275,-1.4204996
10130,Sif Atladóttir,Right Back,Iceland Women's,UEFA Women's Euro,2,-2.7930786742915044,1.321542611297965,-43.365345,-1.4927429
10134,Agla María Albertsdóttir,Left Defensive Midfield,Iceland Women's,UEFA Women's Euro,2,-1.7701772246148642,-1.7305919785989774,6.6805663,-17.532799
10135,Ingibjörg Sigurðardóttir,0,Iceland Women's,UEFA Women's Euro,2,-2.016238419345845,0.9091855462251299,-24.747532,34.010918
10139,Sara Björk Gunnarsdóttir,Left Center Midfield,Iceland Women's,UEFA Women's Euro,2,-2.092024534114191,-1.0187533727319904,-27.446352,-16.680037
10244,Berglind Björg Þorvaldsdóttir,Center Forward,Iceland Women's,UEFA Women's Euro,6,-2.459388532843649,-3.7514582741018594,2.444607,-58.772324
32456,Alexandra Jóhannsdóttir,Left Defensive Midfield,Iceland Women's,UEFA Women's Euro,1,0.11146196262981885,-1.1403007421644518,-3.789266,-9.03607
32460,Karólína Lea Vilhjálmsdóttir,Right Wing,Iceland Women's,UEFA Women's Euro,4,0.26311013107478254,-1.8414837684780785,20.630747,-30.584833
66399,Guðný Árnadóttir,0,Iceland Women's,UEFA Women's Euro,2,-1.8426853589315813,0.34029209230794866,-4.1119676,0.9287688
190348,Sveindís Jane Jónsdóttir,Left Wing,Iceland Women's,UEFA Women's Euro,4,1.4894327187680747,-3.554115690011008,19.103367,-38.31181
225394,Guðrún Arnardóttir,Left Center Back,Iceland Women's,UEFA Women's Euro,2,-1.5202483953473955,0.7743052322810093,-37.350197,8.773524
276898,Sandra Sigurðardóttir,Goalkeeper,Iceland Women's,UEFA Women's Euro,0,-3.995219262556819,1.3379498132310146,-79.52516,3.7269804
276899,Elísa Vidarsdóttir,0,Iceland Women's,UEFA Women's Euro,0,-3.9117572009903316,-0.48994239104932275,-50.475086,-5.966019
10100,Janice Cayman,Left Wing,Belgium Women's,UEFA Women's Euro,1,-0.2862263438417877,-1.156087141372312,6.057418,-26.830406
10103,Tinne De Caigny,Center Attacking Midfield,Belgium Women's,UEFA Women's Euro,1,-0.23941800289950532,-0.3787677384785343,19.052578,11.697854
10105,Davina Philtjens,Left Back,Belgium Women's,UEFA Women's Euro,2,-1.6442577184396543,1.115679491741811,-37.951435,2.5763383
10388,Laura Deloose,0,Belgium Women's,UEFA Women's Euro,1,-0.04843073227544665,1.599954822613865,22.713991,6.1192665
63308,Justine Vanhaevermaet,Right Defensive Midfield,Belgium Women's,UEFA Women's Euro,1,0.6247823093064192,-0.6850815988056286,14.102197,-4.6905456
135217,Lisa Lichtfus,0,Belgium Women's,UEFA Women's Euro,0,-3.9970950684499447,1.388534341158128,-72.701065,7.672382
257837,Elena Dhont,Right Wing,Belgium Women's,UEFA Women's Euro,5,2.640066649122297,-1.7727879621897307,44.62545,0.5334386
276896,Nicky Evrard,Goalkeeper,Belgium Women's,UEFA Women's Euro,0,-3.307660600308003,2.4281971519506635,-77.763466,10.993013
276897,Laura De Neve,Left Center Back,Belgium Women's,UEFA Women's Euro,7,-0.065748404393445,3.0654651592252806,-20.772013,40.35915
276903,Marie Minnaert,0,Belgium Women's,UEFA Women's Euro,6,-1.1034505372458334,-2.289712884343922,-22.870218,-34.377556
276905,Hannah Eurlings,Center Forward,Belgium Women's,UEFA Women's Euro,4,0.9840171933733927,-2.0211854071329545,8.732802,-45.986927
276906,Sari Kees,Right Center Back,Belgium Women's,UEFA Women's Euro,2,0.13218301343012095,2.138201833617173,-3.3329968,32.464474
276907,Amber Tysiak,0,Belgium Women's,UEFA Women's Euro,1,-0.027676773562736248,1.1669068193746093,-2.0378714,16.41718
276908,Jody Vangheluwe,Right Back,Belgium Women's,UEFA Women's Euro,1,1.2486937543314416,1.0505583252023232,41.79945,9.772767
2935,Nordi Mukiele Mulere,Right Center Back,Paris Saint-Germain,Ligue 1,7,0.9849969328387349,2.074883241984184,14.641545,37.349743
34639,Vitor Machado Ferreira,Right Defensive Midfield,Paris Saint-Germain,Ligue 1,7,2.7953419587988457,3.2934941668571596,22.623198,61.362988
144059,Warren Zaire Emery,Left Defensive Midfield,Paris Saint-Germain,Ligue 1,7,3.4633980656941667,2.468377993836168,37.30734,45.92905
8704,Mateusz Wieteska,Right Center Back,Clermont Foot,Ligue 1,2,-0.5355647023091209,1.1697180864087002,-9.276568,-17.401129
23537,Komnen Andrić,Center Forward,Clermont Foot,Ligue 1,6,-2.0393693529513492,-1.432575187556273,-24.940744,-43.487087
24665,Vivaldo Borges dos Santos Neto,Left Back,Clermont Foot,Ligue 1,1,0.6849227067818789,1.4662170724843857,9.458417,12.767555
29786,Elbasan Rashani,Left Wing,Clermont Foot,Ligue 1,2,-0.9279602547189674,-1.5677628572687203,-5.5200043,-29.135597
32481,Muhammed Cham Saracevic,Center Attacking Midfield,Clermont Foot,Ligue 1,7,-0.44356314235633526,0.09353081883555164,42.926605,-30.926086
48502,Mory Diaw,Goalkeeper,Clermont Foot,Ligue 1,0,-3.9897518089249355,1.2968719823775277,-76.7861,6.1519537
2937,Christ-Emmanuel Faitout Maouassa,Right Midfield,Montpellier,Ligue 1,1,-0.5451817646381528,0.23884221326404725,10.787305,-13.660779
7452,Téji Savanier,Left Center Midfield,Montpellier,Ligue 1,5,6.4187836412604815,1.14714786177424,53.731403,23.609266
24815,Théo Sainte-Luce,Left Back,Montpellier,Ligue 1,1,1.9080632197324787,0.19461349005869816,37.59794,2.3322191
135043,Enzo Gianni Tchato Mbiayi,Right Back,Montpellier,Ligue 1,2,-0.17422668129546326,0.4560653919682994,0.95523906,-25.323185
16807,Ismaily Gonçalves dos Santos,Left Back,Lille,Ligue 1,5,3.919586014580878,1.8908722599415353,58.633717,-10.247498
22148,Bafodé Diakité,Right Back,Lille,Ligue 1,7,2.345315306845851,1.47384886232258,12.096011,55.630535
39600,Lucas Chevalier,0,Lille,Ligue 1,0,-3.6726744932248647,1.7592776137961532,-72.58825,10.680855
21368,Benoît Badiashile Mukinayi,Left Center Back,AS Monaco,Ligue 1,2,-2.5570219474866582,1.5729219187137278,-42.81498,-5.2178206
24806,Mohamed Camara,Left Defensive Midfield,AS Monaco,Ligue 1,7,0.6970722922082638,3.0543651674128176,10.625496,40.297752
8343,Stijn Spierings,Right Defensive Midfield,Toulouse,Ligue 1,5,3.5584520347901853,3.436240668008412,46.780937,22.352766
21405,Branco van den Boomen,Left Defensive Midfield,Toulouse,Ligue 1,3,3.0561861649874174,-1.3154477198883041,31.812107,-55.583786
21736,Zakaria Aboukhlal,Left Wing,Toulouse,Ligue 1,6,-0.9952521415461756,-3.1354955842149668,14.213369,-48.54422
23643,Brecht Dejaegere,Left Defensive Midfield,Toulouse,Ligue 1,2,-2.0832968473425124,1.4455124490073887,-53.4273,9.975413
24490,Mikkel Desler,Right Wing Back,Toulouse,Ligue 1,1,1.4102986596293459,2.088608060610545,20.195127,30.311672
24702,Rasmus Nicolaisen,Center Back,Toulouse,Ligue 1,5,2.8128403759743965,1.5429846355988384,53.262527,7.3290496
32752,Rafael Rogério da Silva,Right Wing,Toulouse,Ligue 1,4,3.2755610322969133,-0.2076337448588505,41.94158,-6.932963
32952,Moussa Diarra,Left Center Back,Toulouse,Ligue 1,7,-0.09305960668580397,3.101275572993354,-18.009348,55.022457
41749,Thijs Dallinga,Center Forward,Toulouse,Ligue 1,3,-2.048575301265975,-5.14982116830165,-29.082441,-42.41953
45557,Logan Costa,Center Back,Toulouse,Ligue 1,7,1.1732964163726496,3.2047282217853494,16.475765,31.654396
47619,Anthony Rouault,Right Center Back,Toulouse,Ligue 1,1,1.684539880108751,1.0716792755847526,28.460497,8.8908415
217047,Fares Chaïbi,Left Wing,Toulouse,Ligue 1,2,-1.55991488474535,-0.8105944767396949,-36.6741,-24.011528
66886,Mostafa Mohamed Ahmed Abdallah,Center Forward,Nantes,Ligue 1,3,-0.35989098964339,-5.133103278819351,6.4555516,-60.061226
3199,Pierre Lees Melou,Left Wing,Stade Brestois,Ligue 1,7,0.8113591068108797,2.404323234759701,9.636057,40.229744
7198,Franck Honorat,Right Wing,Stade Brestois,Ligue 1,4,0.436864827252176,-1.3088935063556664,10.403118,-31.744514
7273,Jean-Kevin Duverne,Left Wing Back,Stade Brestois,Ligue 1,1,0.11376446977327158,1.466793832416127,15.53872,40.932507
7325,Haris Belkebla,Right Defensive Midfield,Stade Brestois,Ligue 1,1,2.8676429327046304,2.1820951248567586,55.944725,19.555277
7628,Brendan Chardonnet,Center Back,Stade Brestois,Ligue 1,2,-1.857234784118189,1.9536298352192696,-45.100426,8.83029
23206,Hugo Magnetti,Left Defensive Midfield,Stade Brestois,Ligue 1,1,3.0116471763229047,1.285614606188135,38.487774,-3.1997504
29284,Lilian Brassier,Left Center Back,Stade Brestois,Ligue 1,2,-1.4045218112181965,1.664188277230959,-43.481705,9.952182
30533,Noah Fadiga,Right Wing Back,Stade Brestois,Ligue 1,1,1.8903387045177156,1.5866770021348129,6.890085,9.721996
103464,Mohamed Youcef Belaïli,0,Stade Brestois,Ligue 1,5,5.672485749216872,-0.2726049846670681,49.60484,-9.501803
139016,Achraf Dari,Right Center Back,Stade Brestois,Ligue 1,1,0.25470726215211914,1.1536521741634809,15.675373,11.440067
3680,Thiago Henrique Mendes Ribeiro,Right Center Back,Lyon,Ligue 1,5,3.5393753390200002,2.3854380196429807,58.544598,12.098758
22319,Romain Faivre,0,Lyon,Ligue 1,4,2.4905255791812895,-2.1919541148024937,51.40829,-22.536457
45975,Johann Lepenant,Right Defensive Midfield,Lyon,Ligue 1,1,2.6715904303177225,1.6829394144412881,29.617525,15.947913
3013,Nicolas Pépé,Right Wing,OGC Nice,Ligue 1,4,1.8776166764571982,-1.5860182997247405,28.360798,-54.087627
36865,Mattia Viti,Left Center Back,OGC Nice,Ligue 1,7,0.10902585129726332,1.7967160601386365,-9.362393,53.80235
30040,Nuno Albertino Varela Tavares,Left Wing Back,Marseille,Ligue 1,4,2.2600221817069146,-0.1223063754709455,41.920822,-35.257603
7285,Cédric Avinel,Left Center Back,AC Ajaccio,Ligue 1,0,-3.593579285218552,0.956932373845944,-54.95656,-2.0918877
7292,Mathieu Coutadeur,Left Defensive Midfield,AC Ajaccio,Ligue 1,2,-1.126932620489999,2.1764729272685406,-24.884687,35.682262
7440,Vincent Marchetti,Right Defensive Midfield,AC Ajaccio,Ligue 1,1,0.9116923008973397,-0.3501526857767752,27.358198,-13.119332
7811,Mickaël Barreto,Left Midfield,AC Ajaccio,Ligue 1,5,4.3795377433737315,-2.1396932072381842,48.574234,1.9101232
10679,Benjamin Leroy,Goalkeeper,AC Ajaccio,Ligue 1,0,-4.685822031845252,0.3855945623923639,-69.202774,-3.5493078
20879,Mounaim El Idrissy,Right Center Forward,AC Ajaccio,Ligue 1,6,-1.5166314080781378,-2.2324692325554616,-17.804972,-44.918728
21992,Mohamed Youssouf,Right Back,AC Ajaccio,Ligue 1,2,-0.4843391373275276,1.691792671281063,6.23107,12.819194
28444,Oumar Gonzalez,Right Center Back,AC Ajaccio,Ligue 1,1,-0.05743271026155155,1.4791836890822094,24.24236,2.0991445
33210,Clément Vidal,0,AC Ajaccio,Ligue 1,2,-3.087925803367093,1.2016117716074934,-54.452293,3.0252006
33397,François-Joseph Sollacaro,0,AC Ajaccio,Ligue 1,0,-4.797901800109091,0.160079217706663,-72.38602,-12.621903
7517,Gauthier Gallon,Goalkeeper,Troyes,Ligue 1,0,-3.9317235082036746,1.458107162537515,-72.5998,8.40137
51969,Jackson Gabriel Porozo Vernaza,Right Center Back,Troyes,Ligue 1,2,-0.7544391770692715,1.7014123875623959,6.209783,12.990153
3105,Gauthier Hein,Right Wing Back,Auxerre,Ligue 1,4,-0.7534109551342906,-1.7287495338438859,-13.342553,-31.725473
3216,Nuno Miguel da Costa Jóia,Center Forward,Auxerre,Ligue 1,6,-2.255863049331413,-2.2666487396491375,-12.219907,-41.89722
7317,Rayan Ny Aina Arnaldo Raveloson,Right Center Back,Auxerre,Ligue 1,2,0.3812348530764813,0.8540135995565533,-7.5124426,32.15289
7360,Julian Jeanvier,Left Center Back,Auxerre,Ligue 1,2,-2.2516610611412573,1.9334622211981154,-47.628353,11.982511
23374,Jubal Rocha Mendes Junior,Center Back,Auxerre,Ligue 1,0,-3.2338257461450954,0.8146832094307135,-50.684753,0.20583181
105182,Lassine Sinayoko,Right Wing,Auxerre,Ligue 1,3,1.214453183262759,-3.494518471795636,11.68901,-55.693455
4439,Abdoulaye Bamba,Right Back,Angers,Ligue 1,0,-3.191460285237047,1.1873406736671337,-54.349552,3.0852704
7359,Cédric Hountondji,Right Center Back,Angers,Ligue 1,1,-0.716235886520565,1.942786485957513,-27.320469,6.044785
21217,Himad Abdelli,Left Midfield,Angers,Ligue 1,5,8.132369145861153,3.9761709665168383,53.300606,21.493946
23319,Souleyman Doumbia,Left Back,Angers,Ligue 1,2,-1.0298657015294974,1.4853989018333031,-21.245447,32.07665
31894,Miha Blažič,Left Center Back,Angers,Ligue 1,2,-2.920469099302301,2.151669285656004,-48.137753,7.79138
44772,Batista Mendy,Right Defensive Midfield,Angers,Ligue 1,7,1.3542620394658251,2.0645152472141106,21.9717,56.02342
49520,Abdallah Dipo Sima,Left Center Forward,Angers,Ligue 1,4,-1.9321540903578605,-1.6921310882417202,-6.778377,-22.182877
291796,Jean-Mattéo Bahoya Négoce,0,Angers,Ligue 1,1,1.8380917265725796,-1.452814446636718,25.532597,-9.558867
43913,Arthur Theate,Left Center Back,Rennes,Ligue 1,7,-1.222748207570096,3.47264169946391,-6.419479,66.58724
214013,Désiré Doué,Right Wing,Rennes,Ligue 1,5,3.4612348461254676,0.497554945373062,51.648106,11.101617
23527,Junya Ito,Right Midfield,Stade de Reims,Ligue 1,1,-0.20558593316008966,-0.8622736213303692,5.3589506,-15.705686
23826,Thibault De Smet,Left Back,Stade de Reims,Ligue 1,7,-1.3923114790422362,2.8190033668520997,-49.66569,17.19284
49705,Emmanuel Agbadou,Right Center Back,Stade de Reims,Ligue 1,5,5.267110668534542,3.4488653644333858,60.652264,9.1437025
51733,Folarin Balogun,Center Forward,Stade de Reims,Ligue 1,3,-1.165804864006595,-5.949011871973246,2.7388892,-64.30069
162132,Kamory Doumbia,Right Center Midfield,Stade de Reims,Ligue 1,4,0.9311276593016711,-0.7199134338484297,42.431824,-19.875557
3031,Christopher Jullien,Center Back,Montpellier,Ligue 1,0,-4.118489612661389,0.8189295905347247,-65.83722,6.7913933
36212,Gabriel Alonso Suazo Urbina,Left Back,Toulouse,Ligue 1,2,-0.37499521044120965,1.744184516319318,-11.918396,31.175604
46258,Azzedine Ounahi,Right Center Forward,Marseille,Ligue 1,7,0.2977324996244381,1.0404800260209248,-10.42367,52.754414
7206,Fabien Centonze,Right Wing Back,Nantes,Ligue 1,1,1.7087263941139843,2.2341860631555153,39.0477,9.475148
7322,Romain Del Castillo,Left Midfield,Stade Brestois,Ligue 1,4,0.45889543297265917,-0.3271387191500573,49.29033,-25.854452
42754,Amin Sarr,Left Center Forward,Lyon,Ligue 1,2,-2.4564733855049905,-1.1565213864700339,-21.014187,-33.849117
35718,Youssouf Ndayishimiye,Center Defensive Midfield,OGC Nice,Ligue 1,7,3.7180314516283297,1.9147824958412152,21.557692,60.349644
4893,Brice Samba,Goalkeeper,Lens,Ligue 1,0,-4.474494161542525,0.6459328742735271,-67.5397,0.9972211
16275,Ikoma Loïs Openda,Center Forward,Lens,Ligue 1,3,0.6684948071588206,-5.529421582416723,5.946064,-61.06821
31029,Salis Abdul Samed,Center Attacking Midfield,Lens,Ligue 1,1,1.0132106727117638,1.5990683414342244,9.860545,10.33269
22117,Yan Valery,Right Center Back,Angers,Ligue 1,7,1.632180220059444,2.828847243113426,35.22036,25.304146
36629,Yahia Fofana,0,Angers,Ligue 1,0,-4.640173938865741,0.43906030706063504,-68.97201,-2.8101447
390553,Justin-Noël Kalumba Mwana Ngongo,Left Wing Back,Angers,Ligue 1,2,-0.4240484985129684,0.37268788581391304,-18.43867,-17.541227
30193,Gedeon Kalulu Kyatengwa,Right Wing Back,Lorient,Ligue 1,2,-0.39617917648875506,1.3070126856777557,-34.65442,15.201144
32190,Darlin Zidane Yongwa Ngameni,Left Wing Back,Lorient,Ligue 1,1,1.1980910082985512,-0.4322058261726858,34.331543,-19.520061
32450,Montassar Omar Talbi,Center Back,Lorient,Ligue 1,7,0.593153656399255,1.8434246265964385,-12.499542,29.523684
46756,Abdoul Bamo Meité,Right Center Back,Lorient,Ligue 1,1,0.8158526107019395,2.785392712987061,26.042936,3.8031845
18237,Ionuț Andrei Radu,Goalkeeper,Auxerre,Ligue 1,0,-4.876821105773077,-0.012073507195037666,-72.7169,-15.953208
21199,Han-Noah Massengo,Right Defensive Midfield,Auxerre,Ligue 1,7,2.981763317843019,2.8361137451027156,16.060059,53.17276
45979,Souleymane Isaak Toure,Left Center Back,Auxerre,Ligue 1,1,1.2670470639107483,3.174233412610246,44.09122,25.39625
3546,Morgan Sanson,Left Center Midfield,Strasbourg,Ligue 1,4,2.274375527786111,-0.7380178537769623,31.600328,-23.08736
45055,Ismael Doukoure,Right Center Back,Strasbourg,Ligue 1,2,-2.0694444097421214,0.7227561912040877,-41.21799,-8.55727
23682,Maximiliano Caufriez,Left Center Back,Clermont Foot,Ligue 1,7,-1.4450904137261111,2.7826182240105264,-49.214752,16.976433
16190,Rasmus Nissen Kristensen,Right Wing Back,Denmark,FIFA World Cup,7,1.923828104153729,3.6299223576792388,17.81164,62.110214
17043,Victor Nelsson,0,Denmark,FIFA World Cup,7,-0.45404645399758403,3.812943117846979,-4.7644567,67.92514
24547,Alexander Hartmann Bah,0,Denmark,FIFA World Cup,7,1.3769319394331991,1.9710469169627607,12.422964,42.660038
27569,Jesper Lindstrøm,Right Wing,Denmark,FIFA World Cup,4,0.9121576798935599,-2.0800030644298575,24.493645,-39.07793
9236,Mohamed Dräger,Right Wing Back,Tunisia,FIFA World Cup,1,0.780922473022262,-0.7637280731979852,14.971292,-12.236576
16352,Issam Jebali,Center Forward,Tunisia,FIFA World Cup,6,0.2506240629071687,-3.3828996499979755,-14.213076,-55.996914
23910,Youssef Msakni,Left Wing,Tunisia,FIFA World Cup,6,-0.6006649585545153,-2.744291327232801,-15.482926,-34.945026
25582,Nader Ghandri,0,Tunisia,FIFA World Cup,1,0.35242440546867704,1.3821134042378487,29.742098,-0.2227982
30681,Ali Abdi,Left Wing Back,Tunisia,FIFA World Cup,1,0.9155013521847879,1.1184110391416866,9.557998,17.896322
35592,Anis Ben Slimane,Right Wing,Tunisia,FIFA World Cup,2,-1.671388112868253,-0.8166884866462307,-24.646292,-17.782438
44955,Aïssa Bilal Laïdouni,Left Defensive Midfield,Tunisia,FIFA World Cup,2,0.14342953141755224,1.6069032820942077,3.4413707,30.374008
102816,Mohamed Ali Ben Romdhane,0,Tunisia,FIFA World Cup,1,0.8758861154416063,0.07867988904142213,27.270245,2.5021758
105943,Aymen Dahmen,Goalkeeper,Tunisia,FIFA World Cup,0,-4.631240650486201,0.33700476701198884,-71.45826,-7.5827327
105944,Wajdi Kechrida,Right Wing Back,Tunisia,FIFA World Cup,2,-1.898373840197929,1.4795689698777892,-19.885792,9.599163
136296,Bechir Ben Said,0,Tunisia,FIFA World Cup,0,-4.283060997236848,0.9971816280120428,-67.91489,5.213957
8361,Ritsu Doan,Right Wing,Japan,FIFA World Cup,4,0.5767619547110737,-3.19948231731437,17.410383,-35.563675
8949,Takuma Asano,Center Forward,Japan,FIFA World Cup,3,-1.292112462010021,-6.145229790552347,4.273012,-66.26301
9411,Daichi Kamada,Left Wing,Japan,FIFA World Cup,1,1.0929824286742884,-0.5106203900811126,35.58775,-2.6385984
23730,Takehiro Tomiyasu,Right Wing Back,Japan,FIFA World Cup,2,-1.7843316126146622,2.2131559313314093,-41.07335,14.655627
25719,Shūichi Gonda,Goalkeeper,Japan,FIFA World Cup,0,-4.597865253107757,0.4315771327627936,-73.31651,-8.037409
29595,Ko Itakura,Right Center Back,Japan,FIFA World Cup,2,0.011041233776263605,1.0523783885611075,-2.0097158,22.901747
30628,Daizen Maeda,Center Forward,Japan,FIFA World Cup,6,-2.4814611508482254,-4.465505813565604,-11.8921795,-49.706944
37208,Ao Tanaka,Right Defensive Midfield,Japan,FIFA World Cup,2,-1.6651714782013898,-0.8569361853903263,-32.000782,-7.218334
37211,Kaoru Mitoma,Left Wing Back,Japan,FIFA World Cup,5,6.539487217518638,-2.1223366650300477,52.220623,-20.365107
37215,Shogo Taniguchi,Left Center Back,Japan,FIFA World Cup,2,-2.3983241944091387,1.4054403458531508,-50.827118,6.863021
37221,Hidemasa Morita,Left Defensive Midfield,Japan,FIFA World Cup,2,-1.7102080705259668,1.1254941984394609,-51.158745,12.395352
95272,Hiroki Ito,0,Japan,FIFA World Cup,7,-0.5199827531548532,5.457000701089914,-3.1343007,70.65412
4127,David Raya Martin,0,Spain,FIFA World Cup,0,-3.2237092519493564,2.349861294470889,-76.72885,11.747305
39161,Alejandro Balde Martínez,Left Back,Spain,FIFA World Cup,5,8.518898468493882,7.008982324461057,16.218351,64.29576
68574,Nicholas Williams Arthuer,Right Wing,Spain,FIFA World Cup,4,0.7877867603130698,-1.4850281003529129,36.64889,-42.87121
133353,Pablo Martín Páez Gavira,Right Center Midfield,Spain,FIFA World Cup,7,1.087941284014316,0.5206864212390625,44.696003,-24.978283
8561,Fabian Frei,0,Switzerland,FIFA World Cup,1,0.47698587579843077,0.26236601599742276,20.069803,20.667038
16016,Michel Aebischer,0,Switzerland,FIFA World Cup,2,-0.6225636666741723,1.3260425031018854,-1.3806419,30.914392
50436,Fabian Rieder,0,Switzerland,FIFA World Cup,5,2.94849473439838,0.09702431430655896,46.6538,3.557278
7145,Darko Lazović,0,Serbia,FIFA World Cup,4,1.4127643123028215,-1.3070010299223827,32.69998,-37.493366
7993,Filip Mladenović,0,Serbia,FIFA World Cup,2,-0.2666844200612653,0.055440810037912965,-2.5007432,-14.882936
18015,Dušan Vlahović,Right Center Forward,Serbia,FIFA World Cup,3,-0.3306207189832172,-4.776821131739771,6.556693,-46.89112
20600,Vanja Milinković Savić,Goalkeeper,Serbia,FIFA World Cup,0,-3.5613393513435776,1.9010565545601985,-77.83803,9.367436
30179,Ivan Ilić,0,Serbia,FIFA World Cup,7,-0.15076533498101388,3.387414670820651,-3.3946824,65.286896
8346,Craig Goodwin,Left Midfield,Australia,FIFA World Cup,1,-0.32260025202683384,-0.9679605790978605,7.3763266,-29.050152
22293,Harry Souttar,Right Center Back,Australia,FIFA World Cup,2,-1.5804570020315742,1.5040627927831456,-36.193516,12.127831
28370,Fran Karačić,0,Australia,FIFA World Cup,1,1.2421172530288798,-0.2940602671314457,18.97807,10.186539
33477,Riley McGree,Right Center Forward,Australia,FIFA World Cup,2,-1.9929781499570487,-0.2782045059504673,-10.526775,-16.196934
33488,Keanu Baccus,Left Defensive Midfield,Australia,FIFA World Cup,2,-2.016980497711073,-0.4504995624098534,-37.637493,-16.554562
33492,Mitchell Thomas Duke,Left Center Forward,Australia,FIFA World Cup,6,-2.1961566351624464,-4.080031434978221,-11.702138,-49.070927
33495,Kye Rowles,Left Center Back,Australia,FIFA World Cup,2,-1.9793503158063417,2.5836595727997453,-47.92093,13.569444
3280,Richarlison de Andrade,Center Forward,Brazil,FIFA World Cup,3,-1.6908418182713407,-4.767694624221927,3.5948834,-59.92362
10595,Raphael Dias Belloli,Right Wing,Brazil,FIFA World Cup,4,2.3393934927775413,-2.0664662271682492,29.814924,-40.840942
11183,Alex Nicolao Telles,0,Brazil,FIFA World Cup,7,1.7200148763368117,2.340823098605664,27.08384,49.204937
11493,Gleison Bremer Silva Nascimento,0,Brazil,FIFA World Cup,7,-0.3170151831490868,3.284237728087106,-6.8791013,70.68518
25363,Antony Matheus dos Santos,Left Wing,Brazil,FIFA World Cup,4,6.4396292260125545,-0.8308707786350488,41.400795,-43.62405
29976,Gabriel Teodoro Martinelli Silva,Left Wing,Brazil,FIFA World Cup,3,2.4305684871675792,-5.706248463162553,18.906343,-66.43213
3499,Jean-Eric Maxim Choupo-Moting,Center Forward,Cameroon,FIFA World Cup,4,1.7861115297105088,-2.886229625990142,23.752834,-41.325893
4935,Bryan Mbeumo,Right Wing,Cameroon,FIFA World Cup,6,-1.6665130984622407,-1.810256047686231,-24.385708,-37.009872
7551,Enzo Ebosse,0,Cameroon,FIFA World Cup,2,-2.082471650439723,1.8093467267859062,-47.42127,4.884457
8591,Samuel Yves Oum Gwet,Left Defensive Midfield,Cameroon,FIFA World Cup,2,-1.7348128363141124,2.4730132473607966,-48.652157,16.981737
10530,Jules Olivier Ntcham,0,Cameroon,FIFA World Cup,7,2.2784856074346327,0.9611649129906596,26.562786,41.21544
11174,Vincent Paté Aboubakar,Center Attacking Midfield,Cameroon,FIFA World Cup,3,-0.09233591655131625,-6.6298373875925884,16.705452,-61.51385
12623,Pierre Kunde Malong,Left Center Midfield,Cameroon,FIFA World Cup,1,0.725920455674135,-1.0236694917068938,41.519535,-19.876717
13454,Nouhou Tolo,Left Back,Cameroon,FIFA World Cup,1,-0.05717974180502904,0.802237023411091,0.21845134,12.318602
15326,Devis Rogers Epassy Mboka,Goalkeeper,Cameroon,FIFA World Cup,0,-3.963197246599393,1.3962319462539066,-81.296616,4.425943
16015,Nicolas Moumi Ngamaleu,0,Cameroon,FIFA World Cup,2,-0.38593392565583257,-0.34751823018203754,8.422687,-13.621242
16346,Ngoran Suiru Fai Collins,Right Back,Cameroon,FIFA World Cup,1,-0.2006949519292264,2.0281098759544487,20.481598,6.6505747
30016,Martin Hongla Yma II,Center Defensive Midfield,Cameroon,FIFA World Cup,2,-0.9696665729062117,1.1308649404571958,-23.44736,38.39298
51094,Abdulelah Al Amri,Right Center Back,Saudi Arabia,FIFA World Cup,2,-0.3705340520505986,1.9219789638372817,-32.902515,12.79087
51099,Firas Tariq Nasser Al Albirakan,Right Midfield,Saudi Arabia,FIFA World Cup,2,-2.3821461571846694,-1.2656959712509495,-7.050471,-19.827892
51469,Saleh Khalid Al Shehri,Right Center Forward,Saudi Arabia,FIFA World Cup,6,-0.7359473606750496,-2.870487882639601,0.5964022,-46.657475
51546,Hassan Mohammed Al-Tambakti,Left Center Back,Saudi Arabia,FIFA World Cup,5,1.7714907539244134,1.0091576925217305,59.903816,11.234563
51710,Saud Abdullah Abdul Hamid,Left Wing Back,Saudi Arabia,FIFA World Cup,2,-1.1349430167305634,0.45840649181859605,-8.345711,-14.149656
57620,Sultan Abdullah Salim Al Ghannam,Right Back,Saudi Arabia,FIFA World Cup,2,-2.407512748087639,0.07681970689259976,-23.115662,10.5268545
15452,Carlos Uriel Antuna Romero,Left Wing,Mexico,FIFA World Cup,2,-0.593789302780863,-0.6863356083117859,-5.243044,-11.070203
26280,Orbelín Pineda Alvarado,Center Attacking Midfield,Mexico,FIFA World Cup,4,0.4589293436106095,-1.9038692852479109,-7.3596826,-34.45099
26297,Carlos Alberto Rodríguez Gómez,Center Attacking Midfield,Mexico,FIFA World Cup,4,2.317802945761163,-0.5480180311192563,38.250725,-22.117971
26301,Ernesto Alexis Vega Rojas,Left Wing,Mexico,FIFA World Cup,6,0.09024301372947455,-2.2074924642308575,1.2786547,-38.245644
26336,Johan Felipe Vásquez Ibarra,0,Mexico,FIFA World Cup,7,2.082757279688256,2.4655289301881784,13.349063,56.89446
26368,César Jasib Montes Castro,Right Center Back,Mexico,FIFA World Cup,7,0.8046659971913596,2.7192746755708193,2.9266434,55.272175
26386,Luis Francisco Romo Barrón,0,Mexico,FIFA World Cup,7,3.0223098656642184,0.8273555394532335,30.498549,57.608055
26400,Henry Josué Martín Mex,Center Forward,Mexico,FIFA World Cup,6,-2.4307998666943753,-3.928912639389487,2.7986546,-59.205284
26406,Jorge Eduardo Sánchez Ramos,Right Back,Mexico,FIFA World Cup,2,0.4521622773075122,1.704577091098124,8.991967,25.62148
27896,Gerardo Daniel Arteaga Zamora,0,Mexico,FIFA World Cup,2,0.07133962778344327,0.6576852481915323,-34.30531,17.776365
28825,Luis Gerardo Chávez Magallón,Left Defensive Midfield,Mexico,FIFA World Cup,4,1.1071135016836169,-0.5835513185357213,30.42596,-23.153559
29399,Conor Gallagher,0,England,FIFA World Cup,2,-0.20746567084620335,1.3149420184274014,-20.655071,29.186361
23763,In-Beom Hwang,Right Center Midfield,South Korea,FIFA World Cup,7,0.6669396121417256,2.3811765221238383,5.0232425,57.229305
40538,Jin-Su Kim,Left Back,South Korea,FIFA World Cup,2,-0.7149674749363262,1.1721559375267803,-9.780552,15.025022
40542,Gue-Sung Cho,Center Forward,South Korea,FIFA World Cup,6,-1.7211217819233526,-4.772086556034666,-0.41097984,-58.1122
40564,Kyung-Won Kwon,Right Center Back,South Korea,FIFA World Cup,2,-2.390269764668473,2.3573432892909634,-46.44303,10.431074
40672,Moon-Hwan Kim,Right Back,South Korea,FIFA World Cup,7,1.397714065343618,3.219648850879359,16.26333,31.711374
41711,Sang-Ho Na,0,South Korea,FIFA World Cup,1,0.20641274967949078,-1.5602316948715707,16.673077,-8.838869
43565,Min Jae Kim,0,South Korea,FIFA World Cup,7,0.9392300498223327,4.292457163802732,3.901572,62.930218
18360,Rafael Alexandre Conceição Leão,Left Wing,Portugal,FIFA World Cup,4,2.1002240096298137,-1.401721804637271,57.787888,-19.800823
32975,Diogo Meireles Costa,Goalkeeper,Portugal,FIFA World Cup,0,-4.0871860069973005,1.199154138121166,-72.687874,6.0368085
38803,Gonçalo Matias Ramos,0,Portugal,FIFA World Cup,3,-0.10685272577359396,-8.292248062916947,7.3707485,-67.03993
143854,António João Pereira Albuquerque Tavares Silva,Left Center Back,Portugal,FIFA World Cup,7,1.2101937211555849,3.6620050541929734,0.53881115,68.61287
8227,Mario Götze,0,Germany,FIFA World Cup,4,1.4316974915999106,-0.4377518883534678,41.533535,-31.606028
8546,Niclas Füllkrug,Center Forward,Germany,FIFA World Cup,3,-0.1575403939071726,-6.832911098644031,7.9160995,-66.89229
8804,Jonas Hofmann,Left Wing,Germany,FIFA World Cup,7,1.2919429923419323,-0.08831446509005084,40.92154,-33.936523
12034,David Raum,Left Back,Germany,FIFA World Cup,7,1.58565361015795,2.766202513268028,33.799976,54.04821
24118,Nico Schlotterbeck,Left Back,Germany,FIFA World Cup,7,0.6581777504426155,4.435191955726418,-2.9658105,65.80123
11456,Lautaro Javier Martínez,Center Forward,Argentina,FIFA World Cup,3,0.9426580482737655,-8.653100520044733,12.422103,-68.46282
20572,Cristian Gabriel Romero,Right Center Back,Argentina,FIFA World Cup,7,2.12317349029367,4.179032530792883,13.019303,59.771965
27768,Lisandro Martínez,0,Argentina,FIFA World Cup,7,0.44607276294321874,2.681060555601699,2.409184,57.435017
27886,Alexis Mac Allister,Left Center Midfield,Argentina,FIFA World Cup,7,1.596283323010128,0.42299482993642473,21.490095,44.708256
28263,Gonzalo Ariel Montiel,0,Argentina,FIFA World Cup,3,0.15889773971833301,-0.46056504568464124,30.967628,-58.716152
28268,Exequiel Alejandro Palacios,0,Argentina,FIFA World Cup,7,5.572197895299569,4.867059372051476,10.570616,70.31558
29201,Nahuel Molina Lucero,Right Back,Argentina,FIFA World Cup,7,-0.3341345973285987,1.9708029751746308,-20.84738,55.607803
29560,Julián Álvarez,Left Wing,Argentina,FIFA World Cup,3,-0.13716286502973712,-4.150597660027724,8.890598,-60.889618
38718,Enzo Fernandez,Center Defensive Midfield,Argentina,FIFA World Cup,7,2.6480154589918157,2.401048905777871,23.977547,59.132557
4664,Sebastian Szymański,0,Poland,FIFA World Cup,2,-0.5159557339205556,-0.18064496048617226,-2.0551574,-5.340055
4734,Matty Cash,Right Back,Poland,FIFA World Cup,2,-1.1827425881489582,1.4495059895114686,-30.908426,8.258993
11737,Krystian Bielik,Right Defensive Midfield,Poland,FIFA World Cup,2,-0.8262405872371339,1.3294124202679514,1.1964498,31.532873
31955,Jakub Kamiński,Left Midfield,Poland,FIFA World Cup,6,-1.0594342777387775,-2.034343374440452,6.7230906,-19.796202
44166,Jakub Piotr Kiwior,Left Center Back,Poland,FIFA World Cup,7,-0.3900372152227129,1.9929071139514773,-13.715989,40.774597
50502,Nicola Zalewski,0,Poland,FIFA World Cup,2,-1.2738688919477172,0.07167674647883907,-21.639984,-10.845241
8519,Dayotchanculle Upamecano,Left Center Back,France,FIFA World Cup,7,1.1126087029234826,4.162364862683588,0.8974845,67.27137
11135,Ibrahima Konaté,Right Center Back,France,FIFA World Cup,7,1.4051165059231643,4.6603888153481945,0.78367203,66.507225
24778,Eduardo Camavinga,0,France,FIFA World Cup,5,4.520139463465292,2.775534403543128,48.94543,19.711754
7379,Edouard Mendy,Goalkeeper,Senegal,FIFA World Cup,0,-4.03506785763418,1.300279913738889,-72.065674,7.33271
13314,Famara Diedhiou,0,Senegal,FIFA World Cup,6,-2.3084771057585995,-4.823700947960538,2.7269478,-62.566975
15970,Pape Abou Cissé,Right Wing,Senegal,FIFA World Cup,2,-2.329331092987522,0.4828115117092505,-27.385202,31.79779
20611,Boulaye Dia,Center Forward,Senegal,FIFA World Cup,6,-2.5941765418373994,-3.032202968490359,-19.936863,-31.51861
20758,Krépin Diatta,0,Senegal,FIFA World Cup,2,-0.9333893596068644,0.6566790981357284,-5.6411657,-15.96342
31751,Pathé Ismaël Ciss,Right Defensive Midfield,Senegal,FIFA World Cup,1,1.511229830846022,1.8517011549381268,31.90826,22.985302
80484,Iliman Ndiaye,Right Wing,Senegal,FIFA World Cup,4,4.2470080721219645,-3.6589021877442853,40.41659,-47.48956
12583,Carlos Armando Gruezo Arboleda,Center Defensive Midfield,Ecuador,FIFA World Cup,2,-1.1324580840863914,0.18772854525679347,-5.7896223,-1.6831594
30111,Felix Eduardo Torres Caicedo,Right Center Back,Ecuador,FIFA World Cup,2,-0.7386292178491893,1.5980029495608492,-8.527746,37.110878
31152,Gonzalo Jordy Plata Jiménez,Right Wing,Ecuador,FIFA World Cup,4,1.6487309998261352,-1.0822552430011516,45.181503,-19.732855
32677,Alexander Domínguez Carabalí,0,Ecuador,FIFA World Cup,0,-4.741155500323388,0.19107200918832454,-72.76467,-13.005862
34396,Michael Steveen Estrada Martínez,Center Forward,Ecuador,FIFA World Cup,6,0.05179436973871732,-2.7433747277937326,11.546242,-22.233068
37522,Hernán Ismael Galíndez,Goalkeeper,Ecuador,FIFA World Cup,0,-4.891349032008014,-0.033793317609625576,-72.81482,-16.559181
37726,Moisés Isaac Caicedo Corozo,Left Defensive Midfield,Ecuador,FIFA World Cup,2,0.5626622611742935,0.94941671214677,9.97656,31.704338
37737,Angelo Smit Preciado Quiñónez,Right Back,Ecuador,FIFA World Cup,1,-0.24423479752625074,0.41037594866210303,-5.179987,8.045278
37945,Alan Steven Franco Palma,Right Center Midfield,Ecuador,FIFA World Cup,0,-3.1497033168609754,0.047719912642968335,-53.07181,1.5577058
38004,Piero Martín Hincapié Reyna,Left Center Back,Ecuador,FIFA World Cup,7,1.9680294817617778,3.813525098939637,0.7572486,67.730705
40211,Jeremy Leonel Sarmiento Morante,Right Center Midfield,Ecuador,FIFA World Cup,5,2.2396172552787195,-1.9962857752038248,35.513268,-10.9696045
41593,William Joel Pacho Tenorio,0,Ecuador,FIFA World Cup,7,-0.4235488172401159,2.4172172866835604,-18.981377,53.431114
348757,Kevin José Rodríguez Cortez,0,Ecuador,FIFA World Cup,6,-1.074297481125141,-4.376451457343184,-15.9774685,-55.6484
114832,Zeno Debast,0,Belgium,FIFA World Cup,7,1.118714542110228,5.776734378393282,-1.9923171,71.39223
9922,David Junior Hoilett,Left Attacking Midfield,Canada,FIFA World Cup,4,0.7060340620808667,-0.45088724779500666,16.375206,-14.769901
11187,Stephen Antunes Eustáquio,Left Defensive Midfield,Canada,FIFA World Cup,7,1.8813374992483132,1.737221561358073,19.537191,47.6061
11846,Steven de Sousa Vitoria,Center Back,Canada,FIFA World Cup,7,0.13816543039421514,3.7508224658593607,3.7599845,73.43685
12365,Alphonso Davies,Left Wing Back,Canada,FIFA World Cup,4,2.2737086112467892,-0.5928589700013696,32.806046,-41.470085
12770,Jonathan Osorio,Left Defensive Midfield,Canada,FIFA World Cup,2,-1.2971178404524581,1.3082158002811284,-51.645374,13.310033
15958,Milan Borjan,Goalkeeper,Canada,FIFA World Cup,0,-4.039164839811498,1.2522666226251697,-72.96705,6.2548246
16120,Richie Laryea,Right Wing Back,Canada,FIFA World Cup,1,-0.9021666134942786,-0.19003413228396168,4.471896,-8.721347
16459,Cyle Larin,Center Forward,Canada,FIFA World Cup,6,-2.813617511278614,-2.4508140982384283,-25.798561,-35.178745
23363,Liam Millar,Left Midfield,Canada,FIFA World Cup,4,-0.5351063752659557,-2.062276697930946,-18.741568,-27.648558
23760,Derek Cornelius,0,Canada,FIFA World Cup,2,-2.094135825024822,1.207830392805587,-40.62382,11.748766
23828,Kamal Miller,Left Center Back,Canada,FIFA World Cup,7,1.3837997332842695,3.8975084027028517,6.948231,57.628345
24024,Tajon Buchanan,Right Attacking Midfield,Canada,FIFA World Cup,4,1.835132871924214,-2.055992170732834,26.374582,-38.527763
29758,Sam Adekugbe,Left Back,Canada,FIFA World Cup,7,-0.566553244780714,3.407800582344932,-4.512797,56.38538
31684,Atiba Hutchinson,Right Defensive Midfield,Canada,FIFA World Cup,7,0.47152021301828867,2.801020783497352,-1.6655585,55.27771
36794,Dayne St Clair,0,Canada,FIFA World Cup,0,-4.577908419180163,0.4089990716514849,-70.961395,-6.1264324
44703,Alistair Johnston,Right Center Back,Canada,FIFA World Cup,7,0.05675743161379315,1.9697265507442974,-2.1916041,35.262264
133229,Ismael Koné,Right Defensive Midfield,Canada,FIFA World Cup,7,1.5333686217155085,0.8547184337670084,10.857712,56.184387
28729,Diego Nicolás De La Cruz Arcosa,0,Uruguay,FIFA World Cup,4,0.5228382590433015,-0.32344424315603687,47.271473,-24.266876
32478,Darwin Gabriel Núñez Ribeiro,Right Center Forward,Uruguay,FIFA World Cup,6,0.24416341625208554,-4.0887714995983835,15.3119755,-43.091393
34476,Matías Nicolás Viña Susperreguy,Left Back,Uruguay,FIFA World Cup,2,-0.7495310809692002,0.9845254607355495,-19.901943,8.972505
36659,Manuel Ugarte Ribeiro,0,Uruguay,FIFA World Cup,1,1.5351296249836763,1.2263433935838934,27.001274,22.036503
36710,Sergio Rochet Álvarez,Goalkeeper,Uruguay,FIFA World Cup,0,-4.668716931763635,0.3107314592665565,-69.4631,-4.4031086
23538,Sadegh Moharrami,Right Wing Back,Iran,FIFA World Cup,2,-1.8332063010631512,-0.18818323997501749,-18.448393,-2.8399003
23874,Ali Gholizadeh,Right Wing,Iran,FIFA World Cup,4,0.6196919496743911,-0.5678904496582087,20.22072,-29.989017
124167,Ahmad Nourollahi,Right Defensive Midfield,Iran,FIFA World Cup,1,-0.8763608906376381,-0.6606232812365391,7.4960523,-9.211887
125818,Ali Karimi,Left Defensive Midfield,Iran,FIFA World Cup,2,-1.5145765216762244,1.047741942946309,-39.868202,-10.902633
125823,Seyed Hossein Hosseini,Goalkeeper,Iran,FIFA World Cup,0,-4.80586679719567,0.026407839045993583,-75.437164,-20.978132
4614,Antonee Robinson,Left Back,United States,FIFA World Cup,1,0.9008595639584809,1.7864419400260791,13.685913,30.787445
8246,Christian Pulisic,Left Midfield,United States,FIFA World Cup,4,1.0789059054150414,-2.3580923805420224,24.037666,-46.510036
8526,Weston McKennie,Right Midfield,United States,FIFA World Cup,2,-1.7622157756077872,0.1323982912453407,-24.496393,-15.790183
12352,Matthew Charles Turner,Goalkeeper,United States,FIFA World Cup,0,-4.158187456419362,1.0273552210281258,-76.687614,1.4490976
12524,Walker Zimmerman,Right Center Back,United States,FIFA World Cup,7,-0.23956482287321837,4.455225327799535,-4.2907033,67.76156
12751,Tyler Adams,Right Defensive Midfield,United States,FIFA World Cup,7,0.40595006999863736,3.0629287672628434,-3.2892416,47.758533
12757,Aaron Long,0,United States,FIFA World Cup,2,-0.8793130641707279,2.753199381012422,-43.897125,10.20746
15971,Cameron Carter-Vickers,0,United States,FIFA World Cup,2,-1.519324003482214,0.7736801552263431,-23.084454,29.147245
18242,Tim Ream,Left Center Back,United States,FIFA World Cup,7,-0.13914139301096265,2.984259404722743,2.6861746,54.252815
22008,Haji Wright,Left Center Forward,United States,FIFA World Cup,6,-0.6145792950934087,-6.50507958675593,-9.723564,-62.560158
22168,Joshua Sargent,Left Center Forward,United States,FIFA World Cup,6,-1.8684447048384396,-2.6970585724386926,-18.590807,-38.6277
24243,Brenden Aaronson,Right Midfield,United States,FIFA World Cup,1,1.6818060852678924,0.1423253129208922,27.248913,-11.1847515
34339,Giovanni Reyna,Right Center Forward,United States,FIFA World Cup,2,-1.1122381641392585,0.48142617877644456,-20.092745,8.148394
36830,Joseph Scally,0,United States,FIFA World Cup,1,-0.37938931831091066,1.0250171061773916,-4.3196683,4.7356086
8259,Steven Bergwijn,Left Center Forward,Netherlands,FIFA World Cup,2,-1.835358050672432,0.2998788310420672,-24.251669,-14.619279
8326,Andries Noppert,Goalkeeper,Netherlands,FIFA World Cup,0,-3.7038510762136645,1.8074652717485142,-73.28802,10.508195
32712,Jeremie Frimpong,0,Netherlands,FIFA World Cup,4,1.59321063336201,-1.6706679457905216,31.915058,-41.942005
23830,Jhegson Sebastián Méndez Carabalí,Right Defensive Midfield,Ecuador,FIFA World Cup,7,2.6350455834666544,4.320546047734797,16.762775,69.19989
3634,Abdelhamid Sabiri,Left Center Midfield,Morocco,FIFA World Cup,3,-0.7363117772040725,-2.0630978504462982,17.205168,-55.961178
15890,Noussair Mazraoui,Left Back,Morocco,FIFA World Cup,1,0.1221979653868089,0.8042541701445334,21.481092,15.884199
23774,Selim Amallah,Left Center Midfield,Morocco,FIFA World Cup,1,-0.17705324969732777,-0.6980752074562978,-0.89576095,-4.5394473
31295,Yahia Attiyat allah,0,Morocco,FIFA World Cup,1,0.6380825312070556,0.8589883766087733,13.817283,28.235144
149714,Abdessamad Ezzalzouli,0,Morocco,FIFA World Cup,4,0.6569620349722717,-2.3701739104851414,16.55224,-30.080503
156734,Bilal El Khannous,0,Morocco,FIFA World Cup,6,-1.7358714184490873,-1.0166406422434697,-37.0517,-23.777967
12625,Borna Sosa,Left Back,Croatia,FIFA World Cup,7,0.37733382622361145,2.1805414900118656,7.3226643,49.169453
37148,Josip Šutalo,0,Croatia,FIFA World Cup,7,1.605354193140267,4.038139143795917,2.6855261,62.367596
39490,Luka Sučić,0,Croatia,FIFA World Cup,4,0.9911255295270923,-0.03564826059449642,42.61214,-31.896727
49337,Josip Stanišić,0,Croatia,FIFA World Cup,7,2.9053018366466605,3.145513889066072,17.197655,60.2847
40784,Akram Hassan Afif,Left Center Forward,Qatar,FIFA World Cup,7,-1.2891299276340586,2.194903070674784,-10.873159,46.52814
124488,Hassan Khalid Al Heidos,Right Center Midfield,Qatar,FIFA World Cup,2,-1.5428611938480659,-0.1209834330287521,-24.317762,-17.897537
124492,Karim Boudiaf,Center Defensive Midfield,Qatar,FIFA World Cup,7,-1.2309145093814304,2.1133859562746444,-10.624798,45.81139
124493,Boualem Khoukhi,Center Back,Qatar,FIFA World Cup,7,1.069354534365439,3.7749622865524723,3.8387668,73.53939
124494,Abdelkarim Hassan Al Haj Fadlalla,Left Center Back,Qatar,FIFA World Cup,7,1.2732590110923163,1.735900851047647,12.706129,51.24351
124495,Almoez Ali Zainalabiddin Abdulla,Right Center Forward,Qatar,FIFA World Cup,6,-1.693541806749101,-2.367848832413052,-20.752472,-37.583855
124496,Saad Abdullah Al Sheeb,Goalkeeper,Qatar,FIFA World Cup,0,-4.284385522053717,0.8704117700089947,-65.164276,6.5424848
124500,Assim Omer Al Haj Madibo,0,Qatar,FIFA World Cup,1,0.37086123337322974,2.1040132341954303,15.710031,8.218081
124503,Bassam Hisham Al Rawi,Right Center Back,Qatar,FIFA World Cup,7,-2.0528136220208126,3.5677026189179557,-47.34505,14.786588
124506,Pedro Miguel Correia,Right Wing Back,Qatar,FIFA World Cup,2,-0.5959847298833736,1.3249631165906022,-11.727177,19.813986
124510,Meshaal Aissa Barsham,0,Qatar,FIFA World Cup,0,-4.397261309198747,0.6911758037858965,-73.68666,-2.018161
124514,Abdulaziz Hatem Mohammed Abdullah,Left Center Midfield,Qatar,FIFA World Cup,2,-1.7761401703174347,1.156429656585518,-24.851965,34.286438
124899,Ismaeel Mohammad Mohammad,0,Qatar,FIFA World Cup,2,-0.9012189027651022,-0.8104293282288018,-4.16911,-27.518377
124900,Homam Alamin Ahmed,Left Wing Back,Qatar,FIFA World Cup,2,-0.9412108012633147,0.7833121728295265,-6.02155,4.6325064
8064,André Onana,Goalkeeper,Cameroon,FIFA World Cup,0,-3.3469241922218322,2.136220112797492,-78.928154,10.158826
27163,Juan Pablo Vargas Campos,0,Costa Rica,FIFA World Cup,2,-1.2831656077095204,0.4897091488325579,-23.446335,24.13875
108340,Brandon Aguilera Zamora,Right Center Midfield,Costa Rica,FIFA World Cup,2,-1.830403589716341,0.40614175270071595,-19.547728,-10.9017315
130185,Keysher Fuller Spence,Right Wing Back,Costa Rica,FIFA World Cup,2,-2.1703508995702143,-1.5800377900870706,-1.3557162,-28.068819
132296,Anthony Daniel Contreras Enríquez,Left Center Forward,Costa Rica,FIFA World Cup,1,1.430975139542717,-1.9659853026367038,12.506427,-21.824284
132728,Jewison Bennette,Left Wing,Costa Rica,FIFA World Cup,6,-1.9033919208845484,-2.0343767655628873,-23.127453,-33.696583
184468,Álvaro José Zamora Mata,Right Wing,Costa Rica,FIFA World Cup,2,-2.0194351050117487,-0.7014812409179674,-17.440315,-8.637014
8108,Lawrence Ati-Zigi,Goalkeeper,Ghana,FIFA World Cup,0,-4.66265843221352,0.45050000708787774,-69.42149,-3.5139513
9286,Antoine Semenyo,Center Forward,Ghana,FIFA World Cup,6,-1.0725338614077369,-2.5586341668657866,-15.759007,-46.484688
12259,Denis Odoi,0,Ghana,FIFA World Cup,2,-0.7825342649985638,0.37065197708716274,-1.1199915,-11.574361
17033,Mohammed Kudus,Center Attacking Midfield,Ghana,FIFA World Cup,3,3.3197374766632515,-4.4198021876761615,24.694721,-58.780334
33602,Tariq Lamptey,0,Ghana,FIFA World Cup,5,2.0967853010045836,-0.01932403032733865,45.46954,5.871237
56755,Abdulelah Saad Hameed Al-Malki,Left Defensive Midfield,Saudi Arabia,FIFA World Cup,2,-1.987863599696073,1.5230753476880794,-49.759346,11.8700285
11184,Otávio Edmilson da Silva Monteiro,Left Center Midfield,Portugal,FIFA World Cup,5,2.8889701779356436,1.6964459716290097,46.06348,24.619143
12619,Josef Alexander Martínez Mencia,0,Inter Miami,Major League Soccer,6,-0.3578809106563013,-3.634692073564198,4.714026,-50.87175
32878,Facundo Farías,Left Wing,Inter Miami,Major League Soccer,4,1.1574169224147004,-1.142693913909802,36.717926,-39.298645
36430,Dixon Jair Arroyo Espinoza,Right Defensive Midfield,Inter Miami,Major League Soccer,7,1.7605176687283142,4.146073392226252,3.743222,72.50967
41824,Leonardo Campana Romero,Center Forward,Inter Miami,Major League Soccer,3,-0.5753555552601499,-3.486214547467059,3.32118,-54.38841
42373,Drake Callender,Goalkeeper,Inter Miami,Major League Soccer,0,-4.1281020630312595,1.1886854621289298,-72.08497,5.647859
132979,Carlos Joaquim Dos Santos,0,Inter Miami,Major League Soccer,0,-2.877676259264181,2.7695810214157284,-79.07255,11.693307
205682,Noah Allen,Left Center Back,Inter Miami,Major League Soccer,7,1.2993802621422037,1.7728360620267387,47.772797,-23.253466
222155,Diego Alexander Gómez Amarilla,Right Wing,Inter Miami,Major League Soccer,5,3.7822679394896914,0.21372033215492478,47.962456,13.256985
225209,Benjamin Cremaschi,Right Wing,Inter Miami,Major League Soccer,7,0.29923611533797784,0.6258942156622356,12.963453,63.101685
225210,David Ruiz,Left Defensive Midfield,Inter Miami,Major League Soccer,7,0.278140202921453,1.5662026174347834,2.7333853,43.123253
366752,Tomás Agustín Avilés Mancilla,Right Center Back,Inter Miami,Major League Soccer,7,2.20854963750461,2.8562252263360817,26.743086,44.613705
23304,Lucas Lima Linhares,Left Midfield,New York Red Bulls,Major League Soccer,4,-0.12096429484130185,-0.8449275493006776,-16.348341,-21.060333
23858,Sean Nealis,Left Center Back,New York Red Bulls,Major League Soccer,2,-0.4466564518166546,0.9547566642789743,-40.58046,17.154554
24611,Carlos Miguel Coronel,Goalkeeper,New York Red Bulls,Major League Soccer,0,-4.549758954536661,0.5439112909035498,-67.53381,-0.14750434
29138,Andrés Felipe Reyes Ambuila,Right Center Back,New York Red Bulls,Major League Soccer,2,-1.4448086882672408,1.0856769333746448,-49.182602,11.556551
36805,John Tolkin,Left Back,New York Red Bulls,Major League Soccer,7,3.029094980758255,3.7283366725605305,16.260403,68.109856
43065,Daniel Edelman,Center Defensive Midfield,New York Red Bulls,Major League Soccer,7,0.7904910514014943,2.8555783267301056,-1.3884286,66.14094
12769,Daniel Lovitz,Left Back,Nashville SC,Major League Soccer,0,-3.20696720436329,1.4948645181678437,-55.97238,7.5095644
26152,Jacob Shaffelburg,Center Attacking Midfield,Nashville SC,Major League Soccer,4,-0.8731471133487533,-2.8982332108791424,10.354774,-36.812614
34007,Brian Anunga,Left Defensive Midfield,Nashville SC,Major League Soccer,1,1.9977644002777173,0.9253275716180233,32.26296,-1.7740126
42894,Jack Maher,Left Center Back,Nashville SC,Major League Soccer,0,-3.898901979150097,0.2458109490333422,-64.98865,7.3214526
44705,Elliot Panicco,Goalkeeper,Nashville SC,Major League Soccer,0,-4.376969006307648,0.8220659328152965,-70.83367,1.2720369
129291,Lukas MacNaughton,Right Center Back,Nashville SC,Major League Soccer,2,-3.2322510372644073,1.502783448147041,-50.96231,0.6011561
12569,Ryan Hollingshead,Left Back,LAFC,Major League Soccer,3,1.2773665039029527,-3.4142615734151724,25.795927,-57.45707
21455,John McCarthy,Goalkeeper,LAFC,Major League Soccer,0,-4.455684865686828,0.7119702631601277,-64.85601,6.0849557
23758,Maxime Crépeau,0,LAFC,Major League Soccer,0,-4.375797798651311,0.8007990257592094,-72.02909,-0.2730599
36706,Cristian Gonzalo Olivera Ibarra,Right Wing,LAFC,Major League Soccer,1,-1.1344959562245747,-0.26711052904500177,8.569538,-17.009315
42545,Mateusz Bogusz,Left Center Midfield,LAFC,Major League Soccer,4,3.8370260552251603,-0.23874223981155784,48.732265,-44.510906
12765,Michael Bradley,Left Center Back,Toronto FC,Major League Soccer,2,-2.490479676095654,2.7263064997804296,-49.7331,14.492982
23645,Sigurd Rosted,Right Center Back,Toronto FC,Major League Soccer,2,-2.920411863381128,1.4355463367188857,-43.744835,1.4060069
35393,Tomas Lían Romero Keubler,Goalkeeper,Toronto FC,Major League Soccer,0,-2.8416280346742924,1.3671391427449056,-40.294514,33.73405
226488,Kobe Franklin,Right Back,Toronto FC,Major League Soccer,7,1.8680022868094803,3.9273386526740586,41.989998,25.200588
13823,Nick Hagglund,Right Center Back,Cincinnati,Major League Soccer,1,0.33457735382996234,1.8355160665015027,26.441278,0.4367866
50496,Obinna Nwobodo,Right Defensive Midfield,Cincinnati,Major League Soccer,5,4.842733505490603,1.6271250216923678,58.628834,2.3706448
210218,Ian Murphy,Left Center Back,Cincinnati,Major League Soccer,1,0.24679812030650178,1.3844653183575415,26.35777,-0.2888093
224799,Roman Celentano,Goalkeeper,Cincinnati,Major League Soccer,0,-4.439130219368932,0.718929877635669,-71.75679,-0.6550043
3833,Nathan Byrne,Right Back,Charlotte,Major League Soccer,2,-2.770600974210728,0.010257940813416381,-42.122936,-12.444446
12715,Brandt Bronico,Left Center Midfield,Charlotte,Major League Soccer,4,-0.6015305769991128,-0.9410290653864627,-19.94248,-20.246553
28397,Kristijan Kahlina,Goalkeeper,Charlotte,Major League Soccer,0,-3.981853556710176,1.2064921068507493,-82.549835,3.0191257
67374,Adilson Malanda,Right Center Back,Charlotte,Major League Soccer,2,-3.043889830577629,1.7439168846005164,-44.41486,2.4233105
389473,Andrew Privett,Left Center Back,Charlotte,Major League Soccer,1,0.8173943826533588,-0.31512367480635867,21.530066,10.430254
3588,Wesley Hoedt,0,Lazio,Serie A,2,-0.15545968259320433,1.940147881794048,-10.280774,34.40046
6991,Etrit Berisha,Goalkeeper,Lazio,Serie A,0,-4.622107550682228,0.4361647812192046,-69.557884,-3.3934917
7107,Danilo Cataldi,Center Defensive Midfield,Lazio,Serie A,7,1.0276394999358387,1.5722738277078483,18.314339,45.877224
7776,Antonio Candreva,Left Wing,Lazio,Serie A,3,0.7277268578698531,-2.090639320965952,34.38632,-52.995487
7778,Ştefan Daniel Radu,Left Back,Lazio,Serie A,7,0.17841806341813016,2.530364673419251,2.1737432,49.346058
7785,Senad Lulić,Left Center Midfield,Lazio,Serie A,7,2.4896482841455194,1.357817841216532,32.42387,39.126736
8172,Felipe Anderson Pereira Gomes,Left Wing,Lazio,Serie A,4,3.4180199801347255,-1.797411426523966,47.000645,-36.76269
8173,Marco Parolo,Right Center Midfield,Lazio,Serie A,2,0.903880582850679,-0.4469107528685695,-0.2816258,-32.685806
8190,Patricio Gabarrón Gil,0,Lazio,Serie A,7,0.4888941454205517,2.7354146198193274,1.7725961,48.797443
8443,Dušan Basta,Right Back,Lazio,Serie A,7,1.040680024048212,2.506948338152448,9.640709,49.526344
8459,Edson Braafheid,0,Lazio,Serie A,2,-1.1889154507922102,0.7351620565728263,-12.210893,7.8192563
8847,Santiago Juan Gentiletti Selak,Left Center Back,Lazio,Serie A,7,0.9743198136564921,2.7446294635508575,0.55969274,46.895493
9939,Maurício dos Santos Nascimento,0,Lazio,Serie A,2,0.21775664542741657,1.7184433181024668,-6.9473033,27.893997
22828,Ricardo Kishna,Right Wing,Lazio,Serie A,1,2.323746127182067,-1.0164063058952306,52.746872,-4.3471375
386641,Stefano Mauri,0,Lazio,Serie A,2,-1.6540834106404154,-0.9551388973834318,-25.017513,-17.48654
7142,Luca Rossettini,Left Center Back,Bologna,Serie A,2,-0.7899030638528973,1.315710379708386,-34.652504,14.9179325
7169,Adam Masina,Left Back,Bologna,Serie A,2,0.48074510384642993,1.1913826018774585,8.606723,31.527485
7174,Antonio Mirante,Goalkeeper,Bologna,Serie A,0,-3.866851409717298,0.6288441447844632,-41.306133,41.313572
7175,Erick Antonio Pulgar Farfán,Right Center Midfield,Bologna,Serie A,1,1.1365592850774282,1.5569533254086934,23.6135,32.0335
7704,Alex Ferrari,Right Back,Bologna,Serie A,1,2.4268763904301935,1.3501605311563945,42.017776,12.803576
7965,Lorenzo Crisetig,Center Defensive Midfield,Bologna,Serie A,7,1.0194616186354315,1.5308697068603847,20.082792,28.212307
8103,Mattia Destro,Right Center Forward,Bologna,Serie A,6,-0.5704384190249485,-5.194223778430342,-6.8337665,-59.569275
8284,Amadou Diawara,Center Defensive Midfield,Bologna,Serie A,7,1.2169718289182831,2.430246596150619,20.35791,33.06237
8849,Domenico Maietta,0,Bologna,Serie A,2,0.17585986048043978,2.1211208320392987,1.752128,28.722113
8873,Marios Oikonomou,Right Center Back,Bologna,Serie A,2,-0.33784887331581387,1.5304024453853244,-7.95649,21.36104
12475,Angelo Esmael da Costa Júnior,0,Bologna,Serie A,0,-4.541579714012276,0.48419050895843263,-76.78639,-9.50276
15415,Matteo Mancosu,Left Center Forward,Bologna,Serie A,6,-1.4547300936052134,-3.6503811738461653,-9.290338,-53.48621
18027,Matteo Brighi,Left Center Midfield,Bologna,Serie A,1,0.6135403165981098,0.24958223050251777,21.034733,21.680353
30770,Filippo Falco,0,Bologna,Serie A,4,1.910363213646046,0.16490424887186342,41.58628,-28.652308
31273,Marco Crimi,Right Center Midfield,Bologna,Serie A,5,3.3793013301236305,-0.9266590627390204,46.257412,10.236568
40428,Archimede Morleo,0,Bologna,Serie A,2,-0.5324017932670835,0.5182532066345958,-11.954794,11.215828
45591,Franco Brienza,Center Attacking Midfield,Bologna,Serie A,4,1.0042264592728682,-0.39876409830682985,33.450993,-28.917234
386640,Robert Acquafresca,Right Center Forward,Bologna,Serie A,6,-1.516099496380546,-2.6960695221685174,-21.819603,-36.888527
6962,Radja Nainggolan,Left Center Midfield,AS Roma,Serie A,7,2.079654173284565,0.9077756920703405,21.51893,46.16939
6973,Edin Džeko,Center Forward,AS Roma,Serie A,3,0.05716113154295296,-5.512348187636987,-2.78504,-62.174942
7048,Konstantinos Manolas,Right Center Back,AS Roma,Serie A,7,-0.27815685884635233,2.226964346369654,-8.971855,39.224724
7051,Daniele De Rossi,Center Defensive Midfield,AS Roma,Serie A,7,0.8464095334567405,3.5759176670634036,5.5674505,60.646122
7961,Leandro Castán da Silva,Left Center Back,AS Roma,Serie A,2,-1.4009399657208312,1.5316118492034316,-20.750696,34.648956
8104,Vassilis Torosidis,Left Back,AS Roma,Serie A,7,-1.3864460283855153,2.5210545219787965,-10.55984,45.52735
15780,Francesco Totti,0,AS Roma,Serie A,3,4.518327799561511,-4.21100893610934,19.219198,-70.33083
15818,Gervais Lombe Yao Kouassi,Left Wing,AS Roma,Serie A,4,-0.435841024714677,-2.558075493259659,17.619265,-50.7436
20043,Norbert Gyömbér,0,AS Roma,Serie A,7,2.5711908093285394,3.4576694948301236,12.176497,68.76265
23559,José Ndong Machín Dicombo,0,AS Roma,Serie A,0,-2.484985297283366,0.0707705434309378,-5.570122,-19.648827
40529,Morgan De Sanctis,0,AS Roma,Serie A,0,-4.7963513042509085,0.16184705918661824,-67.38801,-3.8235998
6686,Giampaolo Pazzini,Left Wing,Hellas Verona,Serie A,6,-1.0498171469409077,-4.958581494640749,-5.2776966,-60.974842
7020,Jacopo Sala,Right Center Midfield,Hellas Verona,Serie A,1,1.8432479721686768,0.8213667399827284,34.680958,14.603009
7694,Rômulo Souza Orestes Caldeira,Right Center Midfield,Hellas Verona,Serie A,4,1.8340950184799791,-0.7469584447183796,40.984753,-34.54465
7695,Samuel Souprayen,Left Back,Hellas Verona,Serie A,2,-0.10180790329075341,1.715829578814532,-3.4800467,26.946352
7770,Federico Viviani,0,Hellas Verona,Serie A,7,2.262627060896507,1.7524214597682346,24.897175,51.702557
8274,Pierluigi Gollini,0,Hellas Verona,Serie A,0,-4.585221876246067,0.41905997236067744,-79.49417,-16.01392
8421,Matteo Bianchetti,0,Hellas Verona,Serie A,1,0.3819509080741962,0.99963656050759,21.763132,17.663767
8792,Mattia Zaccagni,0,Hellas Verona,Serie A,3,1.7274362126665266,-1.8289560806597756,13.55123,-56.106804
9887,Rafael de Andrade Bittencourt Pinheiro,Goalkeeper,Hellas Verona,Serie A,0,-4.838821938514779,0.16759291767145473,-72.31345,-11.830433
11342,Eros Pisano,Right Back,Hellas Verona,Serie A,2,-0.38385887297753507,0.6969202717854986,-10.786665,16.295639
11494,Luca Siligardi,Right Wing,Hellas Verona,Serie A,4,1.4636641940204496,-1.8931399863604608,17.47086,-32.060112
20252,Luca Toni,Center Forward,Hellas Verona,Serie A,6,-1.7719014167250813,-5.362530181920446,-5.429299,-61.195553
31488,Vangelis Moras,Left Center Back,Hellas Verona,Serie A,2,-0.46584036938887985,1.257805224159711,-9.241794,21.474312
32119,Leandro Greco,Center Defensive Midfield,Hellas Verona,Serie A,1,1.35719561530652,1.4722723966806812,23.730284,32.153427
386650,Michelangelo Albertazzi,0,Hellas Verona,Serie A,2,-0.839520999560933,1.2697434556189091,-7.6549726,13.89671
386651,Juan Ignacio Gómez Taleb,Left Wing,Hellas Verona,Serie A,6,-0.4300362889724094,-2.3116590471215797,-12.971247,-52.242264
386652,Luca Checchin,0,Hellas Verona,Serie A,2,-0.9569426608766909,2.5306852077307664,-43.348812,12.35763
3112,Anton Ciprian Tătărușanu,Goalkeeper,Fiorentina,Serie A,0,-3.6347927827432587,1.0688694040047035,-40.09308,35.8776
3964,Marcos Alonso Mendoza,Left Wing Back,Fiorentina,Serie A,7,1.9191959704498949,1.234753729929344,23.952969,50.021633
7056,Nenad Tomović,Right Center Back,Fiorentina,Serie A,7,1.4061317699601594,3.746584116671009,6.9029737,62.11753
7139,Josip Iličić,Right Attacking Midfield,Fiorentina,Serie A,3,2.6034744241402947,-2.625123844989376,32.877216,-51.73311
8275,Davide Astori,Left Center Back,Fiorentina,Serie A,7,1.08753282266736,4.089428179654468,4.0666747,62.58941
11516,Manuel Pasqual,0,Fiorentina,Serie A,7,0.9830871086057963,2.7653452646928014,11.202717,49.837994
25303,Gilberto Moraes Junior,Right Wing Back,Fiorentina,Serie A,4,3.546312450055493,0.31183784095195377,48.31278,-7.824033
30830,Luca Lezzerini,0,Fiorentina,Serie A,0,-3.1932473673289086,0.8605589841558346,-43.194145,38.02513
6944,Mattia De Sciglio,Right Back,AC Milan,Serie A,7,0.6000246072272779,2.0273188370985964,12.897098,33.857315
7026,Giacomo Bonaventura,Left Center Midfield,AC Milan,Serie A,4,2.013667910507855,-1.3438025228744237,38.118374,-38.422173
7032,Davide Calabria,0,AC Milan,Serie A,5,4.005632647124823,1.8597176315361978,46.651184,14.75071
7147,Andrea Bertolacci,Right Center Midfield,AC Milan,Serie A,1,2.3751050059480185,1.0886305742650322,31.099302,29.033775
7166,Riccardo Montolivo,0,AC Milan,Serie A,7,1.7938425467689905,3.0051936395732577,20.67446,54.368515
7168,Andrea Poli,0,AC Milan,Serie A,1,1.6310102217171356,1.2404052079688603,25.694073,28.150267
7458,Alessio Romagnoli,Left Center Back,AC Milan,Serie A,2,-0.47946121300433764,1.983516883913347,-6.9398437,37.235744
7463,Ignazio Abate,0,AC Milan,Serie A,7,2.7379374649930437,2.790845086234451,31.911205,46.43302
7702,Alessio Cerci,Right Center Forward,AC Milan,Serie A,4,0.1524313014776552,-3.3029031613693043,23.122774,-46.515907
8296,Alessandro Matri,0,AC Milan,Serie A,6,-2.4273312559038316,-3.3989158421525705,-7.76302,-49.277542
8874,Luca Antonelli,Left Back,AC Milan,Serie A,7,1.8421480316637218,1.7624600022022183,22.472652,38.19779
20057,Nigel de Jong,Center Defensive Midfield,AC Milan,Serie A,2,-2.3722133836771437,1.1812819312076588,-50.080387,10.913526
21272,Luiz Adriano de Souza da Silva,Left Center Forward,AC Milan,Serie A,6,-0.4417507111319067,-3.1311600089901512,-2.8241022,-52.83311
38237,Gabriel Alejandro Paletta,0,AC Milan,Serie A,2,-0.709722265718877,0.8154085721163674,-5.257108,10.543076
6969,Juan Guilherme Nunes Jesus,Left Back,Inter Milan,Serie A,7,0.7402372915519437,2.4554803647227907,4.6965976,44.892647
6984,Danilo D''Ambrosio,0,Inter Milan,Serie A,1,1.330738740313649,1.4673937105163597,28.037222,24.447487
6999,Davide Santon,Right Back,Inter Milan,Serie A,7,0.37340839417657756,2.28654599184913,7.023717,48.574993
7001,Samir Handanovič,Goalkeeper,Inter Milan,Serie A,0,-4.449155934939103,0.7219679499514084,-70.68623,0.11873084
7165,Rodrigo Sebastián Palacio,Right Center Forward,Inter Milan,Serie A,4,1.144309814286034,-1.594886666728358,25.35311,-27.989893
7962,Andrea Ranocchia,0,Inter Milan,Serie A,2,-0.1622108461142231,1.5872192460692758,-9.214612,30.061815
8851,Saphir Sliti Taïder,0,Inter Milan,Serie A,1,1.0970087111431654,1.1325027553295437,18.966057,38.10892
12255,Federico Dimarco,0,Inter Milan,Serie A,2,-1.9511621264389774,1.6178741112917787,-50.953003,11.968039
25345,Anderson Hernanes de Carvalho Andrade,Right Center Midfield,Inter Milan,Serie A,7,3.3665684046790907,0.927863821180369,29.104647,62.600155
6941,Jasmin Kurtič,Left Center Midfield,Atalanta,Serie A,2,0.28928597470142886,-0.5486289928343165,-0.0923363,-31.684484
6952,Alberto Grassi,0,Atalanta,Serie A,2,-1.0046044492976107,-0.16164850679637877,-21.712107,-0.048494667
6992,Andrea Masiello,Right Back,Atalanta,Serie A,1,-0.023037082999883995,1.9920352979140061,-6.0368137,30.418089
7157,Marco Sportiello,Goalkeeper,Atalanta,Serie A,0,-4.203187694150259,0.21509683926439124,-42.69312,42.98782
8184,Marco D''Alessandro,Right Midfield,Atalanta,Serie A,4,0.9097955834317477,-2.007777234991607,23.22071,-33.826202
8657,Andrea Conti,0,Atalanta,Serie A,2,0.29981030896939,0.5208583721011533,5.921679,19.815842
11722,Boukary Dramé,Left Back,Atalanta,Serie A,7,0.8902139249463099,1.7261230401397991,1.8536589,35.28524
12759,Maximiliano Nicol Moralez,Right Wing,Atalanta,Serie A,4,1.998368678125171,-0.38994978549071635,34.309887,-23.475567
31231,Davide Brivio,0,Atalanta,Serie A,7,-0.253024100564922,2.002149428222419,11.104203,44.331837
35923,Carlos Emilio Carmona Tello,Right Center Midfield,Atalanta,Serie A,1,0.9102910235774322,1.4181350327384645,28.103094,18.182697
36770,Mauricio Ricardo Pinilla Ferreira,Center Forward,Atalanta,Serie A,6,-0.37031604297536375,-4.118345000303528,-10.669407,-55.53948
40333,Cristian Raimondi,0,Atalanta,Serie A,1,2.3089378354527117,-0.006070027790662433,45.94157,12.718133
40426,Guglielmo Stendardo,Right Center Back,Atalanta,Serie A,2,-0.32803742814202175,0.5285025190719517,-2.060303,16.222672
40455,Giulio Migliaccio,Left Defensive Midfield,Atalanta,Serie A,6,0.8113805879303831,-0.7970189125788731,-24.218536,-51.385723
41067,Davide Bassi,0,Atalanta,Serie A,0,-4.73258661121755,0.28096145204283884,-79.92452,-22.421026
45590,Nicolò Cherubin,Left Center Back,Atalanta,Serie A,2,-2.1453698985892853,-0.21406482928136236,-36.33171,-1.2192932
49439,Germán Gustavo Denis,Center Forward,Atalanta,Serie A,6,-0.421156495290124,-4.185727469387126,-10.017608,-58.95916
386607,Gianpaolo Bellini,0,Atalanta,Serie A,2,-0.4292310975552603,1.498991240809876,-3.1676087,34.957504
4369,Issa Cissokho,Right Wing Back,Genoa,Serie A,7,0.19357560896470002,2.313554280711118,1.3088694,44.845375
7176,Sebastian De Maio,Right Center Back,Genoa,Serie A,2,0.034790585276180924,1.2186918782083151,-5.69802,27.78137
7467,Nicolás Andrés Burdisso,Center Back,Genoa,Serie A,2,-0.9081247362622227,1.3403585611467097,-19.126522,25.244535
30772,Panagiotis Tachtsidis,Right Center Forward,Genoa,Serie A,7,3.0770929961130835,-0.30900099814695287,33.847706,30.975094
38312,Eugenio Lamanna,Goalkeeper,Genoa,Serie A,0,-4.601217399178283,0.5067958412579439,-71.165504,-4.642377
40457,Giovanni Marchese,Left Center Back,Genoa,Serie A,2,-1.2127215169956793,1.629819069023423,-35.850445,14.542756
7461,Luca Rigoni,Left Defensive Midfield,Palermo,Serie A,6,0.6134514571848021,-1.125749775576611,-0.11410722,-33.288746
8102,Edoardo Goldaniga,0,Palermo,Serie A,1,-0.8462799612321176,-0.1186676630583764,-3.629281,10.340869
10032,Achraf Lazaar,Left Wing Back,Palermo,Serie A,1,1.7082614056969148,0.4899561385499443,34.070087,-14.6454315
23329,Abdelhamid El Kaoutari,Left Center Back,Palermo,Serie A,2,-0.8666799511823575,1.1664799791606588,-10.700957,12.509079
24061,Aljaž Struna,0,Palermo,Serie A,1,-0.08419276892464159,1.1965675612020539,0.26886725,21.340233
28974,Fabio Daprelà,Left Wing Back,Palermo,Serie A,1,0.6515087531185944,1.3597032980027872,10.912212,6.463522
30704,Gastón Brugman,0,Palermo,Serie A,7,1.9658083785353468,1.5016411161360625,27.550581,38.342445
30735,Mato Jajalo,Right Defensive Midfield,Palermo,Serie A,2,-0.021068719068395192,1.0769500671059502,0.5434329,32.34507
30769,Andrea Rispoli,Right Wing Back,Palermo,Serie A,2,-0.1108687973224336,1.0418049476792326,-9.162418,17.251175
30928,Roberto Vitiello,Right Center Back,Palermo,Serie A,2,-0.8318888278394208,1.3687802360050954,-31.609045,9.0707035
34315,Simone Colombi,0,Palermo,Serie A,0,-5.18710225750213,-0.4283245262673594,-71.6365,-25.135206
40349,Ivaylo Chochev,Left Center Midfield,Palermo,Serie A,1,1.228509935497411,0.23109806068370206,20.430824,21.319675
40350,Siniša Anđelković,0,Palermo,Serie A,1,-0.9874234475264052,0.5241720325430989,-3.487845,4.721484
7079,Kamil Wilczek,Center Forward,Carpi,Serie A,6,0.003831018195462641,-3.945548491236436,-14.531948,-35.682034
7114,Gaetano Letizia,Right Back,Carpi,Serie A,1,2.2538810566505285,0.9836794124851848,40.144264,15.265848
7696,Ryder Matos Santos,Right Midfield,Carpi,Serie A,6,0.13403229560636715,-2.3432067366180855,4.1266236,-41.252403
7793,Kevin Lasagna,Center Forward,Carpi,Serie A,6,0.45737243235047875,-4.54424494700401,-12.329756,-57.948025
8278,Nicolás Federico Spolli,Right Center Back,Carpi,Serie A,2,-1.7376965820390153,0.6096534934249502,-23.526167,24.30408
11499,Riccardo Gagliolo,Left Back,Carpi,Serie A,1,0.4557415972293944,0.7787127238393148,1.3554909,7.373643
11502,Antonio Di Gaudio,Left Midfield,Carpi,Serie A,4,0.0739113812226231,-2.8728805900012477,12.1573715,-36.498512
28442,Matteo Fedele,0,Carpi,Serie A,1,1.8589367239270977,-0.11840324249346994,34.54231,4.7173223
31572,Luca Marrone,Left Defensive Midfield,Carpi,Serie A,1,1.0466799813811214,1.0024866424401813,19.102995,37.31612
32525,Fabrizio Poli,0,Carpi,Serie A,2,-1.674422643514456,0.7402712399035917,-32.790615,3.7860858
57655,Željko Brkić,Goalkeeper,Carpi,Serie A,0,-5.003902259257207,-0.1519052862078885,-72.268166,-17.032234
352172,Raffaele Bianco,0,Carpi,Serie A,1,0.70301730968115,0.4428354433249063,21.501822,20.697903
387472,Lorenzo Pasciuti,0,Carpi,Serie A,2,-0.44077401769648905,0.015704706188441466,0.641665,-12.093903
387473,Wallace Oliveira dos Santos,Right Back,Carpi,Serie A,5,5.895145594207589,-1.0182170659010887,50.853268,-14.041214
387474,Igor Bubnjić,Left Center Back,Carpi,Serie A,2,-1.3737320218225375,0.10331544950133799,-23.652874,23.849846
387475,Andrea Lazzari,Center Attacking Midfield,Carpi,Serie A,5,3.8869544731669046,-1.54198549119676,50.15924,-0.9433128
387476,Raphael Martinho Alves de Lima,0,Carpi,Serie A,1,0.34376418581483487,-0.7485256595840026,12.974599,-12.504792
387477,Francesco Benussi,0,Carpi,Serie A,0,-4.898234270743318,0.0036056232078359573,-76.34972,-24.806026
387832,Filippo Porcari,Right Defensive Midfield,Carpi,Serie A,2,-1.944706122771996,1.0861594862496735,-43.459053,7.3948016
7000,Eder Citadin Martins,Left Center Forward,Sampdoria,Serie A,3,0.35742291511147445,-3.273678170820474,7.8613586,-55.332047
7009,Édgar Osvaldo Barreto Cáceres,Left Center Midfield,Sampdoria,Serie A,1,0.7605337488496229,1.3537004246217315,27.307732,19.588646
7012,Vasco Regini,Left Back,Sampdoria,Serie A,2,0.18117583747884436,1.3802851229843538,0.8092107,21.842693
7018,Emiliano Viviano,Goalkeeper,Sampdoria,Serie A,0,-4.343095277005471,0.7996517217140814,-82.3256,-2.9678502
7019,Matías Agustín Silvestre,Right Center Back,Sampdoria,Serie A,2,-0.7806617065253777,1.8915833977917416,-13.630414,35.262894
7137,Ervin Zukanović,0,Sampdoria,Serie A,2,-0.6864777504251434,1.5061584780474875,-15.704345,32.06961
8423,Pedro Miguel Almeida Lopes Pereira,0,Sampdoria,Serie A,2,0.15296857774242797,0.718879631342946,8.125597,22.902142
9884,Niklas Moisander,0,Sampdoria,Serie A,2,-0.1777960184977259,1.891622476034888,-11.257085,31.86874
11339,Paweł Wszołek,Right Wing,Sampdoria,Serie A,4,-0.15171602151528896,-1.2951904645116181,2.7126389,-16.64074
16586,Fernando Lucas Martins,Center Defensive Midfield,Sampdoria,Serie A,7,2.5959646787788953,2.3636372276138893,21.356789,53.70208
19850,Antonio Cassano,Center Forward,Sampdoria,Serie A,7,-0.1270183031306985,0.2482966850575754,39.848843,-32.061256
36364,Dávid Ivan,Right Center Midfield,Sampdoria,Serie A,1,1.4944906102712034,1.2835080231966507,29.029314,18.151415
40321,Andrea Coda,Left Center Back,Sampdoria,Serie A,2,-0.9667786783023505,2.405791126503821,-42.007496,16.185982
40394,Djamel Eddine Mesbah,0,Sampdoria,Serie A,2,-1.7843445719237485,1.441245940314831,-36.770195,10.860876
40429,Angelo Palombo,0,Sampdoria,Serie A,2,-1.5232399751752963,2.0308195237018714,-25.988436,35.960068
387417,Mattia Cassani,Right Back,Sampdoria,Serie A,2,-0.26513438125308053,2.1812111544403963,-1.061388,37.639355
3949,Manolo Gabbiadini,Right Center Forward,Napoli,Serie A,3,-0.6196072379232133,-5.49469985068936,9.674349,-65.61918
7027,Christian Maggio,Right Back,Napoli,Serie A,7,1.7557110188529883,2.674467730757979,30.768888,39.022213
7031,Elseid Hysaj,Left Back,Napoli,Serie A,7,1.458009635781347,2.721165944456766,9.782092,49.531654
7035,Allan Marques Loureiro,0,Napoli,Serie A,7,4.018107855363338,1.4644327943590383,38.858288,42.0322
8194,Mirko Valdifiori,Center Defensive Midfield,Napoli,Serie A,7,2.9316597676406184,4.760840850513682,13.323358,66.822136
10736,Vlad Iulian Chiricheș,Left Center Back,Napoli,Serie A,7,0.018981480802552606,2.5887365223199104,-1.2916495,59.61984
16495,Omar El Kaddouri,Center Attacking Midfield,Napoli,Serie A,3,6.280840780417466,-2.0259521833301872,42.25081,-39.754154
30767,Gabriel Vasconelos Ferreira,0,Napoli,Serie A,0,-4.3918566497900065,0.8384872768411068,-65.62401,5.9266424
6963,Lorenzo Pellegrini,0,Sassuolo,Serie A,4,0.9541007066085441,-0.6998747281170492,31.2563,-26.860767
7109,Matteo Politano,Right Wing,Sassuolo,Serie A,4,1.42312279031482,-3.31148871598433,25.612923,-48.29617
7113,Simone Missiroli,Right Center Midfield,Sassuolo,Serie A,1,1.5925617876066505,0.7696986485787372,24.893242,22.442755
7118,Federico Peluso,Left Back,Sassuolo,Serie A,2,-0.2412328183416742,1.537682755651097,0.9059733,24.817053
7123,Gianluca Pegolo,0,Sassuolo,Serie A,0,-4.082559543680213,1.2129989352143697,-78.93712,3.0185862
7127,Francesco Magnanelli,Center Defensive Midfield,Sassuolo,Serie A,7,2.7400200882731456,3.2288662281781533,29.521536,43.89481
7132,Andrea Consigli,Goalkeeper,Sassuolo,Serie A,0,-3.572068673962898,1.138059547961442,-41.3716,36.430252
7457,Gregoire Defrel,Center Forward,Sassuolo,Serie A,6,0.8753378430749692,-3.163562011121085,-4.6195545,-49.967056
7698,Joseph Alfred Duncan,Left Center Midfield,Sassuolo,Serie A,1,1.917456302706423,0.02745268732058262,33.495975,-16.385431
8093,Diego Falcinelli,Center Forward,Sassuolo,Serie A,6,-0.3504707795618666,-3.6743820332921593,-14.774048,-51.888798
8848,Paolo Cannavaro,Right Center Back,Sassuolo,Serie A,2,-1.368881258867662,1.3029298357637096,-17.465126,23.723871
10030,Davide Biondini,0,Sassuolo,Serie A,2,-0.9588201123028509,0.42914061931057745,-12.751497,7.992089
10031,Marcello Gazzola,0,Sassuolo,Serie A,2,-1.1536884842250137,0.8777705798226837,-15.890155,20.528965
32903,Emanuele Terranova,0,Sassuolo,Serie A,2,-0.8849176140455979,1.463196931545336,-14.799553,28.965405
3125,Danilo Fernando Avelar,Left Wing Back,Torino,Serie A,1,0.6899520682106287,0.59391585943992,43.71685,-16.611673
3660,Davide Zappacosta,0,Torino,Serie A,7,0.6001761558716172,0.9240038474633393,12.381311,36.1837
6965,Bruno da Silva Peres,Right Wing Back,Torino,Serie A,4,2.365121644703365,-0.19777040378049182,37.97831,-29.156208
7011,Fabio Quagliarella,Left Center Forward,Torino,Serie A,6,-0.15978450733102,-4.358530830785717,5.7131,-52.015846
7149,Marco Benassi,Right Center Midfield,Torino,Serie A,6,-0.20063250793523954,-1.5283474877886782,4.461585,-31.18992
7465,Daniele Baselli,Left Center Midfield,Torino,Serie A,4,1.646078970310073,-0.8302106966487252,36.135056,-15.4119425
7474,Afriyie Acquah,Right Center Midfield,Torino,Serie A,4,0.20540376494392285,-0.5119095722018674,6.223679,-13.838588
7479,Cristian Molinaro,0,Torino,Serie A,7,0.8306134780451225,1.4071582694925049,9.512468,30.492315
16202,Nikola Maksimović,Right Center Back,Torino,Serie A,7,1.4462058766007795,2.5468617122424613,21.320053,32.369602
22271,Salvador Ichazo Fernández,0,Torino,Serie A,0,-4.486244194994608,0.5707553599788334,-79.35556,-10.018769
34881,Daniele Padelli,Goalkeeper,Torino,Serie A,0,-3.74357686551413,0.8839771059080246,-40.08271,36.669846
40351,Alessandro Gazzi,Center Defensive Midfield,Torino,Serie A,7,0.2704101426652851,2.486286428526729,-0.63379943,43.308117
40427,Cesare Bovo,0,Torino,Serie A,7,0.6007258554478996,3.3232226120611164,3.9542487,60.32333
40430,Giuseppe Vives,Left Center Midfield,Torino,Serie A,7,1.5114299490275709,1.562051869575759,20.96447,25.342323
7462,Aleandro Rosi,Right Back,Frosinone,Serie A,2,-0.7479112423402933,0.5039706699295698,-8.0446415,7.4422526
8661,Daniel Pavlovic,0,Frosinone,Serie A,2,-1.0009887463062899,0.6486650299174103,-9.323691,9.732088
9903,Yussif Raman Chibsah,0,Frosinone,Serie A,1,0.6029807078810523,-0.08701959477811871,10.04298,-9.609909
11608,Danilo Soddimo,Left Midfield,Frosinone,Serie A,4,3.486202724696804,-1.1426319286860176,40.23268,-11.472696
13613,Daniel Ciofani,0,Frosinone,Serie A,6,-1.0306100573562016,-4.342931237799513,-11.102071,-56.194427
20636,Mirko Gori,Right Defensive Midfield,Frosinone,Serie A,1,1.4862388638849677,0.439917237525499,30.75243,13.146778
23349,Paolo Sammarco,0,Frosinone,Serie A,1,0.6265605112704473,-0.17032455195337795,10.009179,-5.0871205
23470,Luca Paganini,Right Midfield,Frosinone,Serie A,6,0.41516164107184544,-2.0924293751615597,17.305029,-22.925602
24235,Federico Dionisi,Left Center Forward,Frosinone,Serie A,6,1.1014445148604028,-3.98832871129422,13.189115,-42.939644
30911,Robert Gucher,Left Defensive Midfield,Frosinone,Serie A,1,1.3703902850232448,0.27186384811303776,33.42465,13.427415
30927,Massimiliano Carlini,Left Midfield,Frosinone,Serie A,1,0.5801807933960756,-0.2445686797563445,13.10518,-11.691539
31721,Matteo Ciofani,Right Back,Frosinone,Serie A,2,-1.2123133366869132,0.46680630556241803,-8.497701,8.098856
32037,Nicola Leali,Goalkeeper,Frosinone,Serie A,0,-4.742316824435923,0.24022071727975866,-76.43187,-16.064075
49440,Davide Bertoncini,0,Frosinone,Serie A,0,-2.527681842512864,0.793740942048366,-31.495552,4.0893526
174418,Modibo Diakité,Left Center Back,Frosinone,Serie A,2,-1.6718562093210532,0.40769449489546605,-24.453407,23.152538
296873,Roberto Crivello,Left Back,Frosinone,Serie A,2,-0.7360580629045484,1.139619903736515,-7.3748865,8.549566
386509,Adriano Russo,Right Center Back,Frosinone,Serie A,1,-0.7030801027974602,0.06743981294502938,22.63528,0.5288821
386510,Massimo Zenildo Zappino,0,Frosinone,Serie A,0,-4.56957709717445,0.568794792558113,-78.34289,-6.612955
386512,Alessandro Frara,0,Frosinone,Serie A,2,-0.7510079804396557,-0.5140283709196302,4.7566047,-12.919732
6953,Daniele Rugani,0,Juventus,Serie A,7,1.5175858431478952,3.424086792579207,14.303939,53.769405
7017,Duván Esteban Zapata Banguera,Right Center Forward,Udinese,Serie A,6,-0.15067162874742374,-5.11054210865966,-6.6879716,-59.30793
7799,Danilo Larangeira,Center Back,Udinese,Serie A,2,-1.4891461026873858,0.6998581938731867,-20.92875,24.329826
7805,Stipe Perica,0,Udinese,Serie A,6,-0.427106725319053,-5.578189180434056,-5.8245583,-65.71345
8191,Ali Adnan Kadhim Al Tameemi,Left Wing Back,Udinese,Serie A,5,2.8536958725121884,0.41515612148816616,43.52763,7.2158356
8272,Cyril Théréau,Left Center Forward,Udinese,Serie A,6,0.1393361600310393,-3.0012810926798044,-3.79519,-54.36102
8852,Thomas Heurtaux,Right Center Back,Udinese,Serie A,2,-1.6889116681028231,0.8883873421403027,-15.301685,3.658424
19846,Antonio Di Natale,Right Center Forward,Udinese,Serie A,6,-2.2521681157679794,-2.719053573459153,-8.136438,-29.351902
24722,Emmanuel Agyemang-Badu,Right Center Midfield,Udinese,Serie A,6,0.01864411861800016,-1.4314941368400438,-0.33395457,-35.395863
25116,Edenílson Andrade dos Santos,Right Wing Back,Udinese,Serie A,2,0.25834918577255117,0.845975084186642,7.1645665,27.364283
33529,Panagiotis Giorgios Kone,Right Center Midfield,Udinese,Serie A,4,3.4104610458856195,-1.129629156752274,35.212067,-21.778933
37999,Rodrigo Sebastián Aguirre Soto,0,Udinese,Serie A,6,1.3049804524423436,-3.58899215306598,10.072003,-40.567524
46670,Iván Rodrigo Piris Leguizamón,Left Center Back,Udinese,Serie A,1,0.3997101166149245,1.3256030296100416,0.7663208,15.908903
386654,Maurizio Domizzi,0,Udinese,Serie A,2,-2.0160861488463584,2.0038916354609015,-43.873173,15.586933
386656,Giovanni Pasquale,0,Udinese,Serie A,2,-0.5761781227382183,1.6406371759052345,-8.174692,10.795367
386657,Giampiero Pinzi,0,Udinese,Serie A,1,1.1880419842187244,1.5090231611029055,28.74786,18.337736
7054,Manuel Pucciarelli,Right Center Forward,Empoli,Serie A,4,0.6532368887667458,-1.4351273428008247,10.863256,-32.791786
7150,Riccardo Saponara,Center Attacking Midfield,Empoli,Serie A,4,0.790165339897474,-1.7100871752574718,35.826614,-38.203148
8664,Andrea Costa,0,Empoli,Serie A,7,-0.22526578183919202,2.618924434411996,2.1792085,53.729828
11512,Rade Krunić,0,Empoli,Serie A,1,1.2950695898542754,-1.5080714833775792,26.569302,-16.203962
11602,Raffaele Maiello,0,Empoli,Serie A,7,1.7457681680857131,3.3701736388679477,18.174974,58.427685
18028,Levan Mchedlidze,Left Center Forward,Empoli,Serie A,6,-1.5292426808860862,-3.0928887134107756,-19.33831,-38.26492
31172,Luca Bittante,0,Empoli,Serie A,7,1.4097824605614802,2.5445344019870393,9.03112,35.95443
31737,Michele Camporese,0,Empoli,Serie A,2,-2.211531576826166,0.4356751018883482,-45.440098,-10.633422
40250,Marco Zambelli,Right Back,Empoli,Serie A,7,-0.13281909113241724,2.4093010480962067,0.20366338,37.926384
40251,Daniele Croce,Left Center Midfield,Empoli,Serie A,1,1.4044822780904256,0.8409686911895659,24.252317,31.509102
40332,Alberto Pelagotti,0,Empoli,Serie A,0,-4.423057099782056,0.8052893558595864,-71.808556,0.35580134
41231,Maurizio Pugliesi,0,Empoli,Serie A,0,-4.7124765351559335,0.36388017051828364,-73.27723,-9.564212
386514,Luca Martinelli,Right Center Back,Empoli,Serie A,1,2.0518505220858763,1.9624744295127314,43.442677,23.640493
386515,Ronaldo Pompeu da Silva,Center Defensive Midfield,Empoli,Serie A,7,3.1769911642895945,3.8553370579065835,6.849171,70.77124
386516,Alessandro Piu,0,Empoli,Serie A,6,-0.8537060128645727,-2.237527701796469,-20.62443,-34.46447
7041,Nicola Rigoni,Center Defensive Midfield,Chievo,Serie A,1,0.7465051213425496,0.5657310538288222,21.55148,22.59984
7042,Ivan Radovanović,Right Defensive Midfield,Chievo,Serie A,7,0.36852891065539467,2.02281691683492,2.1201167,48.13868
7043,Roberto Inglese,0,Chievo,Serie A,6,-0.1315401549828425,-4.221789469228724,-15.34444,-56.731876
7045,Valter Birsa,Right Midfield,Chievo,Serie A,4,0.9564971055241884,-1.9685854767243116,27.410454,-34.18343
7046,Perparim Hetemaj,Left Defensive Midfield,Chievo,Serie A,1,2.282100250638736,0.7704649238556919,34.714657,11.285397
7049,Lucas Nahuel Castro,Left Midfield,Chievo,Serie A,1,1.4105223105531182,-0.23114058714521443,23.386368,21.201477
7050,Fabrizio Cacciatore,Right Center Midfield,Chievo,Serie A,7,0.7555559609919609,2.1819776186446997,10.37755,45.209297
7052,Alessandro Gamberini,Right Center Back,Chievo,Serie A,2,-1.477076978168171,0.7847289936209862,-22.304422,24.265425
7803,Albano Benjamín Bizzarri,Goalkeeper,Chievo,Serie A,0,-4.151251655561557,0.2556928878670813,-42.402775,43.300766
8644,Sergio Pellissier,0,Chievo,Serie A,6,-1.7419445607324677,-3.813515985258752,-8.703357,-51.37178
8645,Massimo Gobbi,Left Back,Chievo,Serie A,7,0.5979890942034684,1.645317681347378,12.816692,33.734188
8877,Boštjan Cesar,Left Center Back,Chievo,Serie A,2,-0.9663466049267038,0.8392051531757084,-19.689917,24.827276
11426,Andrea Seculin,0,Chievo,Serie A,0,-4.503748497068834,0.555279990901452,-82.1996,-18.352325
11643,Riccardo Meggiorini,Left Center Forward,Chievo,Serie A,6,-0.43010362912071554,-3.6093425850262064,-11.656164,-44.75199
18946,Paul-José M''Poku Ebunge,Left Center Forward,Chievo,Serie A,4,1.710099562179925,-1.2057208938597228,13.574662,-39.51119
23324,Nicolas Sebastian Frey,Right Back,Chievo,Serie A,2,-1.701491454368983,1.4900125454399273,-24.808561,31.765701
40447,Gennaro Sardo,0,Chievo,Serie A,7,0.8325676818672769,1.607742270320057,15.7675295,36.373848
6948,Sergio Floccari,0,Sassuolo,Serie A,6,1.2581082474663592,-3.9858064946054466,-4.320543,-49.04579
30941,Karim Laribi,Right Wing,Sassuolo,Serie A,4,0.5872935947805797,-0.42183726490523077,28.493124,-28.658306
387420,Alessandro Longhi,0,Sassuolo,Serie A,2,-0.5213094006054987,1.2320682315464495,-13.746463,31.61206
7164,Ibrahima Mbaye,Right Back,Bologna,Serie A,7,0.8249185191889972,2.028333780823899,8.527173,35.514034
8280,Godfred Donsah,Right Center Midfield,Bologna,Serie A,2,-0.37057797801029024,-1.2111885892537024,1.7778335,-19.297016
40945,Alex Rodrigo Dias da Costa,0,AC Milan,Serie A,2,-0.037530457760065736,0.9760357328136922,-13.180687,34.19575
387300,Cristian Zaccardo,0,AC Milan,Serie A,2,-0.9101319262383749,0.19711788240514305,-6.562395,10.930647
7160,Lorenzo Tonelli,Right Center Back,Empoli,Serie A,7,-0.09404534201580358,2.1309027945115155,-5.6470222,37.636272
30829,Lorenzo Lollo,Right Center Midfield,Carpi,Serie A,1,1.0656148496079396,-1.3594532829163575,25.350582,-15.011194
32807,Fredy Alejandro Guarín Vásquez,Right Center Midfield,Inter Milan,Serie A,4,1.7375346222432786,-0.9626496807246497,36.255516,-28.156765
7769,Federico Mattiello,0,Chievo,Serie A,7,3.3679428640271527,1.5011675224757892,34.893494,55.933002
7771,Dario Dainelli,0,Chievo,Serie A,2,-1.8321169878144652,1.323883883233891,-19.705124,17.608723
40247,Simone Pepe,Left Center Midfield,Chievo,Serie A,7,1.7418162296607258,-0.10422548975239689,42.73835,-23.515154
3556,Serge Gakpé,Right Center Forward,Genoa,Serie A,6,0.12486136349079952,-3.883368109926832,-3.7124085,-53.503006
7475,Tomás Eduardo Rincón Hernández,Right Center Midfield,Genoa,Serie A,7,2.231121349971665,1.3028144309167276,27.163181,40.69898
8180,Leonardo Pavoletti,Left Center Forward,Genoa,Serie A,6,0.09735660018894116,-5.463464065431188,-9.201546,-60.87454
9940,Armando Izzo,Right Center Back,Genoa,Serie A,1,1.5162374303777826,1.8725999653217091,35.72866,20.06901
3577,Molla Wagué,0,Udinese,Serie A,1,-0.5557725495057151,0.6421575283530608,-3.590182,11.388964
27044,Marco Antônio De Mattos Filho,Left Center Midfield,Udinese,Serie A,1,2.26173937970041,-0.3822921245147587,33.809433,9.039234
32012,Rafael Enrique Romo Pérez,0,Udinese,Serie A,0,-4.166995799073152,1.125993955479166,-72.72136,4.367936
23846,Uroš Đurđević,0,Palermo,Serie A,6,-0.2513576639799948,-3.9664209889287334,-2.8373787,-53.488586
8876,Faouzi Ghoulam,Left Back,Napoli,Serie A,7,1.18342324577294,3.3261316820157036,7.96027,61.47133
27595,Carlos Mario Carbonero Mancilla,0,Sampdoria,Serie A,5,3.708242357790013,0.8881669459289365,49.44866,-14.327896
31725,Gaetano Monachello,0,Atalanta,Serie A,6,2.450588703145731,-4.4777302874080815,9.121133,-44.055367
36927,Boris Radunović,0,Atalanta,Serie A,0,-4.619190389107659,0.41611713081174106,-77.53718,-10.07707
9898,Aleksandar Tonev,Left Midfield,Frosinone,Serie A,6,-0.2815450129842169,-2.124401780897518,7.4102235,-36.199272
387847,Leonardo Blanchard,Left Center Back,Frosinone,Serie A,2,-1.5299103865748789,0.09029269713452545,-22.58626,22.499445
23241,William Vainqueur,0,AS Roma,Serie A,7,2.9560829062487226,2.327441627192986,30.657999,49.53401
20970,Nicolás Ignacio Castillo Mora,0,Frosinone,Serie A,6,-0.107438430889496,-2.973811000600366,-13.551626,-51.76481
12491,Federico Marchetti,Goalkeeper,Lazio,Serie A,1,-0.494006678598214,0.9612068089475749,61.11874,-6.5698795
6938,Felipe Dias da Silva dal Belo,0,Udinese,Serie A,2,-0.18787567396426538,0.6466368095929883,-5.9025593,12.4759035
7949,Artur Ioniţă,Right Center Midfield,Hellas Verona,Serie A,1,1.9618479972819973,-0.9971430901395513,31.078333,10.997519
38326,Ferdinando Coppola,0,Hellas Verona,Serie A,0,-4.369321107731517,0.6701626159598172,-82.726685,-18.431147
7155,Vincent Laurini,Right Back,Empoli,Serie A,2,-0.19278207997897132,1.973456456225056,-5.722567,37.48724
7172,Simone Romagnoli,0,Carpi,Serie A,2,-2.034504763593477,-0.11410277040998447,-24.38275,21.275127
8662,Vid Belec,0,Carpi,Serie A,0,-4.605547587322291,-0.42566860411643986,-43.547264,45.360195
8871,Marco Borriello,Center Forward,Carpi,Serie A,6,1.2407513921919304,-4.5519109600378185,-4.06652,-49.0599
32608,Jerry Uche Mbakogu,Center Forward,Carpi,Serie A,6,-0.42026204957443164,-3.6813942288470276,-13.77564,-54.7197
36465,Fabrizio Alastra,0,Palermo,Serie A,0,-4.341363694407727,1.0528635120786463,-69.196976,4.7976027
13612,Lorenzo Ariaudo,0,Sassuolo,Serie A,2,-1.9417442237611855,1.8113677922357332,-37.53751,12.063434
20289,Philippe Mexès,0,AC Milan,Serie A,2,-0.45819235605842695,1.4882434800444908,-37.30648,18.94877
11497,Jonathan Ludovic Biabiany,0,Inter Milan,Serie A,4,2.3333180054625084,-1.8859076890622608,45.717,-36.21897
15318,Lazaros Christodoulopoulos,0,Sampdoria,Serie A,2,-0.5186291511918535,-0.39387271207677277,29.769806,-30.18962
11729,Luca Rizzo,Left Midfield,Bologna,Serie A,2,0.10415590896164795,-0.7003276715877904,16.481,-27.140123
30745,Daniele Gastaldello,0,Bologna,Serie A,2,-0.5553594438580116,1.3858130712637795,-13.658503,34.063988
8653,José Mauri,0,AC Milan,Serie A,7,2.090510114716136,1.2816698644016542,22.306446,46.897263
8187,Marcel Büchel,0,Empoli,Serie A,1,2.016529366873406,0.566744927284897,27.185984,31.2508
11427,Filip Đorđević,Center Forward,Lazio,Serie A,6,-1.2204300511220196,-2.7049671565402393,-12.914718,-45.7872
7460,Isaac Cofie,Center Defensive Midfield,Carpi,Serie A,1,1.3859377974546907,0.14147156036941588,30.630205,12.574915
40367,Francesco Lodi,Center Defensive Midfield,Udinese,Serie A,7,0.5482703405602654,2.1259826207620085,17.608953,46.41206
11128,Umar Sadiq Mesbah,0,AS Roma,Serie A,6,0.4575155566420202,-6.441416820670751,-12.184426,-63.241585
7148,Mattia Perin,0,Genoa,Serie A,0,-4.606917900147471,0.4202210953283418,-77.818474,-11.156626
7792,Giuseppe Pezzella,0,Palermo,Serie A,2,-0.6367353760588758,0.6173015359990847,-17.237782,5.838268
7473,Lorenzo De Silvestri,0,Sampdoria,Serie A,2,-1.0273085853999517,0.21187142148636973,-14.372684,13.219309
398941,Vasyl Pryyma,0,Torino,Serie A,1,-0.6046645465580968,0.6056657837978331,8.354744,5.7188873
10033,Luca Antei,0,Sassuolo,Serie A,1,0.5258357656136725,1.8898359373459128,23.43943,12.799225
25505,José Rodolfo Pires Ribeiro,0,Inter Milan,Serie A,2,-0.6921024867779401,0.42458639105065915,-24.80079,-9.594589
8291,Arlind Afrim Ajeti,0,Frosinone,Serie A,2,-1.1293747650093302,0.033187207201865444,-24.6174,18.733912
31268,Michel Morganella,Right Back,Palermo,Serie A,2,-0.30962803418652407,0.16450885449696961,1.046769,-12.040971
45508,Emanuele Suagher,0,Atalanta,Serie A,2,-1.9938688219963647,-0.07222010268313096,-31.57606,0.81314653
16061,Uroš Ćosić,0,Empoli,Serie A,7,0.42205653825398626,3.2021085003814176,3.2837114,54.430157
7705,Mohamed Salim Fares,0,Hellas Verona,Serie A,1,1.4059425325277704,1.1898458595339791,12.0575075,14.416724
8463,Urby Emanuelson,Left Midfield,Hellas Verona,Serie A,7,1.554537668465309,1.2209150466593015,21.64009,39.2835
8793,Oliver Kragl,Left Midfield,Frosinone,Serie A,1,0.9774241337011219,-2.1416046574482497,23.194912,-20.566618
6951,Filippo Costa,0,Chievo,Serie A,1,1.2844269636470171,0.5890426394038772,40.405052,-3.2808592
40119,Juan Camilo Zúñiga Mosquera,Left Back,Bologna,Serie A,2,-1.0042834224942803,-0.3567532488672737,-2.3853574,-15.1278715
7108,Berat Djimsiti,0,Atalanta,Serie A,2,-1.4974751292066684,1.8480840074980138,-23.508043,35.204967
8875,Ricardo Gabriel Álvarez,Right Midfield,Sampdoria,Serie A,4,2.2095433573930854,-0.9825626527650356,44.349503,-36.562866
30750,Stefano Sabelli,0,Carpi,Serie A,1,-0.06521836197823018,-0.4745335967461582,19.929024,-2.394087
6978,Marcello Trotta,Left Center Forward,Sassuolo,Serie A,3,0.45344271641246164,-6.116885789254754,-1.3479346,-64.96252
6577,Zdravko Kuzmanović,Left Center Midfield,Udinese,Serie A,2,-0.41971573555430913,1.233906679022985,-2.7639444,27.607948
29312,Pablo Estífer Armero,0,Udinese,Serie A,1,0.026287332521059057,-0.0014092132993275912,13.462451,-4.761754
20300,Jérémy Ménez,0,AC Milan,Serie A,3,1.535452588814331,-1.9719222023090939,30.325378,-57.630486
27328,Alexander Farnerud,0,Torino,Serie A,7,-0.0003386789019918754,1.3429427117782873,-1.6416432,49.895153
7794,Samir Caetano de Souza Santos,0,Hellas Verona,Serie A,2,-1.3505837488953496,0.253564040808091,-36.37483,6.201137
7852,Tim Matavž,Right Wing,Genoa,Serie A,6,-1.0699077005000652,-4.425418090885218,-17.76145,-55.498238
34355,Riccardo Fiamozzi,0,Genoa,Serie A,2,-0.5718302974163073,1.4142387497145137,-8.777109,15.603264
399299,Kévin Constant,Left Back,Bologna,Serie A,7,2.8437579276011813,3.7646521631562377,15.617736,67.63179
6980,Kevin Strootman,Center Defensive Midfield,AS Roma,Serie A,7,4.100737387070148,3.5551056248827164,25.677494,60.122383
29161,Josip Posavec,0,Palermo,Serie A,0,-4.296204501173426,0.8317415334094791,-83.554085,-2.963011
38673,Guido Buchwald,Left Center Back,VfB Stuttgart,UEFA Europa League,2,-2.5788286111256298,-0.37466092717366895,-40.793785,-2.4634042
38691,Srečko Katanec,Right Defensive Midfield,VfB Stuttgart,UEFA Europa League,5,3.106870725357006,-0.34306057899032266,53.69816,1.5291902
398820,Karl Allgöwer,Center Back,VfB Stuttgart,UEFA Europa League,2,-1.5003604184838082,-0.2892868141936807,-35.454834,-25.086575
398823,Eike Immel,Goalkeeper,VfB Stuttgart,UEFA Europa League,0,-4.780804525107983,-0.1223549380266796,-77.99727,-30.12107
398827,Nils Schmäler,Right Center Back,VfB Stuttgart,UEFA Europa League,2,-2.5401480670094347,0.21786705350894173,-44.823006,-9.553726
398828,Günther Schäfer,Right Wing Back,VfB Stuttgart,UEFA Europa League,5,1.772929666969141,0.5539246512654158,56.16326,11.013988
398829,Michael Schröder,Left Wing Back,VfB Stuttgart,UEFA Europa League,2,-2.72789082399828,-0.22214334334284927,-46.21501,-8.499912
398830,Jürgen Hartmann,Left Defensive Midfield,VfB Stuttgart,UEFA Europa League,0,-4.182759230086681,-0.6754944584728092,-55.900608,-8.21584
398832,Ásgeir Sigurvinsson,Right Attacking Midfield,VfB Stuttgart,UEFA Europa League,1,1.052300709607594,0.6800068217649358,46.523952,-15.182936
397619,Émerson Leão,0,Brazil,FIFA World Cup,0,-4.3575273437569315,0.8813316410314558,-67.67482,4.604578
397620,Clodoaldo Tavares de Santana,Right Defensive Midfield,Brazil,FIFA World Cup,7,2.7556033853938864,1.619603476976169,38.775272,50.35096
397621,Gérson de Oliveira Nunes,Left Defensive Midfield,Brazil,FIFA World Cup,7,0.8824286861550336,0.9638361896291047,43.495018,-33.63819
397622,Jair Ventura Filho,Right Midfield,Brazil,FIFA World Cup,4,4.230009824656906,-5.01124000929996,39.16014,-50.1912
397623,José de Anchieta Fontana,0,Brazil,FIFA World Cup,0,-3.9294013292527956,-0.315369731615931,-52.32851,-5.86959
397626,Félix Miéli Venerando,Goalkeeper,Brazil,FIFA World Cup,0,-3.8006796265997953,1.7332670421825018,-71.14461,10.886483
397627,Wilson da Silva Piazza,Left Center Back,Brazil,FIFA World Cup,2,-1.2574231645498541,1.5251177718470006,-22.8744,31.429745
397628,Hercules Brito Ruas,Right Center Back,Brazil,FIFA World Cup,2,-1.7654901538497765,0.7150486774381464,-24.872528,25.26775
397629,Everaldo Marques da Silva,Left Back,Brazil,FIFA World Cup,7,1.2265767453063419,1.448516848033631,2.0891602,34.75597
397630,Roberto Rivelino,Left Midfield,Brazil,FIFA World Cup,3,4.563481267573679,-3.0675725287862856,36.311943,-50.445488
397631,Paulo Cézar Lima,Left Midfield,Brazil,FIFA World Cup,4,0.18427021643800637,-1.933625293510859,35.726948,-40.082355
397632,Marco Antônio Feliciano,0,Brazil,FIFA World Cup,1,-0.18501636199233834,2.219962240159518,26.005165,3.736948
397634,José Maria Rodrigues Alves,0,Brazil,FIFA World Cup,5,2.232935916683915,1.1526583050571426,55.40324,12.186487
397637,Eduardo Gonçalves de Andrade,Left Center Forward,Brazil,FIFA World Cup,3,0.4353179037481501,-3.571696543048748,23.174368,-54.046173
397946,Vladimir Hagara,Left Back,Czechoslovakia,FIFA World Cup,2,0.13105923566625235,1.1600449942202484,-42.829525,21.437704
397947,Ladislav Kuna,Right Defensive Midfield,Czechoslovakia,FIFA World Cup,4,4.740885179839679,0.13287822654858322,47.963486,32.061527
397951,Karol Dobiaš,Right Back,Czechoslovakia,FIFA World Cup,7,-0.39967776647272196,2.3291853177838346,-6.6875525,71.17405
397952,Ivo Viktor,Goalkeeper,Czechoslovakia,FIFA World Cup,0,-4.212418017142326,1.1288371995002016,-68.650856,5.6123743
397956,Vaclav Migas,Left Center Back,Czechoslovakia,FIFA World Cup,1,0.4567277254058178,0.5892030263291582,21.025906,3.3168452
397962,Karol Jokl,Left Midfield,Czechoslovakia,FIFA World Cup,4,-0.5768138756340988,-2.4886005079502027,-13.04394,-33.662716
397965,Alexander Horvath,Right Center Back,Czechoslovakia,FIFA World Cup,1,0.266803988955275,1.9150528080989653,20.10691,3.9076464
397966,Ladislav Petráš,Right Center Forward,Czechoslovakia,FIFA World Cup,3,-1.1826259915980717,-5.649690649617472,7.5815177,-64.073
397967,Jozef Adamec,Left Center Forward,Czechoslovakia,FIFA World Cup,0,-2.869372375804428,-1.4044639882510956,-31.773808,-31.663717
397881,Gordon Banks,Goalkeeper,England,FIFA World Cup,0,-3.8385040103999244,1.846823368215381,-69.21248,10.590226
397882,Bobby Moore,Left Center Back,England,FIFA World Cup,5,4.759849917882198,3.128568509910629,51.72015,14.736909
397883,Terence Cooper,Left Back,England,FIFA World Cup,5,5.373533762975224,0.9654026240477576,57.350098,2.519149
397884,Brian Leslie Labone,Right Center Back,England,FIFA World Cup,0,-3.0784758821113902,0.1547959909671498,-36.973015,34.468624
397885,Tommy Wright,Right Back,England,FIFA World Cup,5,4.92710641478009,2.9757064385191407,58.547657,-4.410935
397886,Alan Patrick Mullery,Center Defensive Midfield,England,FIFA World Cup,7,2.115820892643848,3.9093166715891305,17.881346,68.806885
397887,Alan James Ball,Right Center Midfield,England,FIFA World Cup,1,2.5678109090627412,-0.6354796904115437,47.802998,-3.5555036
397888,Martin Stanford Peters,Left Center Midfield,England,FIFA World Cup,2,-1.3119552120673994,-0.7090260081799872,-35.803543,-24.564514
397891,Geoffrey Charles Hurst,Left Center Forward,England,FIFA World Cup,2,-2.867985564597211,-1.0946075666935415,-30.566153,28.153934
397639,Ladislao Mazurkiewicz Iglesias,Goalkeeper,Uruguay,FIFA World Cup,0,-4.114386018918154,1.3036627098951545,-69.338524,7.7398157
397640,Julio Walter Montero Castillo,Center Defensive Midfield,Uruguay,FIFA World Cup,5,4.4291391124043935,1.1142051545730465,59.616413,8.093229
397641,Atilio Genaro Ancheta Weigel,Right Center Back,Uruguay,FIFA World Cup,2,-2.2523049139854456,0.456540955149614,-29.254143,24.00874
397642,Roberto Matosas,Left Center Back,Uruguay,FIFA World Cup,2,-2.0398462645687467,0.31506049844043316,-39.120827,-7.777148
397643,Ignacio Luis Ubiña,Right Back,Uruguay,FIFA World Cup,7,0.9271922803420235,2.982765629853796,4.8012805,42.82805
397644,Juan Martin Mujica,Left Back,Uruguay,FIFA World Cup,1,1.6302055168497627,0.5238415646078269,31.52153,2.0629096
397645,Dagoberto Fontes,Center Forward,Uruguay,FIFA World Cup,4,2.79085023125705,-2.2830318164938435,29.46815,-40.136158
397655,Julio César Morales Araújo,Left Wing,Uruguay,FIFA World Cup,2,-2.048642787594918,-1.0146703608944454,-4.7305007,-20.24687
397658,Luis Alberto Cubilla Almeida,Right Wing,Uruguay,FIFA World Cup,3,-0.20854947995859305,-5.453387791600293,17.533089,-53.517246
397659,Julio César Cortés Lagos,Right Center Midfield,Uruguay,FIFA World Cup,1,0.34182391607810064,-1.0302400324089067,31.519556,2.0305314
397665,Enrico Albertosi,Goalkeeper,Italy,FIFA World Cup,0,-3.836507395982835,1.8214148739894287,-70.5966,11.199469
397666,Pierluigi Cera,Left Center Back,Italy,FIFA World Cup,2,-2.99006486921275,1.8248818019596436,-50.796165,8.48182
397668,Dino Zoff,0,Italy,FIFA World Cup,0,-4.180535789266065,1.1349096692699652,-79.810936,0.808814
397673,Giuseppe Furino,0,Italy,FIFA World Cup,5,3.55418592512949,1.011608664958614,48.99903,7.046847
397674,Angelo Domenghini,Right Wing Back,Italy,FIFA World Cup,3,-0.1661719909822922,-3.127497942265047,-12.08834,-34.14821
397675,Luigi Riva,Left Center Forward,Italy,FIFA World Cup,3,-1.3563344691260766,-4.697551803891547,-13.15253,-33.832302
397680,Roberto Rosato,Center Back,Italy,FIFA World Cup,0,-3.9488551316639415,0.3619904021377118,-53.555782,-7.1559367
397681,Giancarlo De Sisti,Right Center Midfield,Italy,FIFA World Cup,0,-3.2434133551816893,1.0381880882895744,-56.535667,4.198806
397683,Gylmar dos Santos Neves,Goalkeeper,Brazil,FIFA World Cup,0,-4.567293449164806,0.4768594191630243,-70.40899,-4.1057515
397684,Nilton dos Reis Santos,Left Back,Brazil,FIFA World Cup,5,5.432211235060851,1.1809291833764404,50.90402,-13.9251585
397685,Hideraldo Luis Bellini,Right Center Back,Brazil,FIFA World Cup,1,-0.4023094405917385,-0.18052440451290414,17.793058,0.42982835
397686,Orlando Peçanha de Carvalho,Left Center Back,Brazil,FIFA World Cup,5,4.03808145021306,0.7776720022059698,48.14986,9.106889
397687,Nilton de Sordi,Right Back,Brazil,FIFA World Cup,2,-1.8852968209172165,1.1521506157119679,-26.035204,32.579678
397688,José Ely de Miranda,Right Defensive Midfield,Brazil,FIFA World Cup,7,4.140228528936732,1.037104493170408,42.923695,40.371986
397689,Manoel Francisco dos Santos,Right Midfield,Brazil,FIFA World Cup,4,4.964204811813533,-5.6142170760639365,42.377243,-47.394615
397690,Edvaldo Izidio Neto,Right Center Forward,Brazil,FIFA World Cup,3,5.8081620969750665,-7.874857917837235,15.693355,-69.30828
397692,Dejalma Pereira Dias dos Santos,0,Brazil,FIFA World Cup,7,2.2180905623831992,2.2603440774881203,34.128918,53.30948
397695,Zózimo Alves Calazães,0,Brazil,FIFA World Cup,5,1.6330494062477312,0.7673839638887548,56.808434,10.746817
397697,Mauro Ramos de Oliveira,0,Brazil,FIFA World Cup,2,-2.8841462884811375,1.168748037418334,-49.558445,6.004076
397699,José João Altafini,0,Brazil,FIFA World Cup,6,-0.8868577433833434,-3.7907696717815242,-24.5536,-29.369722
397702,Mário Jorge Lobo Zagallo,Left Midfield,Brazil,FIFA World Cup,3,5.763228593103278,-4.38160887469347,36.1349,-50.372887
397703,Waldyr Pereira,Left Defensive Midfield,Brazil,FIFA World Cup,4,4.312642976137365,-1.6400485221555032,40.96569,-43.32588
397704,Claude Abbes,Goalkeeper,France,FIFA World Cup,0,-4.491719975596843,0.4660419411512565,-80.90691,-17.539183
397706,Raymond Kaelbel,Right Back,France,FIFA World Cup,1,1.5434549249257152,-0.002253036914378757,41.430573,2.631066
397707,Andre Lerond,Left Back,France,FIFA World Cup,1,-0.6336328954441426,-0.03356458952408926,18.397083,-1.0517641
397708,Jean-Jacques Marcel,Right Center Back,France,FIFA World Cup,2,-0.8059636292806199,-0.6862469288826439,-12.845877,-8.150854
397709,Armand Penverne,Right Defensive Midfield,France,FIFA World Cup,1,2.143943190492566,1.1411273734504148,-9.903913,-8.311719
397710,Raymond Kopaszewski Wlodarczyck,Left Center Forward,France,FIFA World Cup,4,2.698350649253089,-2.0876546377188436,40.566658,-47.43197
397711,Roger Piantoni,Left Defensive Midfield,France,FIFA World Cup,3,1.507237365233108,-6.372365148491686,38.581375,-52.966785
397712,Maryan Wisnieski,Right Midfield,France,FIFA World Cup,4,2.2380245422974845,-1.2039027947855183,-14.017179,-19.640135
397724,Jean Vincent,Left Midfield,France,FIFA World Cup,4,3.715964327560528,-1.133151425665068,43.726418,-3.1980321
397725,Just Louis Fontaine,Right Center Forward,France,FIFA World Cup,3,5.687480152747104,-11.154667427973,18.298208,-68.3048
397780,Karl-Oskar Svensson,Goalkeeper,Sweden,FIFA World Cup,0,-3.8349609615392843,1.419469865768073,-83.15286,4.3577275
397781,Sven Axbom,Left Center Back,Sweden,FIFA World Cup,5,8.690377877137816,0.44928051800461355,53.69866,13.711348
397782,Nils Liedholm,Left Attacking Midfield,Sweden,FIFA World Cup,3,3.4054246277291935,-4.607775316902121,17.55003,-61.371433
397783,Sigvard Parling,Left Defensive Midfield,Sweden,FIFA World Cup,1,1.7543978720144768,-0.6351531226047554,41.407887,2.4390497
397784,Gunnar Gren,Right Attacking Midfield,Sweden,FIFA World Cup,7,-0.8595671943216295,3.5916756451277654,-6.869008,63.84929
397785,Bengt Gustavsson,Center Back,Sweden,FIFA World Cup,1,-0.32429834480050396,0.8302945388311315,22.915377,0.861621
397786,Reino Borjesson,Right Defensive Midfield,Sweden,FIFA World Cup,4,2.1263966655960225,-1.005607900954084,-14.037478,-19.471909
397787,Kurt Roland Hamrin,Right Wing Back,Sweden,FIFA World Cup,4,-1.9381196390524371,-1.6229378071242924,-24.30864,-22.838861
397788,Agne Simonsson,Center Forward,Sweden,FIFA World Cup,3,-0.6043261518936388,-5.075739854422246,16.669985,-60.499065
397789,Karl Lennart Skoglund,Left Wing Back,Sweden,FIFA World Cup,0,-2.158304594261069,-1.3740583397604864,-24.540777,-22.25551
397801,Ernst Orvar Bergmark,Right Center Back,Sweden,FIFA World Cup,2,-0.7845160830289591,1.0324111346898321,-38.67134,-8.849366
397727,Johnny Rep,Right Wing,Ajax,Champions League,3,0.37371223230905815,-3.229427672954562,21.590807,-53.34691
397728,Sandro Salvadore,Left Center Back,Juventus,Champions League,1,-0.9580703111141747,0.43104061553850387,26.157936,1.152433
397729,Gianpietro Marchetti,Right Back,Juventus,Champions League,5,3.3974053086340525,1.594843628903788,54.610878,6.797462
397730,Francesco Morini,Right Center Back,Juventus,Champions League,2,-2.1760370278850054,0.9507957681387637,-27.18315,32.410633
397731,Silvio Longobucco,Left Back,Juventus,Champions League,1,2.217262458091917,-0.975306098845972,30.538736,-12.334742
397733,Fabio Capello,Left Center Midfield,Juventus,Champions League,2,-0.5412501683294988,0.24637167947698227,-21.87611,-2.6761122
397734,Pietro Anastasi,Center Forward,Juventus,Champions League,6,-2.371735372419495,-1.4246907630600427,-24.203444,-36.225674
397742,Velibor Vasović,Left Center Back,Ajax,Champions League,2,-1.789027537342412,0.43747111116217247,-28.52243,32.20611
397744,Dirk Wouter Johannes van Dijk,Center Forward,Ajax,Champions League,3,3.3124582132816456,-3.6546157491568017,14.233889,-58.66877
397745,Takis Ikonomopoulos,Goalkeeper,Panathinaikos,Champions League,1,1.1182017500833952,1.8302463911590925,60.074833,-6.5518823
397746,Frantsiskos Sourpis,Left Center Back,Panathinaikos,Champions League,2,-2.7574693764945777,-0.21787239781073164,-30.42108,29.72563
397747,Anthimos Kapsis,Right Center Back,Panathinaikos,Champions League,2,-2.1356098673341455,0.03674170822449625,-30.96754,30.054806
397748,Georgios Vlachos,Left Back,Panathinaikos,Champions League,7,3.283834535646636,1.491113482024778,35.644276,41.914864
397749,Yiannis Tomaras,Right Back,Panathinaikos,Champions League,2,-0.7365830955840212,0.7695922684373208,-38.192646,-10.142744
397750,Aristidis Kamaras,Center Defensive Midfield,Panathinaikos,Champions League,4,-0.31406641570635907,-1.1601715646864361,-13.328482,-29.028685
397751,Konstantinos Eleftherakis,Left Center Midfield,Panathinaikos,Champions League,5,10.487330530200524,1.2964538826548018,46.125736,-48.29139
397752,Dimitris Domazos,Right Center Midfield,Panathinaikos,Champions League,7,-1.2093222338885894,2.2175125897482557,-7.462818,51.584187
397753,Totis Fylakouris,Left Wing,Panathinaikos,Champions League,0,-2.6817680716372583,-0.19540511765075264,-40.36896,-20.057882
397754,Haris Grammos,Right Wing,Panathinaikos,Champions League,4,-0.7884193372892384,-1.3213630111211359,-15.157332,-20.623854
397755,Antonis Antoniadis,Center Forward,Panathinaikos,Champions League,6,-1.639270634188538,-4.5073016413528055,-17.873634,-53.796673
394422,Carlos Alonso González,Right Wing,Real Madrid,La Liga,1,0.9359057952699225,-2.4429131277571914,9.729982,-48.66481
397757,Mariano García Remón,Goalkeeper,Real Madrid,La Liga,0,-3.856697285522517,1.4489486310849526,-76.55838,7.4052734
397758,Benito Rubiñán Soutullo,Left Back,Real Madrid,La Liga,2,-1.3511896718224272,1.3834489187472427,-41.570984,-5.97801
397759,Gregorio Benito Rubio,Right Center Back,Real Madrid,La Liga,5,1.5712529620306077,0.8098068037990488,57.38281,10.221844
397760,Juan Morgado Dorado,Right Back,Real Madrid,La Liga,2,-2.3045998255981006,1.16468091587101,-46.161182,-0.64070135
397761,Ignacio Zoco Esparza,Left Center Back,Real Madrid,La Liga,2,-1.5709765063265835,0.660203868880065,-18.407827,-21.593733
397762,Manuel Velázquez Villaverde,Right Center Midfield,Real Madrid,La Liga,1,1.7943132584375214,0.939445444470933,33.491596,20.722754
397763,José Martínez Sánchez,Center Defensive Midfield,Real Madrid,La Liga,5,4.828782204845746,-2.2224810622546602,50.701664,-2.427096
397764,José Macanás Pérez,Left Wing,Real Madrid,La Liga,0,-3.32133974113202,0.7224141810629082,-49.91581,-2.6694694
397766,Amancio Amaro Varela,Center Forward,Real Madrid,La Liga,0,-2.748963338769619,-0.4542473282056649,-23.447716,-23.811583
397767,Pere Valentí Mora Mariné,Goalkeeper,Barcelona,La Liga,0,-4.028068320795746,1.1165414796135933,-81.992485,2.1437466
397768,Antonio Torres García,Right Center Back,Barcelona,La Liga,0,-3.51311927519555,0.16190421203100966,-51.41453,-1.5688318
397769,Jesus Antonio de la Cruz Gallego,Left Back,Barcelona,La Liga,1,2.2444461499428954,0.222211280984944,40.681572,-16.37821
397770,Joaquim Rifé Climent,Right Back,Barcelona,La Liga,0,-3.059657463755812,0.5954950903118212,-37.244987,34.42703
397771,Juan Carlos Pérez López,Center Defensive Midfield,Barcelona,La Liga,3,-1.2401362707784278,-2.2019482129579586,4.78439,-62.4546
397773,Enrique Álvarez Costas,Left Center Back,Barcelona,La Liga,2,-3.2695922914494604,-0.012985354819435033,-46.112488,-9.946857
397774,Juan Manuel Asensi Ripoll,Right Center Midfield,Barcelona,La Liga,3,2.1754538590717045,-4.280506349395525,12.675852,-62.5936
397775,Carles Rexach i Cerdà,Right Wing,Barcelona,La Liga,3,3.0985947371593068,-5.324427766885054,17.502607,-66.79489
397776,Hugo Alejandro Sotil Yerén,Left Wing,Barcelona,La Liga,4,3.1241559566147714,-2.245503814512709,50.96908,-22.810902
397802,Jan Jongbloed,Goalkeeper,Netherlands,FIFA World Cup,0,-4.0362947200849195,1.2784910194483183,-67.55265,7.8946567
397803,Willem van Hanegem,Left Center Midfield,Netherlands,FIFA World Cup,4,2.869142164537809,0.4783584083669026,43.859432,41.27035
397804,Wim Jansen,Right Center Midfield,Netherlands,FIFA World Cup,1,2.2723303709722007,0.9901566556071335,39.240765,17.081484
397808,Rob Rensenbrink,0,Netherlands,FIFA World Cup,4,1.9282697363317007,-1.546896833092906,28.456968,-40.62428
397816,Wim Rijsbergen,Right Back,Netherlands,FIFA World Cup,7,1.526932324250813,2.485185239568187,20.49022,31.786074
397843,Ronnie Carl Hellström,Goalkeeper,Sweden,FIFA World Cup,0,-3.766541892004758,1.6032513536155635,-83.291695,5.5329084
397844,Kent Karlsson,Left Back,Sweden,FIFA World Cup,1,1.142325517950805,-0.34746667980912216,41.28276,1.9944905
397845,Björn Andersson,Left Center Back,Sweden,FIFA World Cup,2,-2.3278789075210584,0.11087840546747701,-29.078316,24.968782
397846,Björn Nordqvist,Right Center Back,Sweden,FIFA World Cup,2,-2.4551615042125294,1.2922789769751772,-47.52889,4.6741614
397849,Inge Ejderstedt,Right Midfield,Sweden,FIFA World Cup,6,2.297286029236811,-3.7620787761817605,16.49637,-21.104244
397850,Ove Grahn,Left Defensive Midfield,Sweden,FIFA World Cup,1,0.14703344527899526,-0.2556572129770104,22.726374,2.880735
397851,Bo Göran Larsson,Left Midfield,Sweden,FIFA World Cup,2,-2.072303765203381,-0.31226844040151985,-17.723267,-8.673442
397852,Ralf Edström,Left Center Forward,Sweden,FIFA World Cup,5,3.9033290003032364,-2.6619475998857975,12.934853,-20.659035
397853,Roland Sandberg,Right Center Forward,Sweden,FIFA World Cup,6,-2.847319621653544,-3.4894543895906907,-27.349274,-30.724352
397828,Miguel Ángel Brindisi de Marco,0,Argentina,FIFA World Cup,3,3.2135157116226125,-6.020952478930397,16.235165,-65.20235
397833,Daniel Alberto Carnevali,Goalkeeper,Argentina,FIFA World Cup,0,-3.889492151587501,1.4951268049100115,-72.41852,8.421661
398068,Ubaldo Matildo Fillol,0,Argentina,FIFA World Cup,0,-3.9708252152181873,1.1866929293146766,-67.3349,7.325282
398069,Mario Alberto Kempes Chiodi,Left Attacking Midfield,Argentina,FIFA World Cup,2,-2.1150541821391897,-0.6823761431006463,-14.534206,-26.71124
398070,Roberto Perfumo,Center Back,Argentina,FIFA World Cup,1,2.3837917945388574,-0.05429392275755804,41.674484,-6.7996883
398071,Francisco Pedro Manuel Sá,Left Wing Back,Argentina,FIFA World Cup,1,1.915426163033575,1.521215784006056,38.056145,0.76064616
398073,Héctor Casimiro Yazalde,Center Forward,Argentina,FIFA World Cup,0,-3.999315075942512,-1.1897707873571832,-58.42054,-7.3902607
398075,Carlos Vicente Squeo,Left Center Back,Argentina,FIFA World Cup,1,-0.4630976899440084,0.681992612749175,28.526577,1.0516646
398076,Ramón Armando Heredia Ruarte,Right Defensive Midfield,Argentina,FIFA World Cup,7,-0.12196144812773542,2.09814941370873,-7.0585585,51.55266
398078,Rubén Hugo Ayala,Right Attacking Midfield,Argentina,FIFA World Cup,0,-2.488165575673242,-1.0455314883497338,-31.700314,-31.16645
398081,Augustin Alberto Balbuena,Right Wing Back,Argentina,FIFA World Cup,2,-0.8093104250506914,-1.0443495686936886,-19.59504,-2.7565358
397866,Luís Edmundo Pereira,Right Center Back,Brazil,FIFA World Cup,4,0.4823727556443282,1.2515904633117416,-17.485924,-19.037237
397867,Mario Peres Ulibarri,Left Center Back,Brazil,FIFA World Cup,0,-2.3318051310707695,3.0098839354651394,-79.11677,12.265498
397868,Francisco das Chagas Marinho,Left Back,Brazil,FIFA World Cup,2,-1.9322874837348012,-1.466637164632665,-17.652245,-26.093748
397870,José Guimarães Dirceu,Left Midfield,Brazil,FIFA World Cup,1,1.0698685948689381,1.1359632413006133,30.305836,2.2073033
397878,Valdomiro Vaz Franco,Right Midfield,Brazil,FIFA World Cup,6,-2.0899263040537663,-3.190671777272994,-25.072243,-28.832336
397879,Paulo César Carpegiani,Right Defensive Midfield,Brazil,FIFA World Cup,7,2.326876309152519,4.5713910607796056,-8.431334,59.309658
397822,José Vicente Sánchez Felip,Right Back,Barcelona,Copa del Rey,2,-0.8489892584211538,0.33357877833044286,-18.196392,-15.924902
397823,Gerardo Miranda Concepción,Right Center Back,Barcelona,Copa del Rey,2,-1.0206242137995782,0.33003149673181553,-5.7379985,1.1916919
397824,Esteban Vigo Benítez,Left Midfield,Barcelona,Copa del Rey,4,-1.4856753083914511,-2.2206858742415587,-19.622355,-28.58696
394414,Johannes Anthonius Bernardus Metgod,Right Center Back,Real Madrid,Copa del Rey,2,-1.3532663671367722,0.5648924353185896,-26.602234,29.570454
394415,Francisco Bonet Serrano,Left Defensive Midfield,Real Madrid,Copa del Rey,2,-2.2028926859718134,0.5037435085339963,-55.76323,1.7074248
394416,José Antonio Camacho Alfaro,Left Center Back,Real Madrid,Copa del Rey,2,-2.222522024896374,0.524455027356086,-23.247076,-8.936311
394417,Ángel de los Santos Cano,Right Defensive Midfield,Real Madrid,Copa del Rey,2,-0.9299671834185553,0.7374547892705924,-19.982931,-15.327633
394418,Ricardo Gallego Redondo,Left Back,Real Madrid,Copa del Rey,5,4.533129230457816,2.265308555152504,55.653816,3.702352
394419,Ulrich Stielike,Right Back,Real Madrid,Copa del Rey,5,4.10832903725217,2.11345853298024,58.543125,-4.5493326
394423,José Antonio Salguero García,Right Midfield,Real Madrid,Copa del Rey,2,-0.8684965131382212,-0.6074970958255695,-28.189077,-9.451971
394424,Miguel Ángel González Suárez,Goalkeeper,Real Madrid,Copa del Rey,0,-3.582160132351283,2.1789183384647854,-69.738754,11.002923
394425,Isidoro San José Pozo,Left Midfield,Real Madrid,Copa del Rey,2,-0.8839071520774797,1.1456550088979445,-25.678043,-9.510331
397830,Rafael Dalmacio Zuviría Rodríguez,Right Defensive Midfield,Barcelona,Copa del Rey,5,3.23037282448148,1.0439495838461985,55.885292,13.47467
397829,Carlos Manuel Morete Markov,Center Forward,Las Palmas,Copa del Rey,6,-0.495160028578056,-4.114877221109095,-22.384922,-38.512573
397834,Juan Felipe Martín Martín,Center Back,Las Palmas,Copa del Rey,0,-2.495029965607573,1.422050708403271,-41.30344,29.57471
397835,Roque Díaz Fuentes,Right Center Back,Las Palmas,Copa del Rey,0,-2.986386473882524,1.1690938828480688,-54.76638,6.0064235
397836,Guillermo Hernández Robaina,Left Center Back,Las Palmas,Copa del Rey,7,1.2303987129964578,3.239450978342196,-1.6051079,52.597572
397838,Jorge Fernández Armas,Left Wing Back,Las Palmas,Copa del Rey,4,0.7760143914438665,-0.6827478635513152,-17.114399,-18.58704
397839,Manuel Afonso Mederos,Right Defensive Midfield,Las Palmas,Copa del Rey,2,-2.281536956126313,1.5078524492125154,-45.57778,-0.79784936
397840,Crispín García Maciel,Right Attacking Midfield,Las Palmas,Copa del Rey,6,-2.340762376370701,-3.082185424158249,-26.166311,-31.23794
397970,Osvaldo Salvador Escudero,Center Attacking Midfield,Argentina U20,FIFA U20 World Cup,0,-2.4861077177580473,-0.21724233065054893,-23.186821,-23.9781
397971,Ramón Ángel Díaz,Center Forward,Argentina U20,FIFA U20 World Cup,3,0.42617832452552545,-6.6276889287870135,14.777494,-67.24902
397990,Sergio Rubén García,Goalkeeper,Argentina U20,FIFA U20 World Cup,0,-3.941380354970938,1.5713360426577072,-68.2208,9.722118
397991,Hugo Alvez,Left Back,Argentina U20,FIFA U20 World Cup,3,5.832600937447275,-2.3427126086795953,34.17797,-58.117455
397992,Abelardo Carabelli,Right Back,Argentina U20,FIFA U20 World Cup,2,-1.3596594922547387,2.2387490968718304,-10.932994,46.22744
397993,Rubén Rossi,Left Center Back,Argentina U20,FIFA U20 World Cup,1,0.9502928222585909,2.971521715109163,19.449036,4.546099
397995,Juan Alberto Barbas Martínez,Right Defensive Midfield,Argentina U20,FIFA U20 World Cup,7,1.5959210289353376,2.8712197039347327,-8.633364,54.915974
397972,Viktor Chanov,Goalkeeper,Soviet Union U20,FIFA U20 World Cup,0,-4.254078755403204,0.9901367471653263,-72.13549,3.2720168
397974,Aleksandr Polukarov,Left Back,Soviet Union U20,FIFA U20 World Cup,5,2.7669364503529272,1.2614491754030037,55.600647,12.650867
397975,Sergiy Ovchinnikov,Right Center Back,Soviet Union U20,FIFA U20 World Cup,2,-1.830645858511988,1.277911228906323,-38.971786,-7.4155316
397976,Ashot Khachatryan,Left Center Back,Soviet Union U20,FIFA U20 World Cup,2,-2.125001598049143,-0.29224271355414744,-14.786676,-5.8742847
397978,Igor Ponomarev,Left Center Midfield,Soviet Union U20,FIFA U20 World Cup,5,6.301766900036807,-2.108438418468455,55.094997,-31.951338
397979,Anatoliy Radenko,Center Defensive Midfield,Soviet Union U20,FIFA U20 World Cup,1,0.8445869286451414,-0.5097597406823778,35.888912,-6.7110095
397980,Oleg Taran,Right Wing,Soviet Union U20,FIFA U20 World Cup,4,-1.3149743990574934,-1.3341234538760436,-4.7658644,-23.012589
397981,Igor Gurinovich,Center Forward,Soviet Union U20,FIFA U20 World Cup,6,-2.0583441083493477,-2.3822023726632096,-22.249107,-27.988476
397982,Sergey Stukashov,Left Wing,Soviet Union U20,FIFA U20 World Cup,2,-0.8624066523793649,-0.43319704564929884,-17.866783,-15.227781
398145,Antonio Félix Carbajal Rodríguez,Goalkeeper,Mexico,FIFA World Cup,0,-4.104113239779824,1.1531334800499669,-78.5904,2.8170989
398146,Guillermo Sepúlveda Rodríguez,Left Center Back,Mexico,FIFA World Cup,2,-2.334571907125523,0.30097261853264873,-40.32564,-6.924594
398147,José Villegas Tavares,Left Back,Mexico,FIFA World Cup,2,-3.323456974802892,0.5176630342949986,-41.8939,-2.46783
398148,Pedro Nájera Pacheco,Center Defensive Midfield,Mexico,FIFA World Cup,2,-1.0498971246853868,-0.8375074890074048,-38.545265,-14.019874
398149,Héctor Hernández García,Center Forward,Mexico,FIFA World Cup,3,0.22914637711723476,-4.967056168347227,-2.8399038,-67.8268
398150,Isidoro Díaz Mejia,Left Wing,Mexico,FIFA World Cup,1,2.918382934471573,-0.13296059807267063,53.156174,-6.2158895
398151,Alfredo Estrella Del'Aguila,Right Wing,Mexico,FIFA World Cup,4,0.6133863531981568,-0.0777573933688211,-21.768045,-16.172132
398152,Salvador Reyes Monteón,Left Center Midfield,Mexico,FIFA World Cup,5,5.113268500986254,2.0487051600713246,50.11975,12.715711
398153,Antonio Jasso Alvarez,Right Center Midfield,Mexico,FIFA World Cup,5,8.01184004033077,1.0541397932953227,51.377605,25.586996
398165,José de Jesús Del Muro Lopez,Right Back,Mexico,FIFA World Cup,2,-1.093477754374583,1.6450944191909405,-39.125492,-8.965823
398166,Raul Cardenas,Right Center Back,Mexico,FIFA World Cup,5,2.1515094411908287,-0.25723134786554563,54.87448,12.128234
398595,Carlos Alberto Rodríguez,Goalkeeper,Boca Juniors,Liga Profesional,0,-4.526630221264118,0.48368183397899644,-71.28074,-3.2240791
398596,Roberto Mouzo,Right Center Back,Boca Juniors,Liga Profesional,2,-2.310628730297231,1.5546290023434919,-42.153065,-4.2819886
398597,Carlos Córdoba,Left Back,Boca Juniors,Liga Profesional,5,9.39810470335506,-0.5330849119811195,60.734272,4.014837
398598,Vicente Alberto Pernía,Right Back,Boca Juniors,Liga Profesional,2,-1.4335104141115338,-0.3136067199604573,-28.269243,-11.508422
398599,Ariel Krasouski,Center Defensive Midfield,Boca Juniors,Liga Profesional,5,5.251031469314184,0.3497403504505821,51.348892,11.93054
398600,Jorge Benítez,Left Center Midfield,Boca Juniors,Liga Profesional,5,5.5135520582799415,0.9359534172191436,54.736954,23.570108
398602,José Luis Pavoni,Right Center Back,River Plate,Liga Profesional,5,4.484075351129346,0.9137310017692978,50.993492,11.575629
398603,Alberto César Tarantini,Left Back,River Plate,Liga Profesional,2,-1.789221474478879,1.8014428068007864,-42.420006,-5.8271904
398605,Reinaldo Carlos Merlo,Left Defensive Midfield,River Plate,Liga Profesional,0,-3.923561898494903,0.5647150776333066,-55.173428,-2.1737897
398606,Juan José López,Right Defensive Midfield,River Plate,Liga Profesional,4,3.087397571986199,-3.099522188215498,39.60027,-44.999287
398607,Emilio Nicolás Commisso,Left Wing,River Plate,Liga Profesional,2,-0.7665037743596231,-0.04370457963208752,-13.783528,-5.804943
398608,Norberto Osvaldo Alonso,Center Attacking Midfield,River Plate,Liga Profesional,4,1.21068019932246,-1.8889743497799385,-14.367309,-20.149538
24802,Nolberto Albino Solano Todco,Right Defensive Midfield,Boca Juniors,Liga Profesional,7,0.2571596537857745,1.5086504587764553,-42.073658,20.123196
398668,Óscar Eduardo Córdoba Arce,Goalkeeper,Boca Juniors,Liga Profesional,0,-4.3294693511319355,0.7172751316077544,-83.02668,-18.700401
398669,Jorge Hernan Bermúdez Morales,Center Back,Boca Juniors,Liga Profesional,2,-2.432461837016876,0.9003641102745811,-41.888264,-3.9817069
398671,Julio César Toresani,Right Wing Back,Boca Juniors,Liga Profesional,3,0.6301359823542089,-2.7602440817979783,5.166125,-62.8709
398672,Diego Sebastián Cagna,Left Defensive Midfield,Boca Juniors,Liga Profesional,1,2.131256085625892,2.0976082500216746,28.61076,19.93888
398673,Martín Palermo,Right Center Forward,Boca Juniors,Liga Profesional,3,-1.9516240723082559,-3.168630365286429,3.6583655,-61.068977
398657,Germán Adrián Ramón Burgos,Goalkeeper,River Plate,Liga Profesional,0,-4.440385001652115,0.032697241089987686,-71.446754,-14.280108
398658,Celso Rafael Ayala Gavilán,Right Center Back,River Plate,Liga Profesional,2,0.20136318810929746,0.5615735101336056,-38.119854,-10.530184
398659,Hernán Edgardo Díaz,Right Back,River Plate,Liga Profesional,1,0.2862968689136718,1.1998951756989367,26.09878,5.509345
398660,Marcelo Daniel Gallardo,Center Attacking Midfield,River Plate,Liga Profesional,4,5.8038503823655665,-4.788934052411096,36.16412,-48.676163
398662,Leonardo Rubén Astrada,Center Defensive Midfield,River Plate,Liga Profesional,7,4.632350485459354,2.9856548195619816,36.596825,38.47409
398663,Sergio Ángel Berti Pizzani,Left Center Midfield,River Plate,Liga Profesional,3,2.9675734284509763,-0.7751371853852148,14.698015,-57.997288
398664,José Marcelo Salas Melinao,Left Center Forward,River Plate,Liga Profesional,6,-0.08981496934469065,-5.109553095494136,-5.7071214,-27.40922
398746,Jean-Marie Pfaff,Goalkeeper,Belgium,FIFA World Cup,0,-3.714083580279887,1.581964105202149,-77.30807,8.027107
398747,Georges Grün,Center Back,Belgium,FIFA World Cup,7,0.469118241974904,0.34235527994416937,-29.42118,15.185306
398748,Patrick Vervoort,Left Wing Back,Belgium,FIFA World Cup,2,-0.7951499151315408,1.5484486459680085,-21.802366,38.797337
398749,Stéphane Demol,Right Center Back,Belgium,FIFA World Cup,2,-1.4610473692804204,0.7961141848246959,-22.64656,37.881283
398750,Daniel Veyt,Right Center Forward,Belgium,FIFA World Cup,2,-3.4442664575570348,-1.0551264035093204,-46.11242,-14.076441
398762,Franky Vercauteren,Left Center Midfield,Belgium,FIFA World Cup,0,-2.1255995689889398,-2.1375032016428888,-30.899616,-38.979385
398764,Jan Ceulemans,Center Defensive Midfield,Belgium,FIFA World Cup,1,1.2669159809686388,-0.3999769206158063,35.35414,-3.054682
398765,Nico Claesen,Left Center Forward,Belgium,FIFA World Cup,0,-3.029402618655352,0.3653752399700755,-47.06125,-7.180886
398766,Enzo Scifo,Right Center Midfield,Belgium,FIFA World Cup,4,-1.0092343465486808,-1.76204682963283,-15.704593,-30.158821
398767,Eric Gerets,Right Wing Back,Belgium,FIFA World Cup,2,-1.677857920212621,1.2953246355384151,-22.567255,37.39747
18107,Lothar Matthäus,Left Defensive Midfield,Germany,FIFA World Cup,2,-1.3386737663879391,-0.5047273998254622,-16.047491,-7.747464
38676,Andreas Brehme,Right Center Back,Germany,FIFA World Cup,7,-0.5786044658248884,2.6900425722123824,-43.895195,18.613153
398809,Thomas Berthold,Right Wing Back,Germany,FIFA World Cup,1,1.339089385548968,0.164645742612721,46.660194,-15.04229
398811,Harald Anton Schumacher,Goalkeeper,Germany,FIFA World Cup,0,-4.696237039704173,0.45466561739399336,-66.57535,-0.2993138
398812,Karl-Heinz Förster,Left Center Back,Germany,FIFA World Cup,1,0.6477805200760332,2.16125459828152,24.92635,6.7700877
398813,Norbert Alban Eder,Right Defensive Midfield,Germany,FIFA World Cup,1,0.012094106454397954,0.03943825779555268,28.60922,0.9789955
398814,Ditmar Jakobs,Center Back,Germany,FIFA World Cup,1,2.1972724863263697,1.3749040178520073,38.089096,0.67763567
398815,Karl-Heinz Rummenigge,Left Center Forward,Germany,FIFA World Cup,3,-1.447986493111471,-6.40004576179208,2.6804917,-64.9254
398824,Hans-Peter Briegel,Left Wing Back,Germany,FIFA World Cup,5,2.9840017712151394,0.1778320596101949,55.73155,6.6069846
398840,Michel Platini,Right Center Midfield,Juventus,Serie A,2,-1.1861970462458462,-0.3327392229688886,-18.822283,1.9350245
398842,Aldo Serena,Right Center Forward,Juventus,Serie A,6,-1.8479669555647156,-1.1278946053951884,-38.983337,-13.775295
398843,Nicola Caricola,Center Back,Juventus,Serie A,1,0.4701006590315342,1.0032221935518137,20.105368,8.46236
398844,Antonio Cabrini,Left Wing Back,Juventus,Serie A,4,-0.34550780684686644,-1.3419640564903201,-5.8504057,-24.396547
398845,Lionello Manfredonia,Left Center Midfield,Juventus,Serie A,3,1.473786023326981,-4.031957456301137,20.093956,-61.93479
39943,Claudio Garella,Goalkeeper,Napoli,Serie A,0,-4.658437293895826,0.3535025799554361,-72.39338,-8.120303
39944,Moreno Ferrario,Center Defensive Midfield,Napoli,Serie A,6,-2.2565587037350485,-3.2873317755563267,-2.1793435,-46.1063
39947,Giuseppe Bruscolotti,Left Center Back,Napoli,Serie A,6,0.6121332959525948,-1.9315361473815011,16.344372,-6.5185633
39952,Salvatore Bagni,Right Center Midfield,Napoli,Serie A,5,6.217146720786391,-0.9704702912826236,49.812244,-43.10264
39953,Bruno Giordano,Center Forward,Napoli,Serie A,3,0.4854214271780177,-6.81280225700796,13.936145,-66.10351
398949,Lajos Satmareanu,Right Back,Romania,FIFA World Cup,4,3.2909682627382226,1.0846717008913425,50.13808,-19.040525
398950,Nicolae Lupescu,Left Center Back,Romania,FIFA World Cup,1,-0.5688934784018966,0.2256609313046533,22.401983,0.6505068
398951,Mihai Mocanu,Left Back,Romania,FIFA World Cup,2,-2.1618417848081948,0.9312348088853045,-41.47123,-2.7870655
398952,Emerich Dembrovschi,Right Midfield,Romania,FIFA World Cup,3,1.0454009246154718,-2.198725583246768,27.347124,-57.58035
398953,Radu Nunweiller,Right Defensive Midfield,Romania,FIFA World Cup,7,1.0589372307124567,1.4171571414576787,22.595491,55.414654
398954,Ion 'Liţă' Dumitru,Right Center Back,Romania,FIFA World Cup,5,5.57862543692357,1.9937806562978506,55.00086,15.869961
398956,Alexandru Neagu,Right Center Forward,Romania,FIFA World Cup,6,-2.62692139711369,-2.1116940056318083,-27.281353,-41.337715
398968,Mircea Lucescu,Left Midfield,Romania,FIFA World Cup,4,-1.4220039399106152,-0.9959755430089294,-20.05847,-21.24491
398969,Cornel Dinu,Left Defensive Midfield,Romania,FIFA World Cup,5,6.592473780456018,1.1857211787407032,53.95508,23.212397
398853,Luis Rubiños Cerna,Goalkeeper,Peru,FIFA World Cup,0,-4.13072405063237,1.3018103726050123,-67.84732,9.283359
398854,Eloy Campos,Right Back,Peru,FIFA World Cup,4,2.5372858121525432,0.17105491161914768,39.4025,-22.797184
398855,Héctor Eduardo Chumpitáz González,Left Center Back,Peru,FIFA World Cup,1,1.228835206436197,0.13440672124675382,47.23544,-17.28663
398856,Domingo Nicolás Fuentes Zegarra,Left Back,Peru,FIFA World Cup,1,0.21206892802757082,1.6302903522296446,25.325378,6.00539
398857,José Antonio Fernández Santini,Right Center Back,Peru,FIFA World Cup,0,-4.097581514690299,0.45863026402232443,-55.960052,-1.5950737
398858,Teófilo Juan Cubillas Arizaga,Left Center Forward,Peru,FIFA World Cup,3,7.140411232241356,-6.201216120620319,59.60869,-20.544355
398859,Ramón Antonio Mifflin Páez,Left Defensive Midfield,Peru,FIFA World Cup,7,1.390724625895969,2.8863220057533785,-5.816021,59.80279
398862,Alberto Gallardo,Left Midfield,Peru,FIFA World Cup,3,1.1272488273119399,-4.0424259327079675,14.067165,-63.91204
398873,Roberto Chale Olarte,Right Defensive Midfield,Peru,FIFA World Cup,7,3.1568321108555857,3.941875767721466,6.8792057,70.74238
8208,Sven Ulreich,0,Bayern Munich,1. Bundesliga,0,-3.9916171138472327,1.0673237990408624,-82.90337,1.9981152
8302,Nicolai Müller,0,Hamburger SV,1. Bundesliga,4,1.8356680448884173,-2.83965428214098,20.482176,-23.082516
8316,Dennis Diekmeier,Right Back,Hamburger SV,1. Bundesliga,2,-1.1644495412192943,0.8353378598284832,-11.963882,12.101817
8321,Sven Schipplock,Center Forward,Hamburger SV,1. Bundesliga,6,-0.2244892729646473,-2.9189624017485,-15.599926,-49.943253
8323,Gideon Jung,Center Defensive Midfield,Hamburger SV,1. Bundesliga,2,-0.6996921660397717,-0.11764448708221013,-5.4940543,-7.0061874
8547,Matthias Ostrzolek,Left Back,Hamburger SV,1. Bundesliga,2,0.17817514587198216,1.5975600719761396,7.4609036,29.153358
8560,René Adler,Goalkeeper,Hamburger SV,1. Bundesliga,0,-3.9147404296222796,0.4504138372383917,-41.27523,43.776237
8891,Lewis Harry Holtby,Left Center Midfield,Hamburger SV,1. Bundesliga,7,2.574698886343632,0.8414377347232375,31.789244,36.303394
8895,Pierre-Michel Lasogga,Left Center Forward,Hamburger SV,1. Bundesliga,6,-0.23820361582907326,-4.439582658048681,-9.616985,-57.231045
9407,Gojko Kačar,0,Hamburger SV,1. Bundesliga,1,1.804202750025902,0.32461592496574443,23.683325,17.829123
24740,Ivo Iličević,Left Midfield,Hamburger SV,1. Bundesliga,4,1.9621779539521143,-1.6471013692038128,36.14949,-15.161752
8210,Charles Mariano Aránguiz Sandoval,0,Bayer Leverkusen,1. Bundesliga,4,0.7572029543275073,-1.5984792626619069,30.360561,-32.97063
8212,Wendell Nascimento Borges,Left Back,Bayer Leverkusen,1. Bundesliga,7,0.6848995348740008,1.9781873443806919,6.0971885,32.41571
8213,Karim Bellarabi,Right Wing,Bayer Leverkusen,1. Bundesliga,4,2.3066132033477134,-2.8649064065128353,29.562532,-42.39148
8221,Jonathan Tah,Right Center Back,Bayer Leverkusen,1. Bundesliga,7,0.19175951247312106,2.7664872108354954,2.2573583,57.979305
8313,Kyriakos Papadopoulos,Left Center Back,Bayer Leverkusen,1. Bundesliga,2,-1.1982247165918136,-0.28304634639060755,-11.869366,10.56652
8549,Giulio Donati,0,Bayer Leverkusen,1. Bundesliga,1,0.4808594608383128,1.4110002962542334,11.438795,17.801725
8805,Christoph Kramer,Left Defensive Midfield,Bayer Leverkusen,1. Bundesliga,7,1.7224085391553383,1.8744177372964412,28.331074,42.19861
8918,Roberto Hilbert,Right Back,Bayer Leverkusen,1. Bundesliga,1,1.1071212939246393,0.6735124088063816,8.158525,27.651255
8969,Lars Bender,Right Defensive Midfield,Bayer Leverkusen,1. Bundesliga,7,1.8482545099055707,0.8596421514098173,30.708275,34.859684
9363,André Ramalho Silva,Left Defensive Midfield,Bayer Leverkusen,1. Bundesliga,1,1.1632029244880169,1.6452123133889547,-6.6108236,28.154816
11394,Stefan Kießling,Center Forward,Bayer Leverkusen,1. Bundesliga,6,0.5550518662173186,-4.468586715577507,-14.679071,-58.66597
8311,Jonathan Schmid,Right Center Midfield,Hoffenheim,1. Bundesliga,6,-1.7021256421417088,-1.8870287193581627,4.2149816,-32.93421
8387,Mark Uth,Right Center Forward,Hoffenheim,1. Bundesliga,3,0.49338922897646,-3.4300226305827914,11.657517,-54.886078
8392,Jeremy Toljan,0,Hoffenheim,1. Bundesliga,2,-1.2882570381161436,0.5265233898521955,-17.696074,12.372505
8393,Oliver Baumann,Goalkeeper,Hoffenheim,1. Bundesliga,0,-3.7693782658393737,1.5656112740465575,-82.16116,5.3521523
8556,Pirmin Schwegler,Center Defensive Midfield,Hoffenheim,1. Bundesliga,1,0.5871961137289972,1.321075360730724,22.115465,25.606821
9396,Ermin Bičakčić,0,Hoffenheim,1. Bundesliga,2,-1.2493453240975483,1.4056027802004374,-9.8842125,36.56163
9720,Philipp Ochs,Left Center Midfield,Hoffenheim,1. Bundesliga,1,1.4292831319551265,0.17064204400427874,31.24966,11.868116
12321,Tobias Strobl,Right Center Midfield,Hoffenheim,1. Bundesliga,1,1.0487363139151218,1.6155495985854618,22.416096,25.62938
19836,Kevin Kuranyi,Right Center Forward,Hoffenheim,1. Bundesliga,6,-1.2637298256958311,-3.1923060767952203,-15.467537,-53.291214
37972,Jens Grahl,0,Hoffenheim,1. Bundesliga,0,-4.4580738495946814,0.6650444599320628,-69.11895,0.3587019
3275,Henrikh Mkhitaryan,Left Wing,Borussia Dortmund,1. Bundesliga,4,3.303703580365051,-2.2995455886417164,33.75646,-47.31317
3712,Pierre-Emerick Aubameyang,Center Forward,Borussia Dortmund,1. Bundesliga,3,-0.44617269606972393,-6.869817998805762,11.213901,-67.98931
8222,Kevin Kampl,Right Wing,Borussia Dortmund,1. Bundesliga,7,1.8339032420081314,0.7426558814288371,22.510605,45.85465
8233,Gonzalo Castro Randon,0,Borussia Dortmund,1. Bundesliga,7,1.8458098848217168,0.9830096025924299,44.30529,-25.935564
8244,Sokratis Papastathopoulos,Right Center Back,Borussia Dortmund,1. Bundesliga,7,2.8212943132252084,4.50632669358328,10.511468,66.2613
8816,Julian Weigl,Left Defensive Midfield,Borussia Dortmund,1. Bundesliga,7,3.087119112570799,5.247786752250293,8.908195,68.66478
8238,Mahmoud Dahoud,Left Defensive Midfield,Borussia Mönchengladbach,1. Bundesliga,7,3.2363072140545883,0.6926556952842031,24.144585,45.36031
8545,Julian Korb,0,Borussia Mönchengladbach,1. Bundesliga,7,0.5054209778797445,1.615945355498265,4.021684,38.041386
8806,Lars Edi Stindl,Right Defensive Midfield,Borussia Mönchengladbach,1. Bundesliga,4,1.5092808065674024,-1.472601150022959,31.554157,-31.475697
8809,Oscar Wendt,Left Back,Borussia Mönchengladbach,1. Bundesliga,7,0.424297348335447,1.7720686137522226,7.1639504,45.64937
8810,Raffael Caetano de Araújo,Right Center Forward,Borussia Mönchengladbach,1. Bundesliga,4,1.1826156651586834,-2.5409750707710153,28.71227,-49.08154
8813,Patrick Herrmann,Right Midfield,Borussia Mönchengladbach,1. Bundesliga,6,-0.812701465083678,-2.4992969314011484,18.809223,-48.690662
11283,Fabian Johnson,Left Midfield,Borussia Mönchengladbach,1. Bundesliga,2,-0.11952949105510714,-0.6720497474527751,3.890593,-24.99719
11285,Ibrahima Traoré,Right Midfield,Borussia Mönchengladbach,1. Bundesliga,4,3.0070777086848133,-1.7183420929398072,45.109894,-39.054523
11398,Tobias Sippel,0,Borussia Mönchengladbach,1. Bundesliga,0,-3.8237060497693856,1.453978205070137,-77.31786,7.095045
12320,Tony Jantschke,Right Back,Borussia Mönchengladbach,1. Bundesliga,7,1.0451419424921462,3.3939260360172505,0.20322183,67.44336
29245,Marvin Schulz,Right Center Back,Borussia Mönchengladbach,1. Bundesliga,7,0.5891590769282263,2.9743825628685645,-18.126476,58.39267
400654,Roel Brouwers,0,Borussia Mönchengladbach,1. Bundesliga,7,-1.14976874921679,2.895623381221771,-5.7475705,68.30379
3016,Allan Saint-Maximin,0,Hannover 96,1. Bundesliga,4,0.8706232038143743,-2.4837085027333408,24.798187,-40.358334
8542,Felipe Trevizan Martins,0,Hannover 96,1. Bundesliga,1,-0.2762933295533683,-0.6349421488694756,9.655109,-25.081045
8543,Manuel Schmiedebach,Right Defensive Midfield,Hannover 96,1. Bundesliga,1,1.4487367245157174,0.972352370652383,24.397825,23.927023
8551,Felix Klaus,Right Wing,Hannover 96,1. Bundesliga,6,0.9692471570318122,-2.182402624657577,19.371346,-21.331928
8558,Charlison Benschop,Left Wing,Hannover 96,1. Bundesliga,6,-2.647686481549514,-2.756028891065656,-27.305248,-41.5744
8947,Ron-Robert Zieler,Goalkeeper,Hannover 96,1. Bundesliga,0,-4.102222351205884,1.1201670665629695,-79.68175,2.4538689
11845,Artur Sobiech,Left Center Forward,Hannover 96,1. Bundesliga,6,-1.028907015700888,-3.692429049157497,-11.527233,-54.890545
12316,Oliver Sorg,Right Back,Hannover 96,1. Bundesliga,2,-0.8824402439084917,1.1217668621687942,-7.5452766,9.070063
13126,Miiko Martín Albornoz Inola,Left Back,Hannover 96,1. Bundesliga,1,0.32412480128355176,0.8483249451308508,7.610311,17.926353
20027,Mevlüt Erdinç,Center Forward,Hannover 96,1. Bundesliga,6,-2.4690699826342253,-3.4236928703281344,-8.169866,-49.51057
24914,Edgar Prib,Center Attacking Midfield,Hannover 96,1. Bundesliga,1,1.9604407967168258,-0.3605093602163692,37.602753,-12.033504
400613,Leon Andreasen,Right Defensive Midfield,Hannover 96,1. Bundesliga,6,-0.49369348867651464,-1.8577211090372463,-0.20722115,-35.565544
400614,Christian Schulz,Left Center Back,Hannover 96,1. Bundesliga,2,-0.7676746206569707,1.221543235988869,-19.43033,26.14442
8306,Christian Mathenia,Goalkeeper,Darmstadt 98,1. Bundesliga,0,-4.945168715424273,-0.12233120879604044,-76.89801,-27.96783
8388,Jérôme Gondorf,Right Defensive Midfield,Darmstadt 98,1. Bundesliga,1,-0.21197425822848548,-1.4089074005773905,8.301525,-19.224377
9217,Aytac Sulu,Right Center Back,Darmstadt 98,1. Bundesliga,2,-2.4237635603684873,-1.504390052738776,-25.998173,19.758675
9219,Tobias Kempe,Right Midfield,Darmstadt 98,1. Bundesliga,6,0.10207924679262353,-2.441253857579683,5.9667573,-33.29375
9222,Fabian Holland,Left Back,Darmstadt 98,1. Bundesliga,1,-0.8620157999331298,-0.014098195220053057,-0.010419843,-0.26621222
9401,Marcel Heller,Right Midfield,Darmstadt 98,1. Bundesliga,6,-0.7227703561243323,-2.7173369369241644,8.243709,-19.663988
9404,Luca Caldirola,Left Center Back,Darmstadt 98,1. Bundesliga,2,-2.1604419263739687,-0.8029084337767782,-30.182457,-1.3397278
9723,Sandro Wagner,Center Forward,Darmstadt 98,1. Bundesliga,6,0.6983664362463776,-5.876571140922501,-14.8654,-60.077755
11134,Konstantin Rausch,Left Midfield,Darmstadt 98,1. Bundesliga,6,-1.187490654049781,-1.9233105562735757,6.501244,-32.41069
12383,Florian Jungwirth,Right Back,Darmstadt 98,1. Bundesliga,1,-0.8027585731999131,-0.1824846589873715,0.7364968,1.1959902
13675,Mario Vrančić,0,Darmstadt 98,1. Bundesliga,6,-0.8882652159996852,-2.127694815642159,-13.2370205,-44.310463
20522,György Garics,0,Darmstadt 98,1. Bundesliga,2,-1.6826941347321245,0.2610756766713415,-4.4812727,-1.5035701
40467,Peter Niemeyer,Left Defensive Midfield,Darmstadt 98,1. Bundesliga,6,-1.248497835006493,-1.6102380513651162,-7.3796706,-6.485857
40477,Jan Rosenthal,Center Attacking Midfield,Darmstadt 98,1. Bundesliga,6,-0.9202202643557417,-2.7673158740784225,-17.00935,-49.5705
40481,Dominik Stroh-Engel,Center Forward,Darmstadt 98,1. Bundesliga,6,-1.9405237459260039,-3.760710439080165,-19.92405,-55.2918
400612,Marco Sailer,Center Attacking Midfield,Darmstadt 98,1. Bundesliga,6,-1.1431986803008485,-4.059645172060008,-19.246834,-51.073837
2968,Elias Kachunga,Right Wing,Ingolstadt,1. Bundesliga,6,-0.2068917355268941,-3.0210563432379285,-18.957405,-51.684444
3097,Pascal Groß,Right Center Midfield,Ingolstadt,1. Bundesliga,7,1.0778001935280075,0.32831471726866934,25.262646,40.209915
3221,Markus Suttner,0,Ingolstadt,1. Bundesliga,1,0.33131942564138267,0.2558682008030239,0.17961457,7.4795876
8394,Robert Bauer,Right Center Midfield,Ingolstadt,1. Bundesliga,1,-0.18912804220671683,0.4797955068220726,0.94971764,0.14819607
8405,Benjamin Hübner,Left Center Back,Ingolstadt,1. Bundesliga,2,-1.5277568001788446,-0.6029684683432072,-1.3361361,-1.6277831
9103,Lukas Hinterseer,Center Forward,Ingolstadt,1. Bundesliga,6,-0.6128390627292702,-3.2990409311494058,-11.172867,-51.963146
9106,Marvin Matip,Right Center Back,Ingolstadt,1. Bundesliga,2,-1.6405501019267466,0.19619487445586825,-22.470528,22.993992
10483,Ørjan Håskjold Nyland,0,Ingolstadt,1. Bundesliga,0,-4.499879404451528,0.3606724234564673,-80.0361,-24.197203
12304,Alfredo Morales,Left Center Midfield,Ingolstadt,1. Bundesliga,1,1.3333876425133873,-2.115057571294643,18.543161,-18.329273
12319,Ramazan Özcan,Goalkeeper,Ingolstadt,1. Bundesliga,0,-3.9491381116621858,0.5449346918046775,-40.818134,44.551723
12551,Max Christiansen,0,Ingolstadt,1. Bundesliga,1,0.2801630294998179,-0.4327970286479676,1.6839604,-11.352989
13332,Romain Brégerie,Center Forward,Ingolstadt,1. Bundesliga,2,-1.8717364163931551,-0.589406240148841,-41.157593,-12.979066
36641,Konstantin Engel,Left Back,Ingolstadt,1. Bundesliga,2,-2.3502770301818616,0.14956478730784825,-44.334305,-0.7483996
40459,Roger de Oliveira Bernardo,Center Defensive Midfield,Ingolstadt,1. Bundesliga,1,-0.5046632975712461,-0.4338326806955264,-0.26020342,-1.6876943
40460,Tobias Levels,Right Back,Ingolstadt,1. Bundesliga,7,0.7510645570980138,1.732486683224511,6.955195,35.883442
40463,Stefan Lex,0,Ingolstadt,1. Bundesliga,6,-0.9771517552732254,-4.411552648884026,-8.330716,-53.95118
40464,Moritz Hartmann,Right Wing,Ingolstadt,1. Bundesliga,6,-0.3820794605010508,-4.734833399887247,-4.069581,-61.438694
8539,Danny Latza,0,FSV Mainz 05,1. Bundesliga,7,2.6286333892757225,1.1915550633777423,26.319324,37.04452
8548,Daniel Brosinski,Right Back,FSV Mainz 05,1. Bundesliga,2,-0.1985592053935813,1.0748287406808525,4.4641795,35.7205
8559,Stefan Bell,Left Center Back,FSV Mainz 05,1. Bundesliga,7,0.337887400594941,1.9614301697528893,-5.9863763,41.233498
8679,Yunus Mallı,Center Attacking Midfield,FSV Mainz 05,1. Bundesliga,4,-0.9280512788906394,-2.976215965382308,18.549553,-50.79154
8890,Christoph Moritz,0,FSV Mainz 05,1. Bundesliga,1,2.4036848934702695,0.8851015882768889,30.057209,17.912846
8943,Florian Niederlechner,Center Forward,FSV Mainz 05,1. Bundesliga,6,-0.9759473084804272,-5.577286324838004,-7.6034927,-54.172523
9098,Christian Clemens,Right Wing,FSV Mainz 05,1. Bundesliga,4,0.054187885149057306,-2.7166885108222316,10.482782,-35.716934
13319,Niko Bungert,Right Center Back,FSV Mainz 05,1. Bundesliga,2,-1.1777476174619264,1.8674866640076362,-10.169858,36.82808
19405,Robin Zentner,0,FSV Mainz 05,1. Bundesliga,0,-4.392038783540658,0.6631670250196872,-75.55035,-1.6643729
8508,Max Meyer,0,Schalke 04,1. Bundesliga,4,-0.19442196031721878,-0.7422857502537967,34.53222,-33.26401
8517,Ralf Fährmann,Goalkeeper,Schalke 04,1. Bundesliga,0,-3.959901096736501,1.3171781898760229,-80.81565,3.8521206
8824,Marco Höger,Left Defensive Midfield,Schalke 04,1. Bundesliga,5,3.4495211094914526,1.1348094079969004,49.457,16.612782
8958,Dennis Aogo,Left Back,Schalke 04,1. Bundesliga,7,-0.5926438321768177,2.348954360130634,-9.962762,44.378735
16534,Roman Neustädter,Left Center Back,Schalke 04,1. Bundesliga,7,0.6300169779096286,2.5204843062658284,0.018994244,46.996143
25003,Sascha Riether,Right Back,Schalke 04,1. Bundesliga,2,-1.1074586381181526,2.4865802724342245,-20.125593,56.00264
30312,Uilson de Souza Paula Júnior,0,Schalke 04,1. Bundesliga,7,1.3550537762546884,1.6286703737329513,8.7474165,36.75892
8389,Fin Bartels,Left Defensive Midfield,Werder Bremen,1. Bundesliga,4,0.43381159219582766,-2.8116242216853555,17.835043,-47.1567
8390,Philipp Bargfrede,Right Defensive Midfield,Werder Bremen,1. Bundesliga,1,0.5601811655419469,0.639735118104831,24.301186,14.692764
8396,Theodor Gebre Selassie,Right Back,Werder Bremen,1. Bundesliga,2,-0.9255632623425464,0.41688918791469104,-11.545699,11.536263
8401,Maximilian Eggestein,0,Werder Bremen,1. Bundesliga,1,1.1592413069236254,-0.8520529831523583,14.138801,-23.276379
8402,Aron Jóhannsson,Left Center Forward,Werder Bremen,1. Bundesliga,6,-0.10629115630012795,-3.6460626493642287,6.4665933,-52.3266
8554,Levin Mete Öztunali,Left Center Forward,Werder Bremen,1. Bundesliga,4,0.22716467873800703,-2.6673308856369897,23.078482,-36.896427
8762,Zlatko Junuzović,Left Midfield,Werder Bremen,1. Bundesliga,4,0.42131194725135085,-1.6395637616864216,28.456316,-33.409634
9178,Felix Kroos,0,Werder Bremen,1. Bundesliga,2,0.10610885867837949,-0.5994805960682295,-2.868682,-29.79177
12624,Anthony Ujah,Right Center Forward,Werder Bremen,1. Bundesliga,6,-0.6454593881196858,-4.83583119381656,-9.341339,-59.149654
20010,Clemens Fritz,Right Midfield,Werder Bremen,1. Bundesliga,1,1.2105230816360302,0.3513441622327849,34.29852,13.049371
22043,Ulisses Alexandre Garcia Lopes,Left Back,Werder Bremen,1. Bundesliga,1,1.6478087214798458,-0.5554889468711044,37.59403,-12.024806
23198,Michael Zetterer,0,Werder Bremen,1. Bundesliga,0,-3.1752284188328463,2.3307452267761875,-78.12379,11.272398
23269,Felix Wiedwald,Goalkeeper,Werder Bremen,1. Bundesliga,0,-3.9559019555523367,0.46868438518591626,-41.76125,41.00079
40479,Janek Sternberg,0,Werder Bremen,1. Bundesliga,2,-0.6579531432699014,0.3037871890131009,-8.65646,5.0055385
51388,Assani Lukimya-Mulongoti,Right Center Back,Werder Bremen,1. Bundesliga,1,0.011536246895634634,0.38910723658784613,20.005327,9.941469
8207,Dominik Kohr,Right Defensive Midfield,Augsburg,1. Bundesliga,1,0.3992012573790042,0.6583816687712946,21.13435,21.14793
8237,Paul Verhaegh,Right Back,Augsburg,1. Bundesliga,7,-0.27577330180825593,1.1592091083682077,-7.9579163,42.110527
8303,Caiuby Francisco da Silva,Center Forward,Augsburg,1. Bundesliga,6,0.9986448192271343,-3.691988110381501,-8.61544,-45.772896
8314,Marwin Hitz,Goalkeeper,Augsburg,1. Bundesliga,0,-4.100367155295692,1.115764651357389,-80.39874,2.2436159
8317,Daniel Baier,Left Defensive Midfield,Augsburg,1. Bundesliga,7,0.36163302659417296,1.8989493807398958,4.1789165,38.54478
8319,Philipp Max,Left Back,Augsburg,1. Bundesliga,2,-0.9635891957300536,1.1288868258683167,-11.157001,12.307387
8574,Alexander Esswein,Right Wing,Augsburg,1. Bundesliga,4,0.34973336414372674,-2.249514995993489,11.331946,-35.009468
8807,Raúl Marcelo Bobadilla,Center Forward,Augsburg,1. Bundesliga,4,0.9299237156388784,-3.2402883370410325,15.990419,-42.49062
12302,Dong-Won Ji,0,Augsburg,1. Bundesliga,1,0.9437661941796258,-1.2020326297897201,13.979167,-24.286299
22826,Jan-Ingwer Callsen-Bracker,0,Augsburg,1. Bundesliga,2,-0.8978385748880892,1.3881252098871457,-35.55985,12.330579
24117,Christoph Janker,0,Augsburg,1. Bundesliga,2,-0.899219191143608,1.407410814371303,-31.6262,8.992
40462,Halil Altıntop,Center Attacking Midfield,Augsburg,1. Bundesliga,2,-0.34943934623350453,-0.9517019328423955,3.4688888,-30.672094
40480,Markus Feulner,Left Back,Augsburg,1. Bundesliga,1,0.8266842132170946,-0.3715542830426039,10.392491,-7.524496
40543,Jeong-Ho Hong,Right Center Back,Augsburg,1. Bundesliga,7,-0.29907125118921585,1.4335454352875319,-13.530903,36.811672
42462,Alexander Manninger,0,Augsburg,1. Bundesliga,0,-4.083789316664463,0.8561624486149043,-76.38582,3.7600436
400620,Tobias Werner,Left Wing,Augsburg,1. Bundesliga,6,-1.695710926962457,-2.306257595362179,-8.067042,-29.694674
8577,Rune Almenning Jarstein,0,Hertha Berlin,1. Bundesliga,0,-2.9601538093579314,1.8064240627026344,-43.399734,35.827435
8578,Per Ciljan Skjelbred,Center Defensive Midfield,Hertha Berlin,1. Bundesliga,7,0.9964928039177096,2.0356070187956754,19.714437,34.91578
8580,Sebastian Langkamp,Right Center Back,Hertha Berlin,1. Bundesliga,7,0.3067823455767089,2.8006953966216397,2.3986826,52.344383
8965,Fabian Lustenberger,Left Center Back,Hertha Berlin,1. Bundesliga,7,0.2193968488496071,2.116209175554119,-5.6935124,36.378452
9721,Valentin Stocker,Left Midfield,Hertha Berlin,1. Bundesliga,6,-0.5263493175578187,-2.9877088124200735,-17.378632,-45.222477
12327,John Anthony Brooks,Center Forward,Hertha Berlin,1. Bundesliga,7,0.20702710670371363,2.9410991164209306,2.3825874,57.93495
12407,Maximilian Mittelstädt,0,Hertha Berlin,1. Bundesliga,7,1.8255277415630673,2.5524001352904375,14.461318,37.53669
15543,Roy Beerens,Right Midfield,Hertha Berlin,1. Bundesliga,0,-3.312899953658969,-0.9265517844678163,-22.07197,-29.41289
17313,Thomas Kraft,Goalkeeper,Hertha Berlin,1. Bundesliga,0,-3.819951202292435,1.3588295105472368,-83.69097,4.0300574
40474,Jens Hegeler,Left Center Midfield,Hertha Berlin,1. Bundesliga,6,2.1062434347391243,-1.2268690053218803,35.41739,30.886213
4683,Adam Hloušek,Left Center Back,VfB Stuttgart,1. Bundesliga,1,0.23547090419481387,1.0928480021291782,-11.6010275,28.968771
8243,Daniel Didavi,Right Midfield,VfB Stuttgart,1. Bundesliga,3,1.1567380639685734,-3.1786496639960653,20.52264,-55.457573
8270,Daniel Schwaab,0,VfB Stuttgart,1. Bundesliga,2,-0.09498465502902266,0.859100997614409,-7.2858934,26.8299
8550,Alexandru Iulian Maxim,Right Defensive Midfield,VfB Stuttgart,1. Bundesliga,4,2.1539402068642346,-1.1364921087305633,44.544025,-30.254095
8557,Martin Harnik,Right Center Forward,VfB Stuttgart,1. Bundesliga,6,1.0354258247225911,-4.22095462638785,-7.7981443,-57.19437
8956,Timo Baumgartl,Right Center Back,VfB Stuttgart,1. Bundesliga,2,-0.6742484563898523,0.8904625706233203,-33.830303,9.699413
8959,Christian Gentner,Left Defensive Midfield,VfB Stuttgart,1. Bundesliga,1,1.775002445623644,-0.14395774315902507,32.0599,-20.009094
9409,Daniel Ginczek,Left Center Forward,VfB Stuttgart,1. Bundesliga,6,-0.3359196088673292,-5.475411321386211,-3.0967813,-60.472267
9728,Florian Klein,Right Back,VfB Stuttgart,1. Bundesliga,1,-0.03694583751010477,0.273496556541063,0.5821347,-0.9621833
10332,Odisseas Vlachodimos,0,VfB Stuttgart,1. Bundesliga,0,-4.597253710097256,0.40381123562065746,-72.05598,-7.5341034
11395,Lukas Rupp,Right Defensive Midfield,VfB Stuttgart,1. Bundesliga,4,2.0587313144551955,-1.033584416803341,27.745304,-16.415749
35496,Jan Kliment,Left Center Forward,VfB Stuttgart,1. Bundesliga,6,2.954650598795326,-4.545257687212565,-16.053312,-61.217045
40470,Georg Niedermeier,0,VfB Stuttgart,1. Bundesliga,2,-1.1119188013463477,0.8192785697705309,-35.280006,11.8798895
8231,Yannick Gerhardt,Left Center Midfield,FC Köln,1. Bundesliga,1,1.1675599136489776,-0.2554348771522169,31.647259,-17.290527
8397,Kevin Vogt,Left Defensive Midfield,FC Köln,1. Bundesliga,7,0.8792213007464977,1.7732081051056456,19.385216,35.41343
8821,Timo Horn,Goalkeeper,FC Köln,1. Bundesliga,0,-4.608424230806996,0.4233832910854062,-77.517944,-10.729312
8822,Simon Zoller,Right Midfield,FC Köln,1. Bundesliga,6,-1.5537608771496736,-3.421934804843627,1.3544543,-55.783142
8823,Marcel Risse,Right Midfield,FC Köln,1. Bundesliga,1,1.9219473126067756,-0.1098790416367353,38.02443,-12.882089
8825,Miloš Jojić,Right Center Midfield,FC Köln,1. Bundesliga,3,1.6869344577216137,-3.0869852493519754,20.683311,-50.0734
8826,Leonardo Bittencourt,Left Midfield,FC Köln,1. Bundesliga,4,1.6638191518644465,-1.3213277498979694,27.259964,-16.286837
8827,Matthias Lehmann,Center Defensive Midfield,FC Köln,1. Bundesliga,2,-0.9993697259399787,1.4560892293249088,-16.215939,19.451555
8828,Dominique Heintz,Left Center Back,FC Köln,1. Bundesliga,7,0.47979219958651614,1.8651481217297974,-8.081562,30.477907
8829,Frederik Hillesborg Sørensen,Right Center Back,FC Köln,1. Bundesliga,2,-0.07859178565412334,1.555733417523494,-3.6689568,31.079742
9459,Paweł Olkowski,Right Back,FC Köln,1. Bundesliga,2,-0.7781788333856304,0.8802306616299592,-12.473399,13.559685
10902,Philipp Hosiner,0,FC Köln,1. Bundesliga,6,-0.7647185533444575,-3.525158695177988,-9.385008,-54.190754
10918,Dušan Švento,0,FC Köln,1. Bundesliga,6,-2.0249702536857432,-2.7923459693614716,-5.688908,-43.092022
23486,Anthony Modeste,Center Forward,FC Köln,1. Bundesliga,6,-0.9644345391147647,-5.4199959736345775,-5.1449594,-61.311634
25002,Thomas Kessler,0,FC Köln,1. Bundesliga,0,-3.8508643993519778,-0.06395385357435227,-44.709866,41.49842
8235,Maximilian Arnold,Left Defensive Midfield,Wolfsburg,1. Bundesliga,7,0.9117675890656743,1.5694664979698094,16.083897,46.16839
8239,Robin Knoche,0,Wolfsburg,1. Bundesliga,7,0.5699607880640952,3.290964860229083,4.165942,61.091164
8308,Aaron Hunt,Center Attacking Midfield,Wolfsburg,1. Bundesliga,4,1.0917610446986905,-0.5025968365700312,25.812471,-25.968668
8386,Max Kruse,Center Attacking Midfield,Wolfsburg,1. Bundesliga,4,0.15075999580615027,-1.5303266175722723,33.633446,-33.160213
8516,Ronaldo Aparecido Rodrigues,Right Center Back,Wolfsburg,1. Bundesliga,7,1.1417288355757256,2.4816320270355217,0.80361223,55.134705
8521,Daniel Caligiuri,0,Wolfsburg,1. Bundesliga,4,2.6134509071961665,-1.5745933782157135,45.622646,-36.495934
10594,Bas Dost,Center Forward,Wolfsburg,1. Bundesliga,3,-0.9312409009942997,-3.6431865881702947,6.120095,-56.9845
10790,Adelino André Vieira Freitas,Right Back,Wolfsburg,1. Bundesliga,7,1.8709605959699045,1.3871181461146744,24.761164,50.27936
20200,Nicklas Bendtner,Center Forward,Wolfsburg,1. Bundesliga,6,-2.106014288241887,-3.437414707864873,-9.90471,-51.010754
23266,Christian Träsch,Left Defensive Midfield,Wolfsburg,1. Bundesliga,7,2.4938800473729064,3.3853580909134946,18.149109,61.3475
40469,Marcel Schäfer,0,Wolfsburg,1. Bundesliga,7,0.13686191138167397,1.21771721083925,9.517635,44.42492
7846,Luc Castaignos,Left Center Forward,Eintracht Frankfurt,1. Bundesliga,6,-0.35200028842637276,-3.6794187445221964,-2.706519,-51.774364
8320,Gian-Luca Waldschmidt,Left Center Forward,Eintracht Frankfurt,1. Bundesliga,6,-0.34178988474038224,-2.5639228020064175,-9.448076,-25.37897
8504,Bastian Oczipka,Left Back,Eintracht Frankfurt,1. Bundesliga,7,0.2728260140234814,1.744049176213587,0.8536189,35.848965
8812,Marco Russ,Right Defensive Midfield,Eintracht Frankfurt,1. Bundesliga,2,-1.198221095637377,0.03876581813703853,-18.053524,14.770914
9134,Aleksandar Ignjovski,Left Midfield,Eintracht Frankfurt,1. Bundesliga,1,0.9358362416548824,0.2365105009124182,12.436413,2.5387604
9148,Johannes Flum,0,Eintracht Frankfurt,1. Bundesliga,5,3.1504953085815837,0.5600836913652749,46.21503,-11.109385
21156,Stefan Aigner,Right Midfield,Eintracht Frankfurt,1. Bundesliga,6,-0.17047216844693538,-1.8670231499121086,4.3293805,-35.049244
36359,Carlos Augusto Zambrano Ochandarte,Right Center Back,Eintracht Frankfurt,1. Bundesliga,2,0.22282070635492274,1.8235614999999974,-9.142655,30.237617
155655,Václav Kadlec,0,Eintracht Frankfurt,1. Bundesliga,6,-1.7910267668679014,-2.108542508616847,-21.249834,-41.10691
400619,Stefan Reinartz,Left Defensive Midfield,Eintracht Frankfurt,1. Bundesliga,7,0.5759539771722146,2.452181910945122,0.9832176,49.0407
400621,Tohouri Zahoui Constant Djakpa,0,Eintracht Frankfurt,1. Bundesliga,2,-0.9901268789908824,0.9995192993858592,-12.525812,13.733945
8576,Mitchell Weiser,Right Midfield,Hertha Berlin,1. Bundesliga,4,1.3787620393416955,0.004366794337639898,33.816845,-14.937132
8883,Johannes van den Bergh,0,Hertha Berlin,1. Bundesliga,2,-1.3808944910799519,-0.2470555434447664,-6.7148204,-17.957554
33459,Alexander Baumjohann,Left Center Forward,Hertha Berlin,1. Bundesliga,4,3.5365289891237257,-1.9018470170026447,52.47643,-18.638292
9140,Luca-Milan Zander,0,Werder Bremen,1. Bundesliga,2,-2.871891341683124,0.31483671215136355,-44.601006,-1.8472222
22824,Sebastian Rode,0,Bayern Munich,1. Bundesliga,7,1.882640595410306,1.7380925413969182,22.9912,58.13058
108336,Júnior Enrique Díaz Campbell,0,Darmstadt 98,1. Bundesliga,2,-1.9602174879031902,-0.06389827678492384,-32.304928,-1.2836118
4279,Konstantinos Stafylidis,Left Back,Augsburg,1. Bundesliga,1,1.4600249547269966,0.8456330503630537,14.275245,21.10013
8670,Timothy Chandler,Left Midfield,Eintracht Frankfurt,1. Bundesliga,1,-0.23302475209397383,0.608351635688804,19.453222,8.117443
20415,Sebastian Boenisch,0,Bayer Leverkusen,1. Bundesliga,2,0.22421583605043638,0.8485181220510886,-6.279225,18.09724
20485,Almog Cohen,0,Ingolstadt,1. Bundesliga,1,0.469164056385259,-0.8627252728925002,6.000249,-4.3819566
10281,André Schürrle,Left Wing,Wolfsburg,1. Bundesliga,3,0.7568773336429246,-2.9439444303265407,24.453098,-52.852962
9262,Philip Heise,0,VfB Stuttgart,1. Bundesliga,2,-0.2695615254489713,0.6306329907429604,-23.73381,8.120636
34558,Sereso Geoffroy Gonzaroua Dié,Left Defensive Midfield,VfB Stuttgart,1. Bundesliga,1,2.33646968825698,1.2841310728925532,37.50583,34.1741
10896,Marc Stendera,Left Midfield,Eintracht Frankfurt,1. Bundesliga,1,3.4790430940573285,-0.4649236397665464,34.261585,8.498222
40468,Cleber Janderson Pereira Reis,Right Center Back,Hamburger SV,1. Bundesliga,1,1.8444419152183589,0.8736204413537336,15.659036,21.600977
8676,Danny Vieira da Costa,0,Ingolstadt,1. Bundesliga,1,0.4783876893817579,0.6789611286392088,11.966894,2.5803473
24244,Uffe Manich Bech,Right Midfield,Hannover 96,1. Bundesliga,6,-0.8483184332011875,-2.1321186908708656,-13.230338,-44.455048
8570,Niklas Stark,0,Hertha Berlin,1. Bundesliga,7,-0.07665345131648342,1.4273690243036705,-7.747164,40.03066
30439,Tolga Ciğerci,0,Hertha Berlin,1. Bundesliga,7,2.86926405397064,0.676142605976664,27.993877,39.292984
8322,André Hahn,Right Center Forward,Borussia Mönchengladbach,1. Bundesliga,3,1.302038429065649,-5.68664410867753,1.7812738,-65.500244
8395,Håvard Nordtveit,Right Defensive Midfield,Borussia Mönchengladbach,1. Bundesliga,7,0.7847381166657997,2.425987311401161,1.5918027,56.180164
26359,Santiago García,Left Back,Werder Bremen,1. Bundesliga,2,0.014083113530852634,1.019253272807138,7.2654862,20.32421
20499,Martin Stranzl,Right Center Back,Borussia Mönchengladbach,1. Bundesliga,7,-1.0903546861928777,3.613258016714099,-6.18514,67.71949
23499,Jaroslav Drobný,Goalkeeper,Hamburger SV,1. Bundesliga,0,-3.9291028357037954,0.23608448013577457,-41.716946,43.953445
23702,Tom Mickel,0,Hamburger SV,1. Bundesliga,0,-4.731231068777363,0.36079377681982927,-68.99783,-3.6491323
10435,Łukasz Załuska,0,Darmstadt 98,1. Bundesliga,0,-4.403195248583953,0.7041887973722231,-78.94731,-3.987598
9216,Slobodan Medojević,Left Center Midfield,Eintracht Frankfurt,1. Bundesliga,2,-0.6497661497383894,0.39156572397649464,-14.857793,10.781436
23268,Alexander Meier,Center Attacking Midfield,Eintracht Frankfurt,1. Bundesliga,3,-1.1869463120170298,-3.9452414855711933,4.7303553,-58.503105
11286,Dominik Maroh,0,FC Köln,1. Bundesliga,2,-0.624731427429463,1.847760348614772,-39.127033,16.312325
38172,Toni Šunjić,Right Center Back,VfB Stuttgart,1. Bundesliga,2,-0.6182777289118678,0.35775434221808833,-4.2842293,15.295931
8571,Vedad Ibišević,Right Center Forward,Hertha Berlin,1. Bundesliga,6,-0.0797821042733189,-4.73694447117872,-7.324464,-59.146786
4600,Diego Orlando Benaglio,Goalkeeper,Wolfsburg,1. Bundesliga,0,-3.8472253767278075,1.5195391582346176,-73.77522,8.793473
24919,Sebastian Jung,0,Wolfsburg,1. Bundesliga,7,1.3617255558039958,1.8746993774228016,6.3176985,46.933464
12294,Andre Hoffmann,0,Hannover 96,1. Bundesliga,7,0.9752823528700805,1.7354963705180861,20.740849,26.51475
11397,Suat Serdar,0,FSV Mainz 05,1. Bundesliga,1,2.4568113601717303,-0.4195810500846171,33.014725,9.9762
15847,Alexander Hack,0,FSV Mainz 05,1. Bundesliga,7,0.4260935853951352,2.309290533260091,0.7281515,44.279587
18399,Gaëtan Bussmann,0,FSV Mainz 05,1. Bundesliga,1,0.25124551044904514,0.846133526263896,-0.4704895,6.4127717
9257,Lukas Fröde,0,Werder Bremen,1. Bundesliga,6,0.3279452244341242,-1.5769470272152053,-24.062359,-51.4388
8211,Benjamin Henrichs,Center Attacking Midfield,Bayer Leverkusen,1. Bundesliga,1,2.053532340793822,0.8993555985277832,39.86629,11.704291
21168,Marlon Frey,0,Bayer Leverkusen,1. Bundesliga,6,-0.8588272143543401,-1.5600752036810166,-16.166449,-33.71989
8538,Waldemar Anton,0,Hannover 96,1. Bundesliga,7,0.22014697163835847,1.515753103364457,-2.9395282,33.912758
7016,Benedikt Höwedes,Center Defensive Midfield,Schalke 04,1. Bundesliga,7,-0.5579617834324136,2.0523435544324444,-39.156555,16.295658
30287,Ceyhun Gülselam,0,Hannover 96,1. Bundesliga,1,1.309780249834256,-0.1052533142243511,19.268835,21.940817
20950,Yanni Regäsel,0,Hertha Berlin,1. Bundesliga,2,-0.6876910787004462,1.3127935038086311,-1.7112312,25.719597
30551,Gonzalo Alejandro Jara Reyes,Left Back,FSV Mainz 05,1. Bundesliga,2,-0.5327021355661229,1.5202971303586426,-2.5560663,25.829386
8369,Melvyn Lorenzen,Left Midfield,Werder Bremen,1. Bundesliga,6,-0.9936267234707192,-3.3893697513190237,-28.01568,-27.237986
35033,Slobodan Rajković,0,Darmstadt 98,1. Bundesliga,1,-1.5053829841631807,-1.1109062657044957,-2.9092815,0.20968449
26832,Tarik Elyounoussi,0,Hoffenheim,1. Bundesliga,2,0.015090682830318407,-0.42155453678798044,2.3171995,-14.71339
8573,Ömer Toprak,Right Defensive Midfield,Bayer Leverkusen,1. Bundesliga,2,0.04086007216809724,0.9206894516654104,1.1448826,18.500128
24428,Vladlen Yurchenko,0,Bayer Leverkusen,1. Bundesliga,2,0.3490909856678486,-0.21184713358575843,18.627066,12.315628
8403,Nadiem Amiri,Center Attacking Midfield,Hoffenheim,1. Bundesliga,4,2.1902904646495505,-1.236937973333503,32.09025,-36.26458
8893,David Kinsombi,0,Eintracht Frankfurt,1. Bundesliga,2,-2.6853119426425907,0.14053300605746674,-41.04209,-2.9680994
9408,Jan Morávek,Center Attacking Midfield,Augsburg,1. Bundesliga,2,0.16805314664046866,-0.9212413978857619,-11.930048,-11.814064
9174,Marvin Friedrich,0,Schalke 04,1. Bundesliga,2,-2.0407262347661463,1.2066420100586241,-49.119087,11.448802
22017,Felix Platte,Right Center Forward,Schalke 04,1. Bundesliga,6,1.3298659869167113,-4.289961207033946,-17.517965,-59.032856
8669,Mijat Gaćinović,0,Eintracht Frankfurt,1. Bundesliga,6,0.7051503971850819,-1.231402244363645,-24.13002,-49.996586
9400,Daniel Tawiah Opare,0,Augsburg,1. Bundesliga,2,-2.027839087836032,-0.2986027814357162,-22.783857,-21.379795
9224,Sandro Sirigu,0,Darmstadt 98,1. Bundesliga,5,1.853391248130922,-1.3729710698190805,47.053707,-16.652592
9266,Borys Tashchy,Center Forward,VfB Stuttgart,1. Bundesliga,6,-1.709773595034101,-2.3335392034725544,-19.763836,-53.8656
9088,Danilo Teodoro Soares,0,Ingolstadt,1. Bundesliga,2,-2.3823131008519645,0.2986792194915756,-21.362942,-8.009163
8900,Mërgim Mavraj,Left Wing Back,FC Köln,1. Bundesliga,2,-0.35271198282077526,1.0478377753284531,-3.5422976,17.655018
40473,Artoms Rudņevs,Center Forward,Hamburger SV,1. Bundesliga,6,0.05353109544611883,-5.331971585919394,-15.345395,-59.484764
8318,Jeffrey Gouweleeuw,0,Augsburg,1. Bundesliga,2,0.046504035482280076,1.5175122875853344,-6.955075,29.346012
30847,Jiloan Hamad,Center Attacking Midfield,Hoffenheim,1. Bundesliga,2,-0.4641899855136206,-1.120840512737214,3.6618786,-28.890024
9113,Dario Lezcano,Center Forward,Ingolstadt,1. Bundesliga,6,1.5322174595523068,-4.87633895636477,-17.086254,-59.022415
13206,Erik Durm,Left Wing,Borussia Dortmund,1. Bundesliga,7,0.9881964831812804,0.6947018729500356,15.721625,43.467747
20359,Hugo Miguel Pereira de Almeida,Left Center Forward,Hannover 96,1. Bundesliga,6,-2.15194875285376,-2.6345899452265966,-12.673708,-47.892532
18888,Szabolcs Huszti,Left Midfield,Eintracht Frankfurt,1. Bundesliga,1,1.8017849944886342,0.26085558079385285,23.080479,22.761068
35240,Änis Ben-Hatira,0,Hertha Berlin,1. Bundesliga,4,1.2773636021671908,-2.8897155291230288,14.1741295,-41.013268
13125,Iver Tobias Rørvik Fossum,0,Hannover 96,1. Bundesliga,2,-0.6097173976930822,-0.736333983886294,-13.043241,-13.145807
15370,Leon Guwara,Left Back,Werder Bremen,1. Bundesliga,5,9.73524808690781,1.5253153719959294,60.698868,5.2578397
25152,Bruno Henrique Pinto,Left Wing,Wolfsburg,1. Bundesliga,4,-0.7619469995363882,-2.267337928427441,-9.514673,-25.115303
23341,Alexander Milosevic,Right Center Back,Hannover 96,1. Bundesliga,2,-1.4992502204692852,0.7248958630669645,-38.402176,10.183507
24205,Nabil Bahoui,0,Hamburger SV,1. Bundesliga,4,1.4556024482114491,-1.9303498907737233,46.235966,-18.352964
400984,Serdar Taşçı,0,Bayern Munich,1. Bundesliga,7,0.8181106696892849,4.539644104695532,3.4109752,63.878845
23660,Sambou Yatabaré,Right Center Midfield,Werder Bremen,1. Bundesliga,4,1.6232454247250536,-2.534906266162934,20.298456,-33.537815
9410,Marius Wolf,Left Midfield,Hannover 96,1. Bundesliga,1,0.7317992115855418,-0.004419364107284619,23.349548,-6.551302
10822,Sonny Kittel,Left Center Midfield,Eintracht Frankfurt,1. Bundesliga,6,-0.991097848967002,-1.5834319436557307,-24.23169,-31.945429
8241,Felix Passlack,Right Center Midfield,Borussia Dortmund,1. Bundesliga,1,-0.10551334267332937,1.7344647562407935,3.1252682,25.494282
23267,Paul Seguin,0,Wolfsburg,1. Bundesliga,2,-1.912442214867762,-0.32562184089532836,-37.06553,-23.738688
21311,Noah-Joel Sarenren-Bazee,Left Wing,Hannover 96,1. Bundesliga,6,-0.8581277288117699,-5.4705785739101,-6.777023,-27.208326
49010,Valmir Sulejmani,Right Wing,Hannover 96,1. Bundesliga,1,1.4056215462370154,-1.662691891486857,25.841736,-9.958849
11370,Matthias Zimmermann,Right Back,VfB Stuttgart,1. Bundesliga,1,-0.009308268639357065,0.5150292210631342,-1.2129788,7.822896
131141,Fynn Arkenberg,Right Back,Hannover 96,1. Bundesliga,5,1.715924672285835,-0.1889159808060348,46.03808,6.061938
66217,Indiah-Paige Janita Riley,Right Midfield,New Zealand Women's,Women's World Cup,1,2.1227606848108955,-1.2683992189039095,34.393993,-9.77083
392266,Jacqueline Anne Hand,Right Center Forward,New Zealand Women's,Women's World Cup,4,1.0700872513785247,-2.0284296057967275,12.296929,-31.554388
401642,Malia Grace Steinmetz,Left Defensive Midfield,New Zealand Women's,Women's World Cup,6,0.41249171413200864,-0.7075310438447309,-5.9925222,-8.64412
401645,Mathilde Hauge Harviken,Left Center Back,Norway Women's,Women's World Cup,7,-1.5151916690868783,3.5492309537251345,-6.9929705,67.62707
401647,Marit Bratberg Lund,0,Norway Women's,Women's World Cup,7,0.7646058735884894,2.616562212889498,33.707523,25.206366
131586,Kyra Lillee Cooney-Cross,Left Defensive Midfield,Australia Women's,Women's World Cup,1,0.6361736482332438,0.5655570155276818,-0.46574545,-13.755349
401634,Cortnee Brooke Vine,Left Wing,Australia Women's,Women's World Cup,3,2.7852527448815096,-3.5383659891699177,12.636581,-45.7794
401635,Clare Hunt,Right Center Back,Australia Women's,Women's World Cup,7,0.147788739881263,2.078506492340123,-10.83567,33.00161
42207,Marissa Maeve Sheva,Left Wing,Republic of Ireland Women's,Women's World Cup,5,2.7861313653107413,0.10408445903992213,46.45279,8.203723
142768,Kyra Carusa,Center Forward,Republic of Ireland Women's,Women's World Cup,6,-1.079112762725895,-4.160033225643189,4.1472993,-45.47539
327715,Lily Agg,0,Republic of Ireland Women's,Women's World Cup,1,1.6742649439690154,-0.5519127933321978,30.27787,10.811453
389494,Sinead Farrelly,Right Wing,Republic of Ireland Women's,Women's World Cup,5,4.310912930712176,-0.4089880390172106,50.081753,10.910082
32105,Seraina Piubel,Right Wing,Switzerland Women's,Women's World Cup,1,1.9814019095273014,-1.3882237226805167,21.18524,-18.233007
225115,Katrina Jacqueline Rivera Guillou,Right Center Forward,Philippines Women's,Women's World Cup,6,-1.4543236019503252,-1.891922934698996,-35.476475,-13.752065
324160,Sofia Nicole Dador Harrison,Left Back,Philippines Women's,Women's World Cup,2,-1.7846924349412512,-0.1765375290738718,-15.086683,-2.716501
389446,Jessika Rebecca Macayan Cowart,Left Defensive Midfield,Philippines Women's,Women's World Cup,0,-3.5597979617879423,0.2737853003084021,-52.468033,-0.49996507
401731,Angela Beard,Left Center Back,Philippines Women's,Women's World Cup,1,-0.5677559436666274,-0.39128077415699103,-0.12953171,-2.4755087
401732,Jaclyn Katrina Demis Sawicki,Right Defensive Midfield,Philippines Women's,Women's World Cup,2,-0.6400576498257479,0.34015648966162576,2.0246894,-6.6659393
401733,Sarina Isabel Calpo Bolden,Left Center Forward,Philippines Women's,Women's World Cup,6,0.05424088673028013,-2.8215536246522293,9.307811,-24.49228
401735,Olivia Alexandra Davies Isip McDaniel,Goalkeeper,Philippines Women's,Women's World Cup,0,-4.785341632532518,0.02961085867746367,-78.35131,-29.615644
401737,Hali Moriah Candido Long,Right Center Back,Philippines Women's,Women's World Cup,0,-3.3618159670788867,0.16104424011682295,-50.018536,-2.8881204
401741,Alicia Balicoco Barker,Right Back,Philippines Women's,Women's World Cup,0,-2.4586752378695755,-0.29971395382378085,-29.644224,-0.4711655
401742,Isabella Victoria Sola Flanigan,Left Center Forward,Philippines Women's,Women's World Cup,1,-0.1927203727927552,-1.5475487318008703,26.24422,-5.635775
401745,Quinley Mirielle Campomanes Quezada-Keča,Right Midfield,Philippines Women's,Women's World Cup,0,-2.8106200155379075,-1.3978192288946505,-26.432755,-21.56864
401748,Sara Kristine Bantan Eggesvik,Left Midfield,Philippines Women's,Women's World Cup,1,0.22110538003953198,-1.0181788165765464,12.865796,-8.145485
30854,Vanessa Brigitte Gilles,Left Center Back,Canada Women's,Women's World Cup,7,0.03402914221189038,3.2047164164542323,-4.432398,68.46086
41950,Evelyne Viens,Center Forward,Canada Women's,Women's World Cup,6,-1.7058225780631844,-4.213294418105169,-17.076612,-37.98991
62906,Cloé Zoé Eyja Lacasse,Right Wing,Canada Women's,Women's World Cup,5,8.556148176874357,-0.022294917737171144,60.062862,3.4431102
50020,Antionette Oyedupe Payne,Right Center Midfield,Nigeria Women's,Women's World Cup,2,-2.042966849283257,-1.2296273193410494,-7.919873,-23.5135
62908,Christy Onyenaturuchi Ucheibe,Center Defensive Midfield,Nigeria Women's,Women's World Cup,5,5.842697687280824,-0.7554306063699405,58.29892,6.17183
106836,Michelle Alozie,Right Back,Nigeria Women's,Women's World Cup,4,-0.012859423241578799,-1.466528547921967,25.46963,-31.337364
135755,Ashleigh Plumptre,Left Back,Nigeria Women's,Women's World Cup,7,1.1757154332180917,1.261128769115749,9.467563,25.486149
338631,Oluwatosin Blessing Demehin,Left Center Back,Nigeria Women's,Women's World Cup,2,-1.705635156289213,1.0550718111758586,-18.334513,17.5018
401723,Deborah Ajibola Abiodun,Left Center Midfield,Nigeria Women's,Women's World Cup,5,2.701801198613443,-0.19368178602517078,53.63007,11.576929
30958,Melissa Herrera Monge,Right Wing,Costa Rica Women's,Women's World Cup,6,-0.5820205762371148,-2.6585225935550496,8.814709,-30.126675
34477,Mariana De Los Angeles Benavidez,Center Back,Costa Rica Women's,Women's World Cup,2,-2.4912745095580044,1.7031118905663756,-51.11168,10.977114
34478,María Paula Salas,Center Forward,Costa Rica Women's,Women's World Cup,6,-1.4981429625868976,-3.0402181642468147,-19.990967,-55.973034
34480,Katherine Maria Alvarado Aguilar,Left Defensive Midfield,Costa Rica Women's,Women's World Cup,2,-1.6970074588387214,1.207990385966425,-32.049606,4.021162
34483,Priscila Chinchilla,Left Wing,Costa Rica Women's,Women's World Cup,1,1.5366926749371743,-0.9942538408832625,24.93815,-6.9588537
34486,Gloriana Jesus Villalobos Vega,Right Defensive Midfield,Costa Rica Women's,Women's World Cup,1,-0.11888749431898035,0.1442684280410758,26.001976,0.39534518
294448,María Paula Elizondo,Left Wing Back,Costa Rica Women's,Women's World Cup,0,-3.2850311964294066,0.9019577486468832,-47.046394,-2.0455353
361135,Valeria del Campo Gutiérrez,Left Center Back,Costa Rica Women's,Women's World Cup,1,0.7020150790523808,-1.3677069579229197,19.868345,-25.285091
401801,Sheika Daleicha Scott Richardson,Left Wing,Costa Rica Women's,Women's World Cup,4,-0.04856444126338269,-1.6350609582436013,-19.68634,-19.124798
401802,Daniela Solera Vega,Goalkeeper,Costa Rica Women's,Women's World Cup,0,-4.465125752212272,0.6633066811291457,-79.147385,-5.3321095
401803,María Paula Coto González,Right Wing Back,Costa Rica Women's,Women's World Cup,2,-2.168468952264509,0.10688667653367626,-45.536716,5.0440855
401804,Cristín Yorleny Granados Gómez,Left Defensive Midfield,Costa Rica Women's,Women's World Cup,2,-2.3912778321594783,1.0751595444697986,-43.256947,-5.7341366
401808,Fabiola Villalobos Morales,Right Center Back,Costa Rica Women's,Women's World Cup,2,-1.41413330024274,0.9482147083470366,-26.285006,35.19988
32694,Laia Codina Panedas,0,Spain Women's,Women's World Cup,7,-0.2501234644304486,2.351513559190746,-1.7239827,57.551033
45295,Catalina Thomas Coll Lluch,0,Spain Women's,Women's World Cup,0,-4.078452907098815,1.2056119826300407,-72.005646,6.6610165
49889,Oihane Hernández Zurbano,Right Back,Spain Women's,Women's World Cup,7,2.664921914303944,3.9398833589234776,18.12448,61.98023
50151,Alba María Redondo Ferrer,Center Forward,Spain Women's,Women's World Cup,3,1.1256554334158444,-5.507294356807714,11.343028,-67.82804
50152,Eva Maria Navarro,0,Spain Women's,Women's World Cup,4,5.273427716656135,-1.5213448757265717,52.111267,-20.406088
50153,Rocío Gálvez Luna,0,Spain Women's,Women's World Cup,7,1.3676762969929324,7.524298771030892,-2.3729472,72.01511
222682,Salma Paralluelo Ayingono,Left Wing,Spain Women's,Women's World Cup,4,3.442080388357598,-4.304909976602576,30.59736,-46.2834
49172,Sophia Olivia Smith,Left Wing,United States Women's,Women's World Cup,3,1.3555197017534848,-5.435823948573628,25.193617,-61.72875
107491,Emily Ann Fox,Right Back,United States Women's,Women's World Cup,7,0.217580889981803,1.6155312333963752,0.85721314,35.745766
107917,Trinity Rain Moyer-Rodman,Right Wing,United States Women's,Women's World Cup,4,2.3257661237020204,-2.6707375990600126,20.988115,-38.276703
218506,Savannah Marie DeMelo,Right Center Midfield,United States Women's,Women's World Cup,5,2.8113623415036186,-0.8947789262175271,48.83419,2.4032028
219423,Naomi Haile Girma,Left Center Back,United States Women's,Women's World Cup,7,0.310319813368042,3.411941849163784,3.8519304,74.7383
401872,Thị Diễm My Lê,Center Back,Vietnam Women's,Women's World Cup,1,-0.5530304419073,-0.08141328126695876,20.219208,-1.7186072
401873,Thị Mỹ Anh Nguyễn,Left Wing,Vietnam Women's,Women's World Cup,1,0.8464999012261551,0.9266360484564908,25.488691,10.063543
401874,Thu Trần Thị,Left Center Back,Vietnam Women's,Women's World Cup,1,-1.7862320474186224,-1.0628551833384015,17.912424,-3.2597313
401875,Thu Thương Lương Thị,Right Center Back,Vietnam Women's,Women's World Cup,0,-4.775022586405542,-1.056112821480762,-68.49682,-24.362206
401876,Thị Hải Linh Trần,Right Defensive Midfield,Vietnam Women's,Women's World Cup,2,-1.783977840731455,-1.149032190438454,-20.741787,-34.084713
401877,Thu Thảo Trần Thị,Right Wing Back,Vietnam Women's,Women's World Cup,2,-0.7845334517077794,1.1443922394311474,15.152022,6.548207
401878,Bích Thùy Nguyễn Thị,Right Wing,Vietnam Women's,Women's World Cup,6,-1.6708660077398547,-2.401064938877356,-25.354982,-29.246992
401879,Thị Thảo Thái,Left Defensive Midfield,Vietnam Women's,Women's World Cup,2,-1.0128105074924432,-0.5334119068567064,-35.91407,-12.31201
401880,Kim Thanh Trần Thị,Goalkeeper,Vietnam Women's,Women's World Cup,0,-5.096009890633414,-0.2298494969389534,-75.823135,-28.237093
401881,Thị Kiều Chương,Center Back,Vietnam Women's,Women's World Cup,0,-4.768185823377474,-0.6838562339026132,-68.91927,-24.003511
401883,Loan Hoàng Thị,Left Wing Back,Vietnam Women's,Women's World Cup,1,0.06197272741444468,-0.411780896640552,3.2483444,-0.8196485
401884,Thị Vân Dương,Right Defensive Midfield,Vietnam Women's,Women's World Cup,2,-1.6143411791689424,-0.5806328531238192,-27.21945,-19.432787
401885,Thị Thanh Nhã Nguyễn,0,Vietnam Women's,Women's World Cup,6,-2.0666114208632997,-1.82427975373714,-35.549664,-13.781214
401889,Như Huỳnh,Center Forward,Vietnam Women's,Women's World Cup,2,-2.474207835660252,-0.6497448929518885,-24.445635,-35.517845
401890,Hải Yến Phạm,Center Forward,Vietnam Women's,Women's World Cup,1,1.2509720835567397,-0.9477733031556159,12.598383,-23.89565
85500,Mina Tanaka,Center Forward,Japan Women's,Women's World Cup,3,2.1026073164019854,-4.447861278178615,19.01168,-57.171104
131653,Honoka Hayashi,0,Japan Women's,Women's World Cup,1,1.0577529401527939,-0.18377014482973816,26.663446,-19.09088
299860,Fuka Nagano,Left Defensive Midfield,Japan Women's,Women's World Cup,7,2.2389337953450865,2.7854857477406054,45.528183,24.13375
401924,Rion Ishikawa,Right Center Back,Japan Women's,Women's World Cup,7,-0.11006696699132841,3.478597348212458,-5.1013374,54.22617
401925,Aoba Fujino,Right Wing,Japan Women's,Women's World Cup,3,-0.16611182773003566,-2.451317859328072,24.798666,-51.49444
401926,Hana Takahashi,0,Japan Women's,Women's World Cup,7,-1.2240537152725133,2.5206346397759565,-44.586105,16.932772
401929,Hikaru Naomoto,Right Wing,Japan Women's,Women's World Cup,3,0.2845028953555809,-3.6294478081527575,3.3904824,-54.31372
401930,Riko Ueki,Center Forward,Japan Women's,Women's World Cup,3,7.065225600604031,-9.14857771168145,15.779285,-70.542625
401932,Hinata Miyazawa,Left Wing,Japan Women's,Women's World Cup,3,3.2145252749049615,-2.735290106095087,13.677327,-61.25877
32854,Racheal Kundananji,Right Midfield,Zambia Women's,Women's World Cup,5,5.552548051335871,-4.004422033844306,50.573822,-40.283997
131616,Margaret Belemu,Right Back,Zambia Women's,Women's World Cup,1,1.0746913932667521,1.7980834379966593,12.338291,27.303133
131618,Ireen Lungu,Right Center Midfield,Zambia Women's,Women's World Cup,2,-2.7585027715298716,-0.5325793798284681,-27.40508,-20.37848
131619,Barbra Banda,Center Forward,Zambia Women's,Women's World Cup,6,-0.359844354074935,-5.1730316780579875,-0.10681562,-50.60924
131623,Agness Musase,Right Center Back,Zambia Women's,Women's World Cup,0,-4.016400157022663,0.2974265863450217,-55.46593,-5.77632
131624,Lushomo Mweemba,Left Center Back,Zambia Women's,Women's World Cup,1,0.8876890274864325,-0.24126601790858393,30.822836,-2.7033508
131625,Avell Chitundu,Right Midfield,Zambia Women's,Women's World Cup,1,1.8590844304810032,-1.342352149349557,42.583546,-16.719666
131628,Hellen Nga''ndwe Chanda,0,Zambia Women's,Women's World Cup,1,-0.9962653409128925,-1.9921620732334129,17.303684,-2.7711167
131629,Catherine Musonda,Goalkeeper,Zambia Women's,Women's World Cup,0,-4.470387276964474,0.6764030079686414,-75.25783,-3.159827
131631,Evarine Susan Katongo,Left Center Midfield,Zambia Women's,Women's World Cup,2,-0.38550789278445374,0.12029316447248779,1.1896162,-6.7344756
131694,Martha Tembo,Left Back,Zambia Women's,Women's World Cup,1,1.4069044579092436,2.3387107405254204,43.96471,23.015787
401938,Eunice Sakala,Goalkeeper,Zambia Women's,Women's World Cup,0,-5.059820780707836,-0.6505531498172564,-76.61493,-32.215176
401939,Susan Banda,Center Defensive Midfield,Zambia Women's,Women's World Cup,2,-0.4566334805485075,0.32769122989628435,-6.3905535,-2.0454226
401941,Siomala Mapepa,Left Midfield,Zambia Women's,Women's World Cup,1,0.5233091725468613,-0.4993907607787185,22.910685,-7.5240316
30970,Nérilia Mondesir,Left Wing,Haiti Women's,Women's World Cup,6,-1.6219645332332728,-2.637055329293967,-25.230303,-28.634497
46830,Batcheba Louis,Right Wing,Haiti Women's,Women's World Cup,6,0.5173357739696386,-2.8411107438802623,16.723478,-20.5407
46847,Kethna Louis,Left Center Back,Haiti Women's,Women's World Cup,1,0.25605012200986804,0.6211225526801317,23.450834,5.37892
53406,Chelsea Ariane Surpris,0,Haiti Women's,Women's World Cup,1,-0.39036702896917136,1.0016472813376318,28.983917,2.1207654
53993,Roselord Borgella,Center Forward,Haiti Women's,Women's World Cup,6,-0.6175787522154415,-2.2007769994944613,5.536203,-38.79893
142735,Melchie Daëlle Dumornay,Center Attacking Midfield,Haiti Women's,Women's World Cup,5,4.213052545808196,-1.477123676486552,50.471012,3.6585922
402001,Dougenie Tabita Kerbie Joseph,Right Center Back,Haiti Women's,Women's World Cup,2,-1.1965651125776768,0.46694023478569147,-10.712229,5.931484
402002,Betina Petit-Frère,Right Back,Haiti Women's,Women's World Cup,2,-2.9264669352240085,0.6807947753786954,-46.152645,-2.4084535
402003,Ruthny Mathurin,Left Back,Haiti Women's,Women's World Cup,2,-1.6477678347809324,1.2584675249099924,-39.32513,-9.197434
402006,Dayana Pierre-Louis,Left Defensive Midfield,Haiti Women's,Women's World Cup,5,3.3897125234582366,0.836854205938943,56.584072,6.4131474
402008,Kerly Théus,Goalkeeper,Haiti Women's,Women's World Cup,0,-4.217621853706637,-0.11074181918312895,-43.673595,43.758484
402012,Sherly Jeudy,Right Defensive Midfield,Haiti Women's,Women's World Cup,1,-0.22002985631448074,-0.3280282603219366,1.64905,-3.1023133
402013,Roseline Éloissaint,Left Wing,Haiti Women's,Women's World Cup,2,-1.2785197044600833,-1.6929484082561888,-26.504204,-29.90676
10097,Frederikke Thøgersen,0,Denmark Women's,Women's World Cup,1,-0.42844785821978487,0.5717554313160069,10.85597,-2.8147044
32227,Emma Snerle,0,Denmark Women's,Women's World Cup,1,0.186124092071896,-0.378362257886408,-0.16980338,-16.013504
32699,Josefine Hasbo,Right Center Midfield,Denmark Women's,Women's World Cup,5,3.5226630889332715,0.1751812266803825,53.67536,11.317813
224831,Amalie Jørgensen Vangsgaard,Right Midfield,Denmark Women's,Women's World Cup,6,-0.2702182520046277,-3.381041893036577,0.43495065,-47.476803
402017,Maja Bay Østergaard,0,Denmark Women's,Women's World Cup,0,-4.908945127096506,-0.0037396910410792492,-72.838646,-15.90899
131575,Mengwen Li,Right Back,China PR Women's,Women's World Cup,2,-0.21123335301041735,1.3827998197400269,9.635894,20.50058
131579,Lina Yang,Left Defensive Midfield,China PR Women's,Women's World Cup,1,1.1249287261841567,0.37639265735494815,22.954193,19.362267
131580,Xin Zhang,Right Midfield,China PR Women's,Women's World Cup,2,-0.9854410972302676,1.0559217246861632,-22.97485,-3.2023857
131583,Qiaozhu Chen,Left Back,China PR Women's,Women's World Cup,1,0.8008525070519905,-0.04911118859302427,19.440327,10.272014
131695,Yu Zhu,0,China PR Women's,Women's World Cup,0,-5.146314331352329,-0.33741211520815695,-71.07742,-23.122894
402019,Chengshu Wu,Right Center Forward,China PR Women's,Women's World Cup,6,-0.4630032601327358,-1.9981209591527387,-15.506313,-45.163162
402024,Lingwei Yao,0,China PR Women's,Women's World Cup,2,-1.2342945931657279,1.2248715621666255,-31.561508,8.325433
402025,Linyan Zhang,Left Midfield,China PR Women's,Women's World Cup,4,0.780985923601809,-0.9549107027948828,14.872049,-15.274661
224842,Stina Olivia Lennartsson,0,Sweden Women's,Women's World Cup,5,3.990647473406814,2.724431028943033,52.098957,14.969773
225182,Anna Sandberg,0,Sweden Women's,Women's World Cup,7,-0.3747154477596523,0.9764139417757968,-11.126306,49.25169
402126,Hildah Tholakele Magaia,Left Midfield,South Africa Women's,Women's World Cup,6,-0.9067774448066256,-3.559641935322761,12.712094,-50.669064
62910,Ana Rita Silva Seiça,0,Portugal Women's,Women's World Cup,7,0.2525656904855444,3.6378070529223967,-6.1242847,58.788074
327442,Andreia de Jesus Jacinto,Left Center Midfield,Portugal Women's,Women's World Cup,7,0.5497901924568482,1.1346900881178534,17.505615,38.978973
402132,Ana Ines Palma Capeta,0,Portugal Women's,Women's World Cup,4,2.413023239457102,-4.022438941213378,18.14171,-40.36205
46459,Katja Snoeijs,Center Forward,Netherlands Women's,Women's World Cup,6,-0.49414537452954715,-2.1436485157741383,-3.71458,-42.96528
221887,Wieke Hendrikje Maria Kaptein,0,Netherlands Women's,Women's World Cup,1,2.4435594935203944,0.4053521234498467,36.66828,2.4114342
327719,Atlanta Reigan Primus,Center Attacking Midfield,Jamaica Women's,Women's World Cup,6,-1.37984099178275,-1.520066773563711,-24.187407,-31.986118
402176,Tiernny Arlene Wiltshire,Right Back,Jamaica Women's,Women's World Cup,1,0.6841789392686177,0.39051129422121256,18.427061,-0.5596876
30969,Elisa De Almeida,0,France Women's,Women's World Cup,7,0.6890274048776112,2.4409267959810053,8.622527,49.944202
31783,Estelle Cascarino,Left Center Back,France Women's,Women's World Cup,7,2.479747971385061,2.8965352084190226,31.96612,43.44852
31784,Maëlle Lakrar,Right Back,France Women's,Women's World Cup,7,0.9916784794945658,0.3554734855869098,23.33377,43.39311
49233,Vicki Becho,Right Midfield,France Women's,Women's World Cup,3,5.865667109584163,-6.058157239885738,52.173317,-33.69411
46999,Chantal Hagel,Left Back,Germany Women's,Women's World Cup,7,3.7873787208625385,4.722355961815068,13.854262,66.85133
47008,Sjoeke Nüsken,0,Germany Women's,Women's World Cup,3,1.8728312667703497,-2.951422170903572,29.616081,-58.18965
31629,Anissa Lahmari,Right Center Forward,Morocco Women's,Women's World Cup,5,3.0298469967205355,-2.5055253913143285,32.57672,-11.349458
31641,Elodie Nakkach,Right Defensive Midfield,Morocco Women's,Women's World Cup,5,3.6719126126847854,-0.057439905806764224,51.1872,5.006913
46564,Salma Amani,Right Center Forward,Morocco Women's,Women's World Cup,6,1.3242381665674345,-2.7183295123158895,-21.391909,-49.812695
135153,Nesryne El Chad,Left Center Back,Morocco Women's,Women's World Cup,2,-2.588350240650094,-1.1631747032912274,-30.597645,-2.0562422
135877,Sarah Kassi,Right Back,Morocco Women's,Women's World Cup,5,2.5188079406787596,1.2054759167438966,57.076656,14.241069
402655,Sakina Ouzraoui Diki,Right Midfield,Morocco Women's,Women's World Cup,4,3.030846296541758,-2.4374357574794443,49.126076,-41.96981
402656,Khadija Er-Rmichi,Goalkeeper,Morocco Women's,Women's World Cup,0,-5.16557804548703,-0.4847880009607419,-75.8015,-30.489508
402658,Hanane Aït El Haj,Right Center Back,Morocco Women's,Women's World Cup,1,0.8848081899867268,-0.15732322845981983,5.089441,-2.0736454
402660,Nouhaila Benzina,0,Morocco Women's,Women's World Cup,2,-3.095632421516916,-0.8856128191099876,-18.260918,-4.4953775
402661,Ibtissam Jraïdi,Left Center Forward,Morocco Women's,Women's World Cup,6,-1.9157399645857398,-3.6334583545634422,-20.611652,-31.461138
402663,Ghizlane Chebbak,Left Defensive Midfield,Morocco Women's,Women's World Cup,1,1.8102364791704577,-0.6361214714062313,34.504555,4.7193375
402665,Zineb Redouani,Left Back,Morocco Women's,Women's World Cup,1,1.0686506539044855,0.18270832787828392,41.18963,6.0655236
402666,Fatima Zahra Tagnaout,Left Midfield,Morocco Women's,Women's World Cup,5,2.397016401068848,-0.3996930610086996,37.807064,-8.15798
370851,Sophie Wais Braun,Right Back,Argentina Women's,Women's World Cup,1,0.6598794410340646,0.5497689669393974,2.0508695,23.50629
402461,Daiana Micaela Falfán,Right Defensive Midfield,Argentina Women's,Women's World Cup,1,0.11941013439204692,0.5270593899709017,9.05246,-12.069526
402465,Julieta Micaela Cruz Navarrete,0,Argentina Women's,Women's World Cup,2,0.08232663578086245,1.5577229050858363,16.975634,16.843975
402467,Romina Stefania Núñez,Right Wing,Argentina Women's,Women's World Cup,2,-0.28660929580184474,-1.1549425749189313,7.3260007,-29.30697
10370,Cecilia Salvai,Left Center Back,Italy Women's,Women's World Cup,7,0.6401154829137033,2.2726895451911835,-9.831602,31.741026
45638,Sofia Cantore,Right Wing,Italy Women's,Women's World Cup,4,-1.2458486730661675,-2.2049542284378947,-7.461662,-25.459047
45884,Giada Greggi,Left Defensive Midfield,Italy Women's,Women's World Cup,5,4.931423100541438,0.006011775379391933,45.451553,18.112885
47117,Benedetta Orsi,0,Italy Women's,Women's World Cup,2,-2.0275772055207932,2.8340753338734137,-47.852386,14.390854
49695,Emma Severini,0,Italy Women's,Women's World Cup,2,-0.19700205282539401,-1.4021096089453269,-5.3537736,-30.95455
135571,Chiara Beccari,Left Wing,Italy Women's,Women's World Cup,6,-0.9869052100452366,-1.6492844107256013,-19.381653,-40.389256
349028,Giulia Dragoni,Center Attacking Midfield,Italy Women's,Women's World Cup,4,1.2206209148342206,0.11984326600083796,-19.0248,-17.805021
50003,Antonia Ronnycleide da Costa Silva,Right Back,Brazil Women's,Women's World Cup,5,4.083726651802601,2.892091965215809,48.6624,23.902037
105708,Kerolin Nicoli Israel Ferraz,Right Defensive Midfield,Brazil Women's,Women's World Cup,7,3.1324396923972744,1.330606653249294,38.61811,42.96357
131570,Rafaelle Leone Carvalho Souza,Left Center Back,Brazil Women's,Women's World Cup,7,2.86086950152936,4.278607862237195,14.854812,61.537266
182466,Lauren Eduarda Leal Costa,Right Center Back,Brazil Women's,Women's World Cup,7,-1.1859214861873246,2.2573179203122775,-15.4003105,43.784283
389488,Ariadina Alves Borges,Right Midfield,Brazil Women's,Women's World Cup,3,2.104726241736799,-3.6779858359123554,19.534176,-70.66981
389489,Adriana Leal da Silva,Left Midfield,Brazil Women's,Women's World Cup,4,2.5961822585182768,-0.9933824585798177,51.83622,-6.9049726
135588,Lineth Cedeno,Center Forward,Panama Women's,Women's World Cup,3,1.7180326743934278,-3.750010134965983,8.943109,-46.40273
359388,Aldrith Ivana Quintero Humphries,Left Defensive Midfield,Panama Women's,Women's World Cup,5,4.290728091876951,0.34273063382603364,58.266438,6.240765
361339,Marta Alexandra Cox Villarreal,Left Wing,Panama Women's,Women's World Cup,4,1.567537229493203,-3.92201005050986,19.196018,-39.226116
395287,Riley Tanner Rintala,Left Wing,Panama Women's,Women's World Cup,6,-1.7419917340227218,-3.3484618352900437,-27.009905,-27.818432
402781,Yenith Elizabett Bailey de la Cruz,Goalkeeper,Panama Women's,Women's World Cup,0,-4.523700952786692,0.5365754928454067,-78.256355,-9.237225
402784,Carina Alicia Baltrip-Reyes,Right Center Back,Panama Women's,Women's World Cup,2,-2.2407680272095276,0.1740038290692776,-21.72364,-7.597812
402786,Yomira Tibisay Pinzón Ríos,Center Back,Panama Women's,Women's World Cup,2,-1.307693490652129,-1.7072428381683922,-1.98879,-23.008942
402788,Emily Masiel Cedeño Coba,Right Wing,Panama Women's,Women's World Cup,1,-0.4063715401357441,-1.507251888322214,13.176107,-15.657373
402792,Wendy Yisbel Natis Bárcenas,Right Center Back,Panama Women's,Women's World Cup,2,-1.5774713622900773,-0.1730324729264773,-32.16018,-1.7473484
402793,Katherine Lineth Castillo Macías,Right Wing Back,Panama Women's,Women's World Cup,1,0.1296324893934329,1.324827996370701,22.54756,4.6726766
402794,Hilary Stacy Jaén Rodríguez,Left Wing Back,Panama Women's,Women's World Cup,1,-1.3158514361369595,0.006354598331744464,20.380365,-3.3491545
402796,Schiandra Yael González Jurado,Right Defensive Midfield,Panama Women's,Women's World Cup,2,-2.524874717836479,-0.5632597113416679,-39.714027,-17.022057
402798,Deysiré Mayte Salazar Biscaino,Left Defensive Midfield,Panama Women's,Women's World Cup,2,-0.5273822279261342,-0.7914027562992701,-12.056278,-5.4328732
389771,Young-Geul Yoon,Goalkeeper,Korea Republic Women's,Women's World Cup,0,-5.496830552733138,-0.8549881807496206,-75.28343,-31.356571
403284,Jung-Mi Kim,0,Korea Republic Women's,Women's World Cup,0,-5.100695313439302,-0.33505273751010506,-74.10733,-27.325005
403286,Hyo-Joo Choo,Right Wing Back,Korea Republic Women's,Women's World Cup,2,-0.7987626210236358,-0.8230051306062532,-10.043786,-5.114996
403287,Seo-Yeon Shim,Left Center Back,Korea Republic Women's,Women's World Cup,1,-0.38708615924968065,2.0617350930400757,20.567713,6.5740814
403289,Eun-Sun Park,Center Forward,Korea Republic Women's,Women's World Cup,6,-1.9296458423416463,-3.3840701976319676,-16.666298,-52.667873
403290,Yu-Ri Choe,Left Center Forward,Korea Republic Women's,Women's World Cup,6,-0.4467571235240675,-1.5752404993123412,-16.607798,-45.530216
403291,Casey Yu-Jin Phair,Left Wing,Korea Republic Women's,Women's World Cup,6,1.1769430171339723,-4.625999567297857,-6.892691,-38.97394
32215,Leicy Maria Santos Herrera,Center Attacking Midfield,Colombia Women's,Women's World Cup,4,3.268472213568212,-0.8184883223759482,35.74435,-20.6088
46344,Catalina Pérez Jaramillo,Goalkeeper,Colombia Women's,Women's World Cup,0,-5.350983726396692,-0.688356482425488,-70.85386,-25.628246
49904,Lorena Bedoya Durango,Left Defensive Midfield,Colombia Women's,Women's World Cup,5,2.738745529390842,-0.9001288083554978,49.23775,3.3819568
49945,Manuela Vanegas Cataño,Left Back,Colombia Women's,Women's World Cup,5,3.964415834745785,0.7663387538468962,45.786842,14.800234
53188,Mayra Tatiana Ramírez Ramírez,Center Forward,Colombia Women's,Women's World Cup,4,2.553449203183252,-2.889966777627919,18.818993,-41.52648
386339,Linda Lizeth Caicedo Alegría,Left Wing,Colombia Women's,Women's World Cup,4,1.306012888352974,-0.9878073631784913,17.076706,-33.92492
388473,Jorelyn Andrea Daniela Carabalí Martínez,Right Center Back,Colombia Women's,Women's World Cup,1,-0.8272441264239825,0.028718136095865644,-3.5297163,3.9055505
403271,Ana María Guzmán Zapata,0,Colombia Women's,Women's World Cup,1,1.0076102957406619,1.246689190645581,44.399452,-14.856657
403277,Daniela Alexandra Árias Rojas,Left Center Back,Colombia Women's,Women's World Cup,2,-2.201397307408242,-0.24557420939327484,-42.49377,-9.305086
403278,María Catalina Usme Pineda,Center Attacking Midfield,Colombia Women's,Women's World Cup,4,0.7616651112562777,-1.3088353833709068,2.0910742,-28.405851
403280,Diana Carolina Ospina García Pineda,Left Defensive Midfield,Colombia Women's,Women's World Cup,2,-1.1062954211994829,-0.059240825122415575,-13.120976,-4.100444
403282,Daniela Montoya Quiróz,Right Defensive Midfield,Colombia Women's,Women's World Cup,1,0.08713240012786622,-1.2185213749419164,16.410547,-6.624722
403283,Carolina Arias Vidal,Right Back,Colombia Women's,Women's World Cup,1,1.8170753567859916,2.1869432235779236,37.00433,18.818813
9195,Robert Andrich,Center Defensive Midfield,Bayer Leverkusen,1. Bundesliga,7,2.2264399927099148,3.21032986211355,11.438482,64.4409
10336,Alejandro Grimaldo García,Left Wing Back,Bayer Leverkusen,1. Bundesliga,7,2.1336372622251405,1.2452907271065745,30.121536,60.58957
27133,Odilon Kossonou,Right Center Back,Bayer Leverkusen,1. Bundesliga,7,1.4845781891675067,3.5557015267160987,7.666259,60.7696
30606,Edmond Fayçal Tapsoba,Left Center Back,Bayer Leverkusen,1. Bundesliga,7,2.1340212733785946,4.363252857519008,7.799843,66.02354
32289,Victor Okoh Boniface,Center Forward,Bayer Leverkusen,1. Bundesliga,3,1.179438719105778,-7.165215380061565,16.141308,-67.21141
40724,Florian Wirtz,Left Wing,Bayer Leverkusen,1. Bundesliga,4,4.891834786489692,-0.7909735621888938,41.417664,-39.76547
46046,Matěj Kovář,0,Bayer Leverkusen,1. Bundesliga,0,-4.433252338970606,0.5399499880543044,-72.49122,-2.8589253
196651,Arthur Augusto de Matos Soares,Right Wing Back,Bayer Leverkusen,1. Bundesliga,4,2.149093601246643,0.651215799914807,50.72451,-21.235731
15155,Janis Blaswich,Goalkeeper,RB Leipzig,1. Bundesliga,0,-2.774948325264906,2.855566432558048,-79.00449,11.835601
30360,Mohamed Simakan,Right Center Back,RB Leipzig,1. Bundesliga,7,1.8726058296134813,2.673126790452462,22.834326,66.92881
39460,Nicolas Seiwald,Right Defensive Midfield,RB Leipzig,1. Bundesliga,7,1.352624171649471,2.865100153366832,10.817678,40.18157
36811,Moritz Nicolas,0,Borussia Mönchengladbach,1. Bundesliga,0,-4.3114873732625805,0.8258806275672987,-83.27961,-2.5144186
41411,Nathan Tella,Right Wing Back,Bayer Leverkusen,1. Bundesliga,3,1.8626423159966075,-2.3085210900574378,28.152016,-52.366035
8606,Emir Karic,Left Wing Back,Darmstadt 98,1. Bundesliga,4,1.6886935545724495,0.42230619388162494,39.039185,-23.327007
8919,Marcel Schuhen,Goalkeeper,Darmstadt 98,1. Bundesliga,0,-4.383218850186603,0.6148984638949643,-81.71254,-17.435917
9209,Tim Skarke,Right Midfield,Darmstadt 98,1. Bundesliga,0,-2.9692246814926433,-0.2989928859325257,-40.51521,-20.124596
9225,Marvin Mehlem,Right Center Midfield,Darmstadt 98,1. Bundesliga,5,4.39880208686142,3.2811872718957686,58.332005,16.720346
11814,Christoph Zimmermann,Center Back,Darmstadt 98,1. Bundesliga,2,-2.8442558024439526,0.6498900141753144,-52.41901,2.2914038
15797,Matthias Bader,Right Wing Back,Darmstadt 98,1. Bundesliga,5,3.4056973752635775,1.1840929767765656,51.77201,11.016065
35578,Christoph Klarer,Right Center Back,Darmstadt 98,1. Bundesliga,5,2.145518456711373,0.030006326286295727,45.510338,-15.024973
39160,Bartol Franjić,Center Defensive Midfield,Darmstadt 98,1. Bundesliga,2,-1.4126887295913453,1.3963581015714848,-26.412107,-7.010037
42543,Oscar Vilhelmsson,Left Center Forward,Darmstadt 98,1. Bundesliga,3,0.5869452988852604,-6.069528235835039,4.637013,-64.45481
48655,Luca Pfeiffer,Right Center Forward,Darmstadt 98,1. Bundesliga,6,-1.9692270049848217,-1.8837900306856823,-23.764168,-43.127316
153361,Matej Maglica,Left Center Back,Darmstadt 98,1. Bundesliga,5,2.6883847958956917,2.4199769214612905,60.448196,12.353358
33401,Amine Adli,Right Midfield,Bayer Leverkusen,1. Bundesliga,4,1.8248813735454958,-2.5036677937276086,29.03676,-49.02795
9109,Jonas Föhrenbach,Left Back,FC Heidenheim,1. Bundesliga,2,-2.761087664657857,1.4668308007033102,-46.566467,-1.2742189
9201,Nikola Dovedan,Center Attacking Midfield,FC Heidenheim,1. Bundesliga,5,4.873593644053004,-2.1327172956133604,45.543507,-17.708723
9205,Kevin Müller,Goalkeeper,FC Heidenheim,1. Bundesliga,0,-3.7870877431362704,1.252174015113981,-82.233444,3.4634242
10303,Patrick Mainka,Right Center Back,FC Heidenheim,1. Bundesliga,1,1.2742368372795567,1.528717002808913,31.802195,22.919767
11382,Tim Kleindienst,Center Forward,FC Heidenheim,1. Bundesliga,6,-1.9443413097311202,-4.249745996505357,-11.170249,-50.678646
31310,Jan-Niklas Beste,Left Wing,FC Heidenheim,1. Bundesliga,5,2.2978341119613863,-1.6416294052783698,45.8974,-0.23708351
46430,Tim Siersleben,Left Center Back,FC Heidenheim,1. Bundesliga,2,-2.6089264616939984,2.274737028650361,-49.928596,13.590456
48959,Omar Haktab Traorè,Right Back,FC Heidenheim,1. Bundesliga,2,-1.1733995921232798,1.2205127795899033,-22.752546,7.155728
67007,Eren Sami Dinkçi,Right Wing,FC Heidenheim,1. Bundesliga,4,0.8151073403767916,-3.028710309906934,15.462133,-35.181164
133483,Lennard Maloney,Right Defensive Midfield,FC Heidenheim,1. Bundesliga,1,-0.014937676882922862,1.5516808416322128,15.40775,7.2679257
15458,Sepp van den Berg,Right Center Back,FSV Mainz 05,1. Bundesliga,2,-0.5623515004207689,1.9308553595480578,-20.256472,40.6203
23402,Leandro Barreiro Martins,Right Defensive Midfield,FSV Mainz 05,1. Bundesliga,2,-1.8221811040989317,0.8644656851861612,-43.033195,5.987577
363583,Brajan Gruda,Right Wing,FSV Mainz 05,1. Bundesliga,4,-1.1682206616048685,-1.197628506829722,-22.133802,-21.968615
7095,Marvin Schwäbe,Goalkeeper,FC Köln,1. Bundesliga,0,-3.8352631414939884,1.4592471047202566,-80.56932,4.9238997
8352,Julian Chabot,Left Center Back,FC Köln,1. Bundesliga,1,-0.25980193922970435,1.9359906380679575,16.763899,10.079683
8406,Florian Kainz,Left Center Midfield,FC Köln,1. Bundesliga,2,-1.1902538227210986,0.21906980154958375,-17.186483,-11.814448
8623,Dejan Ljubicic,Center Attacking Midfield,FC Köln,1. Bundesliga,2,-2.663853856938161,0.17301725074492502,-43.420055,-18.093956
10016,Leart Paqarada,Left Back,FC Köln,1. Bundesliga,2,-2.3268289491260212,1.5253552536009523,-41.275333,29.52523
11279,Davie Selke,Right Center Forward,FC Köln,1. Bundesliga,0,-3.93274949262905,-0.9937727337802154,-45.758476,-19.80199
29682,Rasmus Carstensen,Right Back,FC Köln,1. Bundesliga,2,-1.082804595659785,1.2597945953159333,-32.852276,3.8773332
35637,Timo Hübers,Right Center Back,FC Köln,1. Bundesliga,2,0.10072042157033045,2.581410286853948,6.5529885,14.240334
38991,Eric Martel,Center Defensive Midfield,FC Köln,1. Bundesliga,2,-2.285632603191589,-1.6914788417424906,-37.115524,-29.047125
134880,Faride Alidou,Left Center Forward,FC Köln,1. Bundesliga,1,1.0575246403349639,-1.1966038712603508,25.09058,-6.821556
405983,Max Finkgräfe,Left Wing,FC Köln,1. Bundesliga,5,2.098187531329747,-0.6636745355358102,47.210438,2.7295537
12630,Ridle Bote Baku,Right Wing Back,Wolfsburg,1. Bundesliga,2,-0.3608804255518397,1.3872048182107761,6.415502,14.012233
20814,Sebastiaan Bornauw,Right Center Back,Wolfsburg,1. Bundesliga,2,-2.67911091914148,0.5357137038123387,-49.38645,3.3762882
22314,Maxence Lacroix,Left Center Back,Wolfsburg,1. Bundesliga,2,-0.9629853421266407,1.3393686449831097,-41.234512,9.479931
33297,Patrick Wimmer,0,Wolfsburg,1. Bundesliga,4,1.2377542509554804,-1.6340403344929724,14.281837,-30.270384
38009,Kevin Paredes,Right Center Midfield,Wolfsburg,1. Bundesliga,5,2.681005007199861,0.4476880759473744,61.194153,13.423817
41783,Tiago Barreiros de Melo Tomás,Left Center Forward,Wolfsburg,1. Bundesliga,6,-1.780671449250626,-2.8791521685459407,-19.918785,-29.57827
8939,Nicolas Höfler,Center Defensive Midfield,Freiburg,1. Bundesliga,2,-1.7649541527782,0.598398978860563,-41.44749,-8.628387
11282,Vincenzo Grifo,Left Midfield,Freiburg,1. Bundesliga,2,-2.254150445787987,0.38557370864227014,-9.973891,-16.579947
11459,Lukas Kübler,Left Back,Freiburg,1. Bundesliga,2,-3.1814293613772997,1.2153412602313778,-43.798214,1.5693629
12418,Lucas Höler,Center Forward,Freiburg,1. Bundesliga,6,-0.5557681819652264,-2.546954431972881,-9.944003,-39.747147
12422,Manuel Gulde,Left Center Back,Freiburg,1. Bundesliga,7,-0.06809860469155106,0.06137540420335749,8.169154,-4.987688
48240,Merlin Röhl,Left Center Midfield,Freiburg,1. Bundesliga,1,-0.26240994676931073,-1.6852905725156866,-3.7963798,-9.072044
48246,Noah Atubolu,Goalkeeper,Freiburg,1. Bundesliga,0,-4.237960017499917,0.9739916173918176,-72.65814,2.9779053
79429,Kiliann Sildillia,Right Back,Freiburg,1. Bundesliga,5,2.851322614116462,-0.16630815017676787,46.683453,11.847104
8759,Diadie Samassekou,0,Hoffenheim,1. Bundesliga,2,-0.07350959375032186,1.5461886128268565,-1.2743754,18.647982
9133,Marius Bülter,Left Wing Back,Hoffenheim,1. Bundesliga,2,-2.4134467461740163,-0.1143052586908749,-37.541794,-23.315767
9159,Grischa Prömel,Left Center Midfield,Hoffenheim,1. Bundesliga,2,-1.2364378928587993,1.5171018288915963,-23.47402,35.012028
35242,Maximilian Beier,Left Center Forward,Hoffenheim,1. Bundesliga,3,-0.6114923291925114,-4.321582027780139,14.788358,-51.09403
48644,Anton Stach,Center Defensive Midfield,Hoffenheim,1. Bundesliga,2,-0.9090851581664147,1.0969759132255361,-41.225555,9.435131
3117,Lucas Tousart,0,Union Berlin,1. Bundesliga,1,1.3105901762475372,1.4245620937904206,15.856284,18.98552
8938,Janik Haberer,Right Wing,Union Berlin,1. Bundesliga,4,-0.21910028646839472,-1.324678510926448,-16.666609,-23.356796
11175,Diogo Filipe Monteiro Pinto Leite,Left Center Back,Union Berlin,1. Bundesliga,1,1.2849192340750464,2.005057793533059,37.82767,24.66135
20606,Paul Jaeckel,Right Center Back,Union Berlin,1. Bundesliga,1,0.41020240707793304,1.50958598239811,25.628191,8.651097
8784,Romano Schmid,Left Center Midfield,Werder Bremen,1. Bundesliga,1,2.396052120679949,0.8713863917994973,31.714575,27.986542
12299,Marvin Ducksch,Left Center Forward,Werder Bremen,1. Bundesliga,0,-4.127588974488006,-0.11134779933502098,-44.151592,-21.55969
21865,Senne Lynen,Right Defensive Midfield,Werder Bremen,1. Bundesliga,7,2.75986430524195,4.3588958862519345,18.989386,67.927025
24532,Jens Stage,Center Defensive Midfield,Werder Bremen,1. Bundesliga,2,-2.602818596173411,1.2133585188488218,-54.13098,8.315436
28573,Felix Agu,Left Wing Back,Werder Bremen,1. Bundesliga,1,0.3334306165119355,2.066492969726589,23.795673,8.646054
31100,Christian Groß,0,Werder Bremen,1. Bundesliga,7,3.2446903413838566,4.155723736380814,15.310914,59.202312
8673,Sébastien Haller,0,Borussia Dortmund,1. Bundesliga,3,-0.5694793636262954,-6.323875481239904,4.6732416,-66.345634
12387,Julian Ryerson,Left Back,Borussia Dortmund,1. Bundesliga,5,3.166453828675996,0.08340783799380815,42.814083,16.479584
161995,Jamie Jermaine Bynoe-Gittens,Left Wing,Borussia Dortmund,1. Bundesliga,2,-1.9134618353350596,-1.601075214737818,-23.117897,-32.206818
8226,Dan-Axel Zagadou,Left Center Back,VfB Stuttgart,1. Bundesliga,7,0.07679678569902719,4.230497351940111,-3.109174,70.034325
13329,Silas Katompa Mvumpa,Right Midfield,VfB Stuttgart,1. Bundesliga,3,1.4332804544432993,-3.9458188026367687,22.536144,-64.08298
20947,Atakan Karazor,Right Defensive Midfield,VfB Stuttgart,1. Bundesliga,7,2.86133322117131,3.351225049933954,19.267122,67.82176
23614,Chris Führich,Left Midfield,VfB Stuttgart,1. Bundesliga,3,5.337034574465789,-3.7853403932321834,18.04413,-63.3552
28805,Jamie Leweling,Left Midfield,VfB Stuttgart,1. Bundesliga,0,-2.8982168299261386,0.004717463824915292,-52.10103,2.648653
29227,Leonidas Stergiou,Right Back,VfB Stuttgart,1. Bundesliga,1,-0.2116652773095586,0.45250807659768094,21.727455,11.747444
39360,Angelo Stiller,Left Defensive Midfield,VfB Stuttgart,1. Bundesliga,7,1.0970203822406843,3.795405316285289,-1.7076926,65.952774
45115,Enzo Millot,Right Midfield,VfB Stuttgart,1. Bundesliga,7,1.9304964142529288,3.1832387272045803,34.074123,55.98846
131243,Deniz Undav,Right Center Forward,VfB Stuttgart,1. Bundesliga,3,3.640787234327033,-4.898261159776685,10.543765,-51.444138
23658,Aurélio Gabriel Ulineia Buta,Right Wing Back,Eintracht Frankfurt,1. Bundesliga,7,2.476893610513741,2.7350716966219255,45.31548,27.575697
33088,Lucas Silva Melo,Right Center Back,Eintracht Frankfurt,1. Bundesliga,7,2.83968859850184,2.9451769401392385,30.953825,44.663734
39070,Ansgar Knauff,Left Wing,Eintracht Frankfurt,1. Bundesliga,1,-0.43654366194716726,-0.6870368457449854,17.394367,-8.347845
48031,Niels Nkounkou,Left Wing Back,Eintracht Frankfurt,1. Bundesliga,5,4.002295290769491,2.0726468766751034,50.932243,14.573467
143728,Hugo Larsson,Right Defensive Midfield,Eintracht Frankfurt,1. Bundesliga,7,2.286092968834579,4.274622838200376,17.116245,68.90534
8924,Maximilian Wittek,0,Bochum,1. Bundesliga,6,-2.440903657003714,-0.9701489478259634,-45.25076,-14.344248
8960,Bernardo Fernandes da Silva Junior,Left Back,Bochum,1. Bundesliga,2,-1.8695555363072764,-0.06068992713218384,-40.508213,-7.0562286
9089,Anthony Losilla,Right Center Midfield,Bochum,1. Bundesliga,1,-0.8794084057516469,0.7950128813196798,-27.749771,5.4329724
9095,Manuel Riemann,Goalkeeper,Bochum,1. Bundesliga,0,-3.8050176698992826,1.295871132448906,-86.493515,-2.8371181
15546,Matúš Bero,Left Center Midfield,Bochum,1. Bundesliga,2,-1.185830299934678,0.48666598785951676,-42.479202,6.57124
23351,Keven Schlotterbeck,Left Center Back,Bochum,1. Bundesliga,1,0.8942320042988009,1.295030754995612,19.507683,15.152273
29760,Erhan Mašović,Right Center Back,Bochum,1. Bundesliga,2,-2.1026130648929913,0.5884255177535329,-40.79919,-3.982092
133208,Patrick Osterhage,Center Defensive Midfield,Bochum,1. Bundesliga,1,1.6633342373569497,1.3516627547415716,59.59099,-6.8585835
8245,Felix Uduokhai,Left Center Back,Augsburg,1. Bundesliga,2,-2.5646393163428605,1.7853153173249394,-48.432053,8.615009
9198,Niklas Dorsch,Center Defensive Midfield,Augsburg,1. Bundesliga,2,-1.5316158578461263,1.6205223594370812,-22.989687,32.827564
9221,Phillip Tietz,Right Center Forward,Augsburg,1. Bundesliga,1,-0.11713286755416814,-0.0747274014362456,2.1504874,-3.9811568
12411,Arne Maier,Center Attacking Midfield,Augsburg,1. Bundesliga,5,3.8508655007525006,0.5848638441618655,58.402824,-9.212011
25118,Iago Amaral Borduchi,Left Back,Augsburg,1. Bundesliga,2,-2.325249022897925,0.7208068947761913,-42.274895,0.57715696
37005,Finn Dahmen,Goalkeeper,Augsburg,1. Bundesliga,0,-3.79714278387501,1.5976872252986374,-81.1268,5.4338207
38759,Benjamin Šeško,Right Center Forward,RB Leipzig,1. Bundesliga,6,0.17155738225304498,-3.5805733842358487,8.7159605,-41.95958
40943,Luca Netz,Left Wing Back,Borussia Mönchengladbach,1. Bundesliga,5,3.3000695015788506,0.09935991218946773,55.28979,-0.66354734
13315,Philipp Mwene,Left Wing Back,FSV Mainz 05,1. Bundesliga,2,-1.1495656522682915,1.506953807365861,-6.0833454,-15.884742
134272,David Jurásek,Left Wing Back,Hoffenheim,1. Bundesliga,1,0.29063547812315593,-0.14294088049891412,11.631797,-4.6235433
426425,Tim Drexler,Left Center Back,Hoffenheim,1. Bundesliga,2,-2.2229392747943146,1.7829853184486164,-52.147392,8.222744
18789,Danilho Doekhi,Right Center Back,Union Berlin,1. Bundesliga,0,-3.4841805218349093,0.8997908797825974,-53.437927,0.22584274
51769,Julián Malatini,Right Center Back,Werder Bremen,1. Bundesliga,7,1.714212022652004,2.5775642445385984,13.376097,40.09155
9085,Salih Özcan,Right Defensive Midfield,Borussia Dortmund,1. Bundesliga,2,-1.2339015264254813,1.5423791860447127,-41.396282,5.489635
40761,Omar Marmoush,Left Center Forward,Eintracht Frankfurt,1. Bundesliga,3,1.7633631347835748,-5.203424898749596,23.597845,-61.33602
12303,Kevin Stöger,Left Center Midfield,Bochum,1. Bundesliga,7,0.2003765461252797,3.0100237629222524,-6.0277805,58.914383
44198,Ivan Ordets,Right Center Back,Bochum,1. Bundesliga,0,-3.9555041436293292,0.3024412739138071,-54.532333,-3.8848374
24442,Mads Pedersen,Right Back,Augsburg,1. Bundesliga,1,2.8579398728688665,2.8108317995624543,40.6682,33.56955
31625,Johan Martial,0,Troyes,Ligue 1,1,0.028870352799015845,1.0636918391211672,-2.3671944,13.087893
402967,Julien Romain,0,Bastia,Ligue 1,6,-0.4032478766375445,-5.774621164990935,-13.349484,-63.12397
4413,Aloïs Confais,0,Troyes,Ligue 1,7,1.253815999871939,1.6914577997111495,21.14173,25.829441
4349,Issa Diop,0,Toulouse,Ligue 1,2,-1.5438018192158067,0.9701266550817562,-17.5757,17.406666
3361,Clément Grenier,Center Attacking Midfield,Lyon,Ligue 1,7,2.867884419839953,1.6732722632242825,28.323729,58.194447
4255,Jean-Victor Makengo,Right Center Midfield,Caen,Ligue 1,1,0.9474077814066485,-0.060054764686017205,22.116999,-6.897283
4258,Ronaël Pierre-Gabriel,Right Back,Saint-Étienne,Ligue 1,7,0.7011197015742213,2.7518799389860162,11.201747,27.157297
45688,Hamadou Karamoko,0,Lorient,Ligue 1,1,-0.11932325653381733,1.506627296345061,25.11981,2.2049894
3356,Valentín Vada,0,Bordeaux,Ligue 1,7,2.1099564891750577,2.896836783134983,20.04128,53.959465
40530,Jamel Saihi,0,Montpellier,Ligue 1,7,3.5694714536850025,1.9991370492237825,34.800182,37.741333
4602,Yoann Gourcuff,Left Center Midfield,Rennes,Ligue 1,7,3.316415279566354,1.2977221281127607,46.195866,29.004513
45685,Sébastien Antoine Luc Salles Lamonge,0,Rennes,Ligue 1,7,1.8002448706706111,0.9136103887787849,25.496405,65.38154
7337,Mohamed Lamine Yattara,Center Forward,Angers,Ligue 1,6,0.22772486338223752,-3.2688905269570685,-9.186865,-44.925045
3423,Alexander Toft Søderlund,Center Forward,Saint-Étienne,Ligue 1,6,-0.007566589011745488,-4.2123123549493515,-5.3141665,-50.500793
4380,Guillaume Gillet,Right Defensive Midfield,Nantes,Ligue 1,7,2.5005427086989975,1.7109390382015401,33.926342,35.934444
7595,Dorian Caddy,0,OGC Nice,Ligue 1,6,2.234612975517567,-3.610168843999593,12.031208,-45.437775
3425,Morgan Amalfitano,Right Center Midfield,Lille,Ligue 1,4,0.7300224219566637,-0.9321607891079428,34.92439,-26.416338
3136,Rémi Walter,Left Center Midfield,OGC Nice,Ligue 1,7,2.5968116840943662,2.308526779122285,22.346577,56.445316
18953,Vágner Silva de Souza,Center Attacking Midfield,AS Monaco,Ligue 1,3,0.18600155304220137,-5.804675548266203,-1.9553634,-63.70278
403155,Mohamed Amine Chermiti,0,Gazélec Ajaccio,Ligue 1,6,-1.7534354393305027,-2.280390042041616,-24.037992,-43.916355
4253,Ole Kristian Selnæs,0,Saint-Étienne,Ligue 1,7,0.8026364736720065,2.224030924184125,8.83654,41.27143
2970,Christian Kouakou Yao,Left Center Midfield,Caen,Ligue 1,3,-0.7791132741875126,-4.517816375428181,4.171735,-61.7842
3217,Jemerson de Jesus Nascimento,0,AS Monaco,Ligue 1,1,-0.9065559709795588,1.0832146359854662,-31.026796,7.9772444
3025,Christopher Nkunku,0,Paris Saint-Germain,Ligue 1,7,0.9599860833976527,4.3828291614363035,0.69864964,63.7914
7641,Johann Carrasso,Goalkeeper,Stade de Reims,Ligue 1,0,-4.895282976121376,-0.06369739854144832,-74.93092,-21.752438
27014,Deniz Hümmet,Center Attacking Midfield,Troyes,Ligue 1,6,-2.4144124041084987,-1.868888394174588,-23.025179,-44.559155
38413,Vassiriki Abou Diaby,0,Marseille,Ligue 1,7,1.6015003481650723,1.8521967604193044,-9.7093,55.16262
7355,Olivier Michel Kemen,Right Back,Lyon,Ligue 1,2,-2.0238875168005097,1.7894889535378138,-50.090706,12.538328
40531,Erwin Koffi,Right Back,Lorient,Ligue 1,7,1.7769731154892165,2.8693579866688554,13.430585,39.834507
3017,Ibrahim Sangaré,Center Defensive Midfield,Côte d'Ivoire,African Cup of Nations,7,-0.22398326162045876,1.7365179333842036,-5.0820355,46.79958
7023,Franck Yannick Kessié,Right Center Midfield,Côte d'Ivoire,African Cup of Nations,4,1.953305053976977,-1.2624540760196938,29.348282,-53.27645
7713,Obite Evan Ndicka,Left Center Back,Côte d'Ivoire,African Cup of Nations,7,1.124445360917336,3.383618649404414,3.9609637,74.036156
9933,Willy Boly,Right Center Back,Côte d'Ivoire,African Cup of Nations,7,-1.2291917760235704,2.5969383170628624,-45.81726,17.656168
12496,Christian Kouamé,0,Côte d'Ivoire,African Cup of Nations,6,-2.571720138158575,-3.964275095104221,2.589978,-58.755127
36539,Wilfried Stephane Singo,Right Back,Côte d'Ivoire,African Cup of Nations,7,1.7015716354114967,2.64464200930605,13.233127,40.13511
196109,Ousmane Diomande,Right Center Back,Côte d'Ivoire,African Cup of Nations,7,-0.8349997916278791,3.3437021564113714,-5.5339227,68.517815
212489,Oumar Diakité,0,Côte d'Ivoire,African Cup of Nations,5,6.515171656470018,-1.5403773443825806,54.748405,-32.90941
4376,Edgar Miguel Ié,0,Guinea-Bissau,African Cup of Nations,2,-1.9895003528653368,1.6587129613809017,-41.095985,13.771429
7568,Opa Sangante,Right Center Back,Guinea-Bissau,African Cup of Nations,2,-1.6394061456701274,1.764180425532142,-41.39258,14.875948
10854,Euciodálcio Gomes,Left Center Midfield,Guinea-Bissau,African Cup of Nations,4,1.0929001502055662,-0.9739613514307381,43.896225,-32.114014
12175,Carlos Mendes Gomes,Center Attacking Midfield,Guinea-Bissau,African Cup of Nations,1,2.089309198863181,1.6815436708680562,41.27966,20.766874
25056,Marcelo Amado Djaló Taritolay,Left Center Back,Guinea-Bissau,African Cup of Nations,2,-1.0436013055876128,1.8501180099696797,-30.4775,8.53265
30104,Manconi Soriano Mané,0,Guinea-Bissau,African Cup of Nations,0,-3.1245226574430363,1.7863846104260233,-50.089592,8.673863
32433,Jefferson Anilson Silva Encada,Right Back,Guinea-Bissau,African Cup of Nations,1,2.167764944752472,1.7152269225714434,40.037834,20.783892
36813,Janio Bikel Figueiredo Silva,Left Defensive Midfield,Guinea-Bissau,African Cup of Nations,2,-0.2875577836696396,1.8529099285350497,-3.8570616,25.682087
43007,Mauro Daniel Rodrigues Teixeira,Right Wing,Guinea-Bissau,African Cup of Nations,1,-0.9390390431826148,0.06423156258945191,-26.38269,5.0269904
68500,Jonas Asvedo Mendes,0,Guinea-Bissau,African Cup of Nations,0,-4.457633445612372,0.8398188326892647,-73.85056,-0.1723423
143863,Franculino Gluda Djú,Center Forward,Guinea-Bissau,African Cup of Nations,4,-1.2403297275070242,-2.2638870871850756,-19.782022,-29.303411
363738,Fernando de Lacerda Gomes,0,Guinea-Bissau,African Cup of Nations,5,5.456544065445123,1.7773236903925047,49.29802,24.926863
10865,Witiness Chimoio João Quembo,Right Midfield,Mozambique,African Cup of Nations,6,-1.6614138512593937,-2.497908106696232,-1.7518907,-43.42292
23706,Alfons Amade,Left Defensive Midfield,Mozambique,African Cup of Nations,2,-0.39945238991716525,1.4865477322170164,-18.861143,52.002876
29482,Ricardo Martins Guimarães,Right Defensive Midfield,Mozambique,African Cup of Nations,7,0.4108382693366917,1.5386272552257516,17.318905,37.45082
65742,Edmilson Gabriel Dove,Left Center Back,Mozambique,African Cup of Nations,2,-1.8935698583733938,2.9215646125945667,-48.69364,15.295194
106070,Bruno Alberto Langa,Center Attacking Midfield,Mozambique,African Cup of Nations,1,1.93114626274837,0.08554133052208548,52.264706,-6.5563145
106074,Elias Gaspar Pelembe,Center Attacking Midfield,Mozambique,African Cup of Nations,1,1.317942739856272,1.6830714138457101,42.51669,20.479015
106082,Pachoio Lau Há King,Center Forward,Mozambique,African Cup of Nations,0,-3.9969653764768642,-1.8750652693198708,-26.929335,-36.03532
127547,Stanley Ratifo,Center Forward,Mozambique,African Cup of Nations,0,-4.226153756430566,-1.0083507828927571,-58.078926,-7.8642435
136064,Ernan Alberto Siluane,Goalkeeper,Mozambique,African Cup of Nations,0,-3.803247145354431,0.43208673399976544,-38.695473,36.5804
161718,Ivane Carminio Francisco Urrubal,0,Mozambique,African Cup of Nations,0,-4.578797597079141,0.6655305593255306,-64.74039,5.826667
389641,Domingos João Macandza,Right Back,Mozambique,African Cup of Nations,2,-1.8268845834208944,0.42965309661763507,-9.975037,-16.591879
417067,Infren Da Conceição David Matola,0,Mozambique,African Cup of Nations,1,2.252471241796741,1.3256499713194887,43.51713,29.868645
66878,Ahmed Sayed,Right Wing,Egypt,African Cup of Nations,2,-0.5475710675115194,-0.15282064809009102,-13.094786,-29.687037
66879,Mohamed Abougabal,0,Egypt,African Cup of Nations,0,-3.52037940225818,-1.9117893605906409,-38.037586,-31.37968
66887,Hamdi Fathi,Left Defensive Midfield,Egypt,African Cup of Nations,2,-0.44688978499457405,1.3455443133799099,0.9504096,32.366833
66892,Mohamed Hany Gamal Eldemerdash,Right Back,Egypt,African Cup of Nations,7,1.2609696040881546,1.3357358369054595,11.014114,56.10325
67737,Ahmed Mohamed Abo El Fotouh Mohamed,0,Egypt,African Cup of Nations,7,-0.17287410730750982,1.4402552275050802,-14.07829,49.96888
67742,Emam Ashour Metwally Abdelghany,Right Center Midfield,Egypt,African Cup of Nations,7,0.7914538790062148,0.3811028425464677,43.510017,-33.625484
69563,Mohamed Abdel Monem,Left Center Back,Egypt,African Cup of Nations,7,3.095121489141637,3.2867477734231745,9.890546,61.17558
70682,Marwan Attia Fahim Ghallab,0,Egypt,African Cup of Nations,7,0.7216507701149106,2.9926776790790126,-16.70739,56.150967
70783,Omar Kamal Abdel Wahed,Right Back,Egypt,African Cup of Nations,4,4.519902395806257,-0.797281148741359,33.501263,-58.64657
70835,Mohamed Hamdy Sharaf,Left Back,Egypt,African Cup of Nations,7,0.5377900175305687,3.455523003600824,-3.6830654,64.495766
3447,Ademola Lookman,Left Midfield,Nigeria,African Cup of Nations,6,-0.944717514312517,-2.5445842923408457,9.304997,-35.837143
3806,Bright Osayi-Samuel,Right Back,Nigeria,African Cup of Nations,2,-1.7147714787222919,0.6968394193879832,-27.538391,33.601776
3923,Oluwasemilogo Adesewo Ibidapo Ajayi,Left Center Back,Nigeria,African Cup of Nations,2,-1.6519835293484508,0.9992090488366421,-15.797085,23.214375
11277,Victor James Osimhen,Center Forward,Nigeria,African Cup of Nations,6,-1.776687626972662,-4.101924750769026,2.3040147,-51.09547
24467,Frank Onyeka,Center Defensive Midfield,Nigeria,African Cup of Nations,1,0.02454105402966152,0.4527384477647376,8.339371,-2.4361055
31949,Zaidu Sanusi,Left Back,Nigeria,African Cup of Nations,2,-1.0351906969574132,-0.09003971758919618,-28.299255,-2.4476032
43779,Calvin Bassey Ughelumba,Left Back,Nigeria,African Cup of Nations,1,1.0934903466545438,1.3700498374451262,11.539199,6.6389785
358410,Stanley Bobo Nwabali,Goalkeeper,Nigeria,African Cup of Nations,0,-4.512919443081652,0.5987328622425335,-70.71216,-2.2074087
30423,Ibán Salvador Edu,Right Wing,Equatorial Guinea,African Cup of Nations,1,1.3030103217038218,-0.6441599033806505,21.427132,-11.100541
34845,Federico Bikoro Akieme Nchama,Right Defensive Midfield,Equatorial Guinea,African Cup of Nations,2,-1.416939428362822,0.8309088576068496,-23.186382,29.310377
40128,Jannick Buyla Sam,Left Wing,Equatorial Guinea,African Cup of Nations,1,0.3218792847997144,-0.9501719388761968,21.210144,-11.788505
52324,Saúl Basilio Coco-Bassey Oubiña,Left Center Back,Equatorial Guinea,African Cup of Nations,2,-2.463365221863755,1.0119718576577519,-50.671333,6.216732
105760,Esteban Obiang Obono,Right Center Back,Equatorial Guinea,African Cup of Nations,2,-2.786538186858121,0.8480677162523459,-49.56116,5.1541214
105764,Basilio Ndong Owono Nchamaaa,Left Back,Equatorial Guinea,African Cup of Nations,2,-0.4570074610985954,0.29355362868340895,-1.2046849,-11.164675
105765,Jesús Lázaro Owono Ngua Akeng,Goalkeeper,Equatorial Guinea,African Cup of Nations,0,-4.232525856974328,0.49812657063911425,-83.17421,-14.578946
105942,Pablo Ganet Cómitre,Left Defensive Midfield,Equatorial Guinea,African Cup of Nations,1,0.5424853190146812,0.6273488068829017,15.301255,12.459896
16546,Joseph Paintsil,Right Wing,Ghana,African Cup of Nations,5,5.432484721561817,-2.482936545175448,52.1986,2.9804885
30693,Majeed Ashimeru,Left Defensive Midfield,Ghana,African Cup of Nations,1,-0.5793722034061605,0.8858902322335773,8.343876,8.6326
68757,Richard Ofori Antwi,Goalkeeper,Ghana,African Cup of Nations,0,-4.987598183172156,-0.08523246046072362,-68.09351,-7.366017
7753,Jamiro Gregory Monteiro Alvarenga,Left Center Midfield,Cape Verde Islands,African Cup of Nations,1,0.29630930880259504,0.4904673427652386,15.496733,12.5350065
8349,Deroy Duarte,Right Center Midfield,Cape Verde Islands,African Cup of Nations,2,-0.34887321366892804,0.4792242379791231,-2.0228639,22.87352
10598,Jovane Eduardo Borges Cabral,Left Wing,Cape Verde Islands,African Cup of Nations,4,1.6738353682015934,-1.859305794446589,14.448707,-29.72451
23301,Kenny Rocha Santos,Right Center Midfield,Cape Verde Islands,African Cup of Nations,2,-1.01216565421246,0.8405961590510612,-23.018866,7.922663
28413,Willy Afonso Semedo Johnson,Right Wing,Cape Verde Islands,African Cup of Nations,4,4.760105998047293,-1.7218172837788024,34.38483,-46.920033
36271,Roberto Lopes,Left Center Back,Cape Verde Islands,African Cup of Nations,7,-0.20765337489412727,2.2855108730540206,-20.195707,53.889416
48342,Dylan Tavares dos Santos,0,Cape Verde Islands,African Cup of Nations,2,-0.6410307881299395,1.7188004050866592,-22.016848,5.3733816
50968,Erickson Patrick Correia Andrade,0,Cape Verde Islands,African Cup of Nations,5,6.044350790302991,0.3633452786943363,57.525204,4.6972427
105931,Edilson Alberto Monteiro Sanches Borges,0,Cape Verde Islands,African Cup of Nations,2,-1.3071202717479005,1.9476021367209904,-41.554672,15.161877
105932,Josimar José Évora Dias,Goalkeeper,Cape Verde Islands,African Cup of Nations,0,-3.208332052366582,1.5147745504303718,-41.887802,35.141132
105936,Gilson Benchimol Tavares,Center Forward,Cape Verde Islands,African Cup of Nations,3,0.3516371167123104,-7.822341364497894,8.862797,-67.394424
132800,Kevin Lenini Gonçalves Pereira de Pina,Center Defensive Midfield,Cape Verde Islands,African Cup of Nations,2,0.36671046650857303,1.1764187294192214,-5.924987,32.230457
133038,João Paulo Moreira Fernandes,Left Back,Cape Verde Islands,African Cup of Nations,1,1.4391258815351453,1.6075048449199305,28.945532,27.350077
3198,Moussa Niakhate,Left Center Back,Senegal,African Cup of Nations,7,-0.37024192632671776,1.9350682397312826,-8.300402,69.96797
25759,Abdoulaye Seck,Right Center Back,Senegal,African Cup of Nations,3,0.2545875338884404,-1.3493750081242488,33.2109,-54.416077
392153,Lamine Camara,Right Center Midfield,Senegal,African Cup of Nations,1,1.1780156970798243,-0.37588160240647434,14.696672,12.302662
6988,Musa Barrow,Left Attacking Midfield,Gambia,African Cup of Nations,2,-1.653728729734039,-0.7869129925476409,-14.310271,-28.345282
12498,Omar Colley,Left Center Back,Gambia,African Cup of Nations,2,-2.23235480809638,1.5963609171657638,-47.69227,9.14307
28212,Alasana Manneh,Right Center Midfield,Gambia,African Cup of Nations,1,1.1814340729109807,0.49815558269683446,11.358306,9.530144
35689,James Gomez,Right Center Back,Gambia,African Cup of Nations,2,-3.055247940599392,1.2915755991062692,-49.450752,7.3555903
44311,Alieu Fadera,Left Wing Back,Gambia,African Cup of Nations,4,1.376153243880389,-2.7583182583160393,49.589497,-26.849115
47762,Jacob Mendy,0,Gambia,African Cup of Nations,1,-0.12729348779739716,0.6413098830287655,-7.2171164,17.778328
50501,Ebrima Darboe,Left Center Midfield,Gambia,African Cup of Nations,1,1.1245131033196445,0.20926729420610438,32.049976,5.2788134
50938,Ali Sowe,Center Forward,Gambia,African Cup of Nations,6,-2.4955044626433867,-3.426404647055371,-27.974659,-42.383076
82922,Muhammed Sanneh,0,Gambia,African Cup of Nations,2,-1.6276764292685226,0.860312595551594,-39.03617,-7.5334544
185579,Baboucarr Gaye,Goalkeeper,Gambia,African Cup of Nations,0,-4.9547933263670565,-0.2210251740297855,-73.31364,-23.516068
307271,Yankuba Minteh,Right Attacking Midfield,Gambia,African Cup of Nations,1,1.1466241904419874,-1.6824241597198588,30.050184,-10.473206
24670,Joseph Fabrice Ondoa Ebogo,Goalkeeper,Cameroon,African Cup of Nations,0,-4.835669941456496,0.0966465705120298,-71.776634,-12.067174
189348,Frank Magri,Right Wing,Cameroon,African Cup of Nations,6,-2.0248903076627984,-3.305797091578725,-9.977603,-48.648285
8505,Naby Deco Keïta,0,Guinea,African Cup of Nations,1,1.397878246067985,1.3490852345468658,31.224415,25.977478
35285,Mory Konaté,Left Defensive Midfield,Guinea,African Cup of Nations,2,-2.437235752162181,0.7269804454686607,-28.498644,29.917212
39559,Aguibou Camara,Center Attacking Midfield,Guinea,African Cup of Nations,2,-1.0780865585695367,-0.42828681750062536,-13.8060465,-13.227688
47351,Morgan Guilavogui,Right Wing,Guinea,African Cup of Nations,6,-0.8892657838480806,-1.9610260776012531,-5.558595,-29.736515
132711,Sekou Oumar Sylla,Left Back,Guinea,African Cup of Nations,1,-1.3832829915982667,-1.3835751580872433,3.9173641,-8.592581
176683,Ibrahim Diakité,Right Back,Guinea,African Cup of Nations,4,-0.09472030283188136,0.3986324593379262,-0.45509183,-13.782687
182573,Ibrahim Kone,Goalkeeper,Guinea,African Cup of Nations,0,-4.118607914960381,1.0129350067859493,-81.32563,1.4358311
406457,Facinet Conte,Left Midfield,Guinea,African Cup of Nations,1,0.4216239169912313,-2.0568015107569684,18.177256,-12.535485
12111,Rayan Aït Nouri,Left Back,Algeria,African Cup of Nations,7,2.2591359278801533,2.620578120931737,19.321112,55.803085
38345,Ramiz Larbi Zerrouki,Center Defensive Midfield,Algeria,African Cup of Nations,7,1.8592341343979188,3.81899742548541,7.743804,57.517216
41381,Anthony Louis Mandréa,Goalkeeper,Algeria,African Cup of Nations,0,-4.33032455422784,0.8728307648525155,-67.29702,4.7228193
103465,Baghdad Bounedjah,Center Forward,Algeria,African Cup of Nations,3,-2.364139389844721,-5.809744882601835,6.5975575,-64.55181
160943,Mohamed Amine Tougai,0,Algeria,African Cup of Nations,7,0.6903550612689441,5.8384207161828146,-2.2273102,71.36979
10573,Jonathan Buatu Mananga,Right Center Back,Angola,African Cup of Nations,2,-1.6075657872040754,0.7909433431064314,-34.867752,9.198706
10577,Jacinto Muondo Dala,Left Wing,Angola,African Cup of Nations,3,0.7188830016162606,-4.235852672834994,22.917746,-55.337917
10844,Alfredo Kulembe Ribeiro,Right Defensive Midfield,Angola,African Cup of Nations,1,1.8077189184899516,0.6813383505275802,46.662533,-15.184286
22274,Bruno Lourenço Pinto de Almeida Paz,Left Center Midfield,Angola,African Cup of Nations,1,1.1239081109451958,2.076844454765503,-2.8384988,20.485302
23873,Núrio Domingos Matias Fortuna,Left Wing Back,Angola,African Cup of Nations,1,1.0442712556596725,1.2966211944211483,59.580044,-6.9895782
30626,Valdomiro Tualungo Paulo Lameiras,0,Angola,African Cup of Nations,2,-1.534630611010369,-0.023359378743239418,-45.031326,-11.700433
31016,Manuel Luís da Silva Cafumana,Left Defensive Midfield,Angola,African Cup of Nations,2,-0.34799917830695526,1.8691733530885315,2.310805,31.82746
90913,Zito André Sebastião Luvumbo,Right Center Forward,Angola,African Cup of Nations,4,-0.8504782769274137,-2.5016299125890824,-7.4155984,-25.525236
103208,Kialonda Gaspar,Center Back,Angola,African Cup of Nations,1,-0.11502171445212077,1.7974673412532574,-13.755016,28.851921
128881,Cristóvão Paciência Mabululo,Center Forward,Angola,African Cup of Nations,3,-0.7345756112153101,-5.445653899249489,6.0600686,-59.629623
135849,Adilson Cipriano da Cruz,Goalkeeper,Angola,African Cup of Nations,0,-4.675361615719818,0.34209936955742654,-74.903915,-10.156524
135851,Augusto de Jesus Corte Real Carneiro,0,Angola,African Cup of Nations,7,1.6835333809895205,1.5086310156055056,30.281338,51.13929
136312,Ambrosini Antonio Cabaça Salvador,Left Wing,Angola,African Cup of Nations,3,3.106435611166253,-5.306921551730201,20.92531,-63.873825
145058,Eddie Marcos Melo Afonso,Right Wing Back,Angola,African Cup of Nations,1,-0.14397074361423562,1.888002537438396,20.63161,6.626266
270407,Joaquim Marcos Cunga Balanga,Left Center Back,Angola,African Cup of Nations,0,-3.052723178888603,1.605265623660965,-51.227417,8.225753
389328,Deivi Miguel Vieira,0,Angola,African Cup of Nations,4,2.7420977971558465,-2.1895359243340726,58.21791,-16.498358
408824,Signori Dominique Nymi António,0,Angola,African Cup of Nations,0,-4.859878097092598,0.10035068565881555,-71.98309,-12.3016
3710,Fousseni Diabaté,Right Wing,Mali,African Cup of Nations,2,-1.160152384902477,1.313053622752828,-51.366943,12.768125
4385,Yves Bissouma,Center Defensive Midfield,Mali,African Cup of Nations,7,2.346385299681728,1.6594911990173788,30.276417,35.771935
8774,Amadou Haïdara,Left Center Midfield,Mali,African Cup of Nations,2,-0.17436578471113132,-0.9221225295856911,-5.900853,-31.600708
23623,Sekou Koita,Right Center Forward,Mali,African Cup of Nations,6,-2.319031269504515,-3.195806567909456,-25.871834,-30.806828
67714,Aliou Dieng,Right Center Midfield,Mali,African Cup of Nations,1,2.636856448028305,2.4640910808547445,46.106434,25.907116
102992,Djigui Diarra,Goalkeeper,Mali,African Cup of Nations,0,-4.6476872922059815,0.37643401527073417,-70.20807,-4.973576
199653,Nene Dorgeles,Left Wing,Mali,African Cup of Nations,6,-0.7874819307587105,-2.488669491874734,-4.3415027,-41.768776
29367,Percy Tau,Right Midfield,South Africa,African Cup of Nations,2,-0.24237014237871163,-1.2747869480931726,-6.823005,-34.537006
42527,Sphephelo S''Miso Sithole,Left Defensive Midfield,South Africa,African Cup of Nations,7,0.3727680046294091,1.1593179262613817,-1.8806196,29.03324
65719,Khuliso Johnson Mudau,Right Back,South Africa,African Cup of Nations,1,0.8943787614421376,1.5096421909246107,10.819045,12.657441
65726,Themba Zwane,Right Center Forward,South Africa,African Cup of Nations,4,0.500385913853015,-0.12005642725400797,35.908733,-32.109592
65727,Thapelo James Morena,Right Midfield,South Africa,African Cup of Nations,6,-1.1159152157191699,-1.5355876937689732,7.909137,-32.117943
65732,Mothobi Mvala,Left Center Back,South Africa,African Cup of Nations,7,0.3783077192335859,1.3350918548054105,-36.53606,18.780823
65733,Aubrey Maphosa Modiba,Left Back,South Africa,African Cup of Nations,7,0.1359393971170461,1.4508602720344914,6.246609,44.297077
65853,Evidence Makgopa,Left Center Forward,South Africa,African Cup of Nations,6,-0.4160973566920617,-3.3002501816341487,5.921697,-44.94173
66716,Teboho Mokoena,Right Defensive Midfield,South Africa,African Cup of Nations,3,2.1217142801219904,-1.209931255570714,31.050215,-55.091965
66721,Ronwen Williams,Goalkeeper,South Africa,African Cup of Nations,0,-3.504605719908507,1.8883502023427983,-81.38091,7.2047005
67974,Nkosinathi Sibisi,0,South Africa,African Cup of Nations,7,4.258299407721353,0.4108517349082357,32.340137,-58.86262
70093,Gomolemo Grant Kekana,0,South Africa,African Cup of Nations,2,-2.5510709646464824,1.978936358121258,-50.73573,8.624859
102722,Siyanda Xulu,Right Center Back,South Africa,African Cup of Nations,7,-1.0258471859616654,1.9908999763294046,-7.27012,69.918434
133003,Mihlali Samson Mayambela,Right Center Forward,South Africa,African Cup of Nations,3,4.692168576145265,-5.388409110808227,15.574025,-69.21372
202037,Thapelo Maseko,Left Midfield,South Africa,African Cup of Nations,4,-0.9705306785402182,-2.7424185905334015,14.732324,-52.151337
4388,Kouakou Herve Koffi,Goalkeeper,Burkina Faso,African Cup of Nations,0,-3.744010785260824,0.6813434862506625,-40.06794,37.260662
23999,Ibrahim Blati Touré,Left Defensive Midfield,Burkina Faso,African Cup of Nations,2,-0.16682522627872834,1.4884741580614769,-3.9275486,25.121025
24411,Adama Guira,Right Defensive Midfield,Burkina Faso,African Cup of Nations,1,0.6006843412382784,1.8056337130362536,2.6322448,26.566294
43705,Abdoul Fessal Tapsoba,Right Wing,Burkina Faso,African Cup of Nations,1,-0.36543699367996996,-1.0543000088952394,29.22703,-5.3773274
43920,Mohamed Konaté,Center Forward,Burkina Faso,African Cup of Nations,6,-3.168362254292193,-4.633932232358885,-26.195518,-40.84867
44307,Cédric Badolo,Left Wing,Burkina Faso,African Cup of Nations,0,-2.9881573546142834,0.35235901550235654,-21.748653,-6.345214
45466,Gustavo Fabrice Sangaré,0,Burkina Faso,African Cup of Nations,1,0.9979302073200659,0.7626428383262731,36.274654,-1.9540393
99280,Adamo Nagalo,0,Burkina Faso,African Cup of Nations,2,-2.2656460829633898,1.132052552775833,-42.3359,-6.730359
102800,Issoufou Dayo,Right Center Back,Burkina Faso,African Cup of Nations,1,-0.8503349253073516,1.451491826219481,-13.907457,27.496273
106681,Ismahila Ouédraogo,0,Burkina Faso,African Cup of Nations,1,0.7751068023957869,0.6238986661945272,8.37656,4.9974484
225437,Stephane Aziz Ki,Center Attacking Midfield,Burkina Faso,African Cup of Nations,4,-0.42834620118634176,-1.2481699505593855,-13.647229,-29.616217
3255,Guessouma Fofana,Left Defensive Midfield,Mauritania,African Cup of Nations,2,-1.6369216122536219,-0.28510099279704515,-14.692656,-5.6628165
11923,Yacoub Aly Abeid,Left Back,Mauritania,African Cup of Nations,1,-0.5014681987736226,1.461009988686931,16.762358,5.474871
23892,Aboubakary Koita,Center Attacking Midfield,Mauritania,African Cup of Nations,4,1.474160980604633,-2.958851293989209,15.664388,-36.634808
36951,Babacar Niasse,Goalkeeper,Mauritania,African Cup of Nations,0,-5.070430284743464,-0.3133498419991085,-74.4651,-27.39428
49763,Souleymane Anne,Center Forward,Mauritania,African Cup of Nations,6,-0.6220313443136318,-3.7131151666220097,-17.058273,-50.89289
102667,Hemeya Tanjy,Left Midfield,Mauritania,African Cup of Nations,5,3.4356902278026102,-2.1676403628895127,43.05153,-4.540018
128053,Idrissa Thiam,Right Midfield,Mauritania,African Cup of Nations,5,3.6374183168227705,-2.5895325980415276,54.780487,-2.3836036
264954,Lamine Ba,Left Center Back,Mauritania,African Cup of Nations,2,-3.191643191300413,0.8745248397908447,-51.520412,-3.0963001
264956,Ibrahima Keita,Right Back,Mauritania,African Cup of Nations,1,0.762210460246413,0.754519697268419,6.0501995,-0.55993253
341163,Omaré Gassama,Right Defensive Midfield,Mauritania,African Cup of Nations,1,1.407212547100356,-0.20439322595485115,9.632314,-6.5106435
389292,Khadim Diaw,0,Mauritania,African Cup of Nations,2,-2.7227372647418546,-0.2773906308748716,-3.7327206,-18.790829
389294,Nouh Mohamed El Abd,Right Center Back,Mauritania,African Cup of Nations,0,-3.0028751475366207,0.9265972972731188,-51.926666,6.176537
416907,Sidi Bouna Sidi Amar,Right Midfield,Mauritania,African Cup of Nations,4,1.5770344209867544,-3.146399432542064,18.72119,-35.576675
50442,Hamza Rafia,0,Tunisia,African Cup of Nations,2,-0.5113297418018737,-1.5172272195652263,1.1029923,-27.19222
51571,Haythem Jouini,Center Forward,Tunisia,African Cup of Nations,2,-1.7967482376070842,-2.021248565085753,-18.225084,-33.086708
132461,Mohamed Elias Achouri,Right Wing,Tunisia,African Cup of Nations,1,-0.07461527256742123,-0.57060124677768,17.267275,-8.42585
4218,Ryan Nyambe,Right Back,Namibia,African Cup of Nations,1,-0.2939146099355669,-0.4772061641075895,1.5631826,-2.394152
64612,Deon Hotto Kavendji,Left Midfield,Namibia,African Cup of Nations,2,-0.5743320259467439,-0.9918361698816528,2.8449717,-23.436087
65555,Riaan Hanamub,Left Back,Namibia,African Cup of Nations,2,-0.5925421242288624,1.1662096645121098,-12.585144,14.983847
65723,Peter Shalulile,Center Forward,Namibia,African Cup of Nations,6,-1.5395112188009212,-3.0726170091724225,-18.233452,-39.404766
103799,Ivan Kamberipa,0,Namibia,African Cup of Nations,2,-1.3045161347181011,0.8373814818634465,-34.293972,4.1521454
103803,Prins Menelik Tjiueza,Left Center Midfield,Namibia,African Cup of Nations,6,-0.9434237864525752,-2.492699468904414,-15.837399,-45.664665
103804,Absalom Iimbondi,Right Midfield,Namibia,African Cup of Nations,2,-1.4801334510894064,-0.7108074774502928,-36.84982,-16.051409
125324,Lloyd Junior Kazapua,Goalkeeper,Namibia,African Cup of Nations,0,-4.571135838486426,0.4245881505110199,-77.35048,-10.799655
125333,Petrus Shitembi,Right Center Midfield,Namibia,African Cup of Nations,5,4.722181360504179,0.5560192664494532,51.09243,7.586674
135004,Lubeni Haukongo,Left Center Back,Namibia,African Cup of Nations,2,-2.238455474927176,0.6946248101256416,-33.677414,8.289727
136406,Aprocious Petrus,Center Defensive Midfield,Namibia,African Cup of Nations,2,-1.9766681891894635,0.36070810777524215,-32.432785,3.057431
264381,Kennedy Amutenya,Right Center Back,Namibia,African Cup of Nations,2,-2.057316378679925,0.21284811712587462,-27.75902,26.407883
389316,Ngero Kaanjuka Katua,Left Defensive Midfield,Namibia,African Cup of Nations,2,-1.7670370311627557,-0.25387793120107316,-30.06041,2.0634842
389319,Bethuel Muzeu,Center Attacking Midfield,Namibia,African Cup of Nations,6,0.9821122948296551,-2.7784826386554915,20.109158,-26.167929
39174,Ismael Saibari,0,Morocco,African Cup of Nations,5,3.3885548978432665,0.48749370734092773,55.0488,3.9488204
143165,Mohamed Chibi,Left Back,Morocco,African Cup of Nations,0,-3.0712864010753806,1.8446459471579408,-49.898407,8.912728
16548,Mbwana Ally Samatta,Right Wing,Tanzania,African Cup of Nations,2,-1.7515534191624444,-0.22286711972321713,-6.828494,-18.448664
51494,Haji Mnoga,Right Back,Tanzania,African Cup of Nations,2,-0.9863712985273265,1.1776891362201407,-6.6514845,6.470558
80307,Charles M'Mombwa,Center Forward,Tanzania,African Cup of Nations,1,-1.3138692339797566,-0.024685437771265972,22.345098,-1.2445437
86067,Himid Mao Mkami,Center Defensive Midfield,Tanzania,African Cup of Nations,7,-0.11543102775094975,3.0939069471136476,-17.784372,55.268696
103262,Aishi Manula,Goalkeeper,Tanzania,African Cup of Nations,0,-3.9027704394511513,1.5403128223343219,-72.34591,8.965558
103268,Faisal Salum Abdalla,Right Defensive Midfield,Tanzania,African Cup of Nations,7,1.514035237627975,2.5978777325624423,13.766995,53.167084
103269,Bakari Nondo Mwamnyeto,Right Center Back,Tanzania,African Cup of Nations,7,-0.5916010022948341,3.1457445794928107,-4.303263,54.245567
103270,Simon Happygod Msuva,Center Forward,Tanzania,African Cup of Nations,6,-1.6454618064847535,-1.993045704168601,-9.751813,-48.21093
105766,Mohamed Hussein Mohamed,Left Back,Tanzania,African Cup of Nations,7,0.5956538863520865,3.454720487321036,3.5737813,49.75638
136055,Novatus Dismas Miroshi,Left Center Midfield,Tanzania,African Cup of Nations,1,0.4001844087384132,0.8257428068177344,-4.3406954,23.750252
136596,Lusajo Mwaikenda,0,Tanzania,African Cup of Nations,7,-1.4680537554345083,3.415567828785898,-6.6878133,66.84056
389092,Ibrahim Abdallah Hamad,Left Center Back,Tanzania,African Cup of Nations,7,0.028327313889168173,3.806660922476957,-17.573107,57.454376
3587,Arthur Masuaku,Left Back,Congo DR,African Cup of Nations,7,3.0306568133318925,1.6939167601739633,33.63439,47.220345
4753,Aaron Tshibola,0,Congo DR,African Cup of Nations,3,1.2296728403130737,-0.4106636822200487,30.885204,-58.811375
4939,Joris Kayembe Ditu,0,Congo DR,African Cup of Nations,3,3.005424770528293,-2.4982099434939,28.843569,-60.29884
7294,Yoane Wissa,Left Wing,Congo DR,African Cup of Nations,3,-0.9502778667290209,-4.380591026216928,5.985261,-58.76355
24826,Simon Bokote Banza,Center Forward,Congo DR,African Cup of Nations,6,-1.0736148593934556,-5.397833947845249,-8.18152,-54.55863
28415,Charles Pickel,Right Defensive Midfield,Congo DR,African Cup of Nations,2,-2.5791875689816233,1.0506750806606704,-53.60653,7.248587
35413,Lionel Mpasi-Nzau,Goalkeeper,Congo DR,African Cup of Nations,0,-3.5692795999615643,-0.009785491028147063,-38.977116,37.452972
35684,Meschak Elia,Right Wing,Congo DR,African Cup of Nations,4,0.9573058788893206,-3.206342058503311,13.629748,-35.223953
105946,Henoc Inonga Baka,Left Center Back,Congo DR,African Cup of Nations,7,-0.2778152638619635,1.9066214830188244,-36.85282,19.735397
297356,Brian Jephte Bayeye,0,Congo DR,African Cup of Nations,1,0.5650088526481477,2.4000958685727865,21.79406,6.2500873
389291,Fiston Kalala Mayele,0,Congo DR,African Cup of Nations,6,-1.1529067332577079,-4.336797829773082,-7.7794724,-54.17436
8785,Patson Daka,Center Forward,Zambia,African Cup of Nations,6,0.35029586521608386,-3.2004992048743235,8.233274,-48.154793
23260,Emmanuel Justine Rabby Banda,Left Center Midfield,Zambia,African Cup of Nations,2,-1.155504925949938,1.2250717868752412,-55.127106,12.495662
23420,Lubambo Musonda,Right Midfield,Zambia,African Cup of Nations,2,-2.3179775902400204,0.843095654145638,-25.512966,-7.832759
23708,Fashion Sakala,Left Midfield,Zambia,African Cup of Nations,6,-1.6566269678125694,-1.6457436032220016,-24.36341,-33.892097
44402,Kings Kangwa,Center Attacking Midfield,Zambia,African Cup of Nations,1,-0.1992626980698849,0.37998298198769664,15.239769,13.055194
44751,Lameck Banda,Left Wing,Zambia,African Cup of Nations,5,3.811692175751963,-1.475225166419162,53.0737,-6.0732374
47979,Frankie Musonda,Left Center Back,Zambia,African Cup of Nations,7,-1.5635483075397518,3.448842872789435,-6.2097297,68.20862
68505,Roderick Kabwe,Left Back,Zambia,African Cup of Nations,0,-1.9487414602908473,0.9060647702195518,-28.655554,2.2031844
108291,Tandi Mwape,Right Back,Zambia,African Cup of Nations,0,-4.033015320610665,0.5032489174265131,-74.227486,-6.1303353
151066,Kelvin Kapumbu,Center Defensive Midfield,Zambia,African Cup of Nations,2,-2.021999628929396,2.488561642544302,-47.96269,16.813345
160904,Miguel Changa Chaiwa,0,Zambia,African Cup of Nations,5,3.824450159659972,2.0071524149998488,53.861557,6.9931884
389156,Tresford Lawrence Mulenga,Goalkeeper,Zambia,African Cup of Nations,0,-4.054556348279944,1.4235072717947783,-70.36429,8.073782
127300,Geny Cipriano Catamo,Right Attacking Midfield,Mozambique,African Cup of Nations,5,3.5566383918334465,-2.385852356292662,59.460224,-17.329199
4471,Ablie Jallow,Center Attacking Midfield,Gambia,African Cup of Nations,4,0.9141889538016483,-2.8215305353191664,15.405729,-35.17905
141358,Mohamed El Amine Amoura,Center Attacking Midfield,Algeria,African Cup of Nations,2,-1.5064887087164747,-1.3080649727955442,-18.928207,-27.306856
45064,Pape Ibnou Bâ,Center Forward,Mauritania,African Cup of Nations,6,0.17179419313183134,-5.92835519088702,-7.719746,-63.545116
136115,El Hacen Houeibib,0,Mauritania,African Cup of Nations,5,3.7877449155449683,1.0089552773586754,59.99201,8.170785
146933,Bodda Mouhsine,Left Center Midfield,Mauritania,African Cup of Nations,2,-0.41982175675711436,-0.6819066878471836,-5.1608696,-6.729986
24105,Dylan Batubinsika,Left Center Back,Congo DR,African Cup of Nations,7,-1.4181929445293995,3.2075773330071895,-14.179887,44.036606
105769,Mzamiru Yassin,Left Defensive Midfield,Tanzania,African Cup of Nations,2,-2.2013909950294615,2.511800463948286,-49.87655,14.446514
105392,Simon Adingra,Left Wing Back,Côte d'Ivoire,African Cup of Nations,4,3.1309462899231892,-3.6634546317814336,51.218994,-22.56146
22308,Anthony Ralston,Right Wing Back,Scotland,UEFA Euro,2,-2.835024560865629,0.2850946325779581,-49.49293,3.1959121
22379,Angus Gunn,Goalkeeper,Scotland,UEFA Euro,0,-4.22396868672277,0.8822518679274716,-83.74288,-1.9134825
12921,Barnabás Varga,Center Forward,Hungary,UEFA Euro,6,-2.482951533244825,-3.857705695406707,-11.459319,-50.068233
21209,Dominik Szoboszlai,Left Attacking Midfield,Hungary,UEFA Euro,4,-0.2715433321007394,-0.41117477016338105,30.406342,-29.91764
40920,Márton Dárdai,Left Center Back,Hungary,UEFA Euro,2,-1.6496240946593783,1.8935838656232933,-43.83905,12.218074
89635,Milos Kerkez,Left Wing Back,Hungary,UEFA Euro,1,-0.5039640416393437,0.33614325731110345,7.9007964,1.8625134
45190,Dan Ndoye,Right Attacking Midfield,Switzerland,UEFA Euro,4,1.2480793132576495,-3.0880329215447175,16.425957,-42.330566
49007,Kwadwo Duah,Center Forward,Switzerland,UEFA Euro,3,2.244244396640224,-5.965179327654277,10.102646,-51.253223
316046,Lamine Yamal Nasraoui Ebana,Right Wing,Spain,UEFA Euro,4,2.550389353256332,-2.5888904433421605,31.230417,-38.498684
8773,Marin Pongracic,Left Center Back,Croatia,UEFA Euro,7,0.422806446720467,3.050074889778425,-1.2145144,52.73654
3378,Iván Balliu Campeny,0,Albania,UEFA Euro,0,-2.8080666475321636,1.596591987445066,-55.78889,7.500296
7531,Qazim Laçi,Right Wing,Albania,UEFA Euro,1,0.02436262342821342,-1.4097424101336458,6.282181,-26.75817
7789,Thomas Strakosha,Goalkeeper,Albania,UEFA Euro,0,-4.3832688689994095,0.7204734525473314,-76.431915,-1.7371811
24438,Ylber Ramadani,Right Defensive Midfield,Albania,UEFA Euro,1,2.248857704685332,2.0133208295514873,54.054672,4.1411295
29531,Taulant Sulejmanov,Left Wing,Albania,UEFA Euro,5,2.7251453954029223,-0.3659129864524001,55.30063,-0.65542835
32030,Nedim Bajrami,Center Attacking Midfield,Albania,UEFA Euro,2,-2.1281680066263466,-0.6973320584501287,-11.370131,-20.852194
36885,Armando Broja,Center Forward,Albania,UEFA Euro,6,-2.596618475137369,-3.171646934551583,-27.799324,-40.703808
41186,Jasir Asani,Right Wing,Albania,UEFA Euro,1,-0.08822975245768465,-1.461160653312038,0.29229042,-16.491716
49097,Mario Mitaj,Left Back,Albania,UEFA Euro,7,1.3554303473809333,2.2679213406116325,3.7890618,23.392492
57303,Kristjan Asllani,Left Defensive Midfield,Albania,UEFA Euro,7,2.6454507089850012,1.7603185084158606,14.827426,48.799362
7004,Gianluca Mancini,0,Italy,UEFA Euro,7,-1.5302371089651143,3.898039471637379,-7.238813,67.919754
10992,Gianluca Scamacca,Center Forward,Italy,UEFA Euro,0,-2.9374693823252427,-2.1371799037354835,-8.189832,-29.166584
30926,Davide Frattesi,Right Center Midfield,Italy,UEFA Euro,2,-1.8875274081526787,-1.2069301028499215,-19.661102,-26.15498
31093,Mateo Retegui,Center Forward,Italy,UEFA Euro,6,-3.214820560735054,-3.1425829072632108,-27.307722,-39.2818
38909,Nicolò Fagioli,0,Italy,UEFA Euro,7,1.9452680549515444,5.2089901106819605,6.5311646,69.14262
41768,Riccardo Calafiori,Left Center Back,Italy,UEFA Euro,7,1.522108576287211,4.377601415599459,-0.21759732,70.31452
8621,Morten Hjulmand,Right Defensive Midfield,Denmark,UEFA Euro,7,1.1584396444451577,2.4345799653132643,12.019711,63.458195
51672,Rasmus Winther Højlund,Left Center Forward,Denmark,UEFA Euro,6,-2.077614870163488,-3.08455655568095,-27.77635,-42.368256
60343,Victor Bernth Kristansen,Left Wing Back,Denmark,UEFA Euro,1,2.7179044927550553,0.9433523036068728,50.429413,-17.994406
15896,Timi Elšnik,Left Defensive Midfield,Slovenia,UEFA Euro,1,0.44256525869910524,-0.36410761240620304,10.856934,-7.6445436
16047,Jaka Bijol,Left Center Back,Slovenia,UEFA Euro,2,-0.2276301794955572,0.9692476056221098,-3.9243941,16.099113
16528,Petar Stojanović,Right Midfield,Slovenia,UEFA Euro,2,-1.0976448515046184,-0.03139098340835141,8.143365,-14.158361
28211,Erik Janža,Left Back,Slovenia,UEFA Euro,2,-1.1643780220833162,0.0805569013763476,14.962275,13.411313
30940,Jure Balkovec,0,Slovenia,UEFA Euro,2,0.13745453498854046,-1.5098888821700225,-7.8049226,-11.284929
31089,Jan Mlakar,Left Midfield,Slovenia,UEFA Euro,6,-2.184364901532747,-1.5459606444308858,6.8679276,-18.696892
31866,Andraž Šporar,Right Center Forward,Slovenia,UEFA Euro,6,-2.9720946418379857,-3.0552385905770945,-27.11286,-40.187916
31968,Adam Gnezda Čerin,Right Defensive Midfield,Slovenia,UEFA Euro,2,0.17818277280680833,0.631707058257243,17.654556,22.714134
137487,Žan Karničnik,Right Back,Slovenia,UEFA Euro,1,2.6882375261977773,0.6873051725829945,41.630043,16.725597
205932,Vanja Drkušić,Right Center Back,Slovenia,UEFA Euro,2,-2.0171897894164084,0.2402257469275399,-42.49632,-10.014238
34526,Marc Guehi,Left Center Back,England,UEFA Euro,7,0.5768762112449543,4.185199313114044,-0.6013516,69.6337
39461,Cole Palmer,0,England,UEFA Euro,3,4.422613546494367,-4.9629676762538635,19.443262,-70.08316
99174,Kobbie Mainoo,Left Center Midfield,England,UEFA Euro,7,1.1707887777315011,2.039346586301001,40.03913,27.992716
8950,Orel Mangala,Right Defensive Midfield,Belgium,UEFA Euro,7,0.5091704255809405,2.914505547040719,3.6201713,27.908043
28032,Ivan Schranz,Right Wing,Slovakia,UEFA Euro,3,-0.7714151679929555,-2.6988663486727504,6.0039916,-55.694317
43976,David Strelec,Center Forward,Slovakia,UEFA Euro,6,-1.57968111007141,-3.355895204697004,-7.6372747,-27.98753
9731,Patrick Pentz,Goalkeeper,Austria,UEFA Euro,0,-3.6377328310778134,1.7234190725365446,-74.22833,10.340001
39545,Alexander Prass,Left Back,Austria,UEFA Euro,1,0.5304070775204043,1.946294950416363,17.296753,17.20677
23256,Pedro Lomba Neto,Left Wing Back,Portugal,UEFA Euro,5,6.993585544770625,1.4137220462841291,51.065548,-14.578226
39624,Francisco Fernandes Conceição,Right Defensive Midfield,Portugal,UEFA Euro,7,5.076413510954584,-0.38105200987927784,41.48021,-42.821507
42106,Gonçalo Bernardo Inácio,Right Wing Back,Portugal,UEFA Euro,7,6.37347722901373,6.067847202260234,10.098994,71.20991
28034,Lukáš Provod,Right Center Midfield,Czech Republic,UEFA Euro,2,-0.03623474146433397,-0.1915847975467267,3.9430532,-26.233755
28272,Ladislav Krejčí,Left Center Back,Czech Republic,UEFA Euro,1,0.9755901937128267,1.7245617995526166,-7.9835725,32.27865
29484,Jan Kuchta,Left Center Forward,Czech Republic,UEFA Euro,6,-0.46977915876520354,-2.3079754841448357,12.089314,-23.499971
32985,Mojmír Chytil,Center Forward,Czech Republic,UEFA Euro,6,-3.536056200461522,-3.0582689645195114,-21.080984,-46.53411
35441,David Doudera,Left Wing Back,Czech Republic,UEFA Euro,2,-2.3993604103528847,0.054006243336893786,-21.030195,-8.169039
81330,Robin Hranáč,Center Back,Czech Republic,UEFA Euro,0,-3.3097039875472483,0.7639298308062062,-56.67985,4.936395
15503,Jerdy Schouten,Right Defensive Midfield,Netherlands,UEFA Euro,7,0.9295857914106236,3.2030019284236935,4.818744,53.732574
21582,Tijjani Reijnders,Left Defensive Midfield,Netherlands,UEFA Euro,7,-1.0651872855692268,1.8008559219642457,-9.75578,46.87946
21633,Joey Veerman,Center Defensive Midfield,Netherlands,UEFA Euro,7,-0.053637823717269245,3.505675923834279,-4.3799367,56.470497
22352,Lutsharel Geertruida,Right Back,Netherlands,UEFA Euro,7,0.15654452197118243,3.984212004674259,-2.814143,68.04173
37274,Bart Verbruggen,Goalkeeper,Netherlands,UEFA Euro,0,-3.728618003016,1.6942337482906642,-73.09946,10.3324
30438,Ferdi Erenay Kadıoğlu,Left Back,Turkey,UEFA Euro,7,0.8421187652503412,2.130858392439664,4.745921,43.469387
48383,Abdülkerim Bardakcı,Left Center Back,Turkey,UEFA Euro,7,-1.2788148439621925,2.4297837635440955,-45.35199,17.053158
78241,İsmail Yüksek,Right Defensive Midfield,Turkey,UEFA Euro,7,1.6185881465616057,2.410528726983715,34.193222,55.763252
116587,Arda Güler,Center Attacking Midfield,Turkey,UEFA Euro,4,3.907563680951207,-0.5902925103009842,52.03866,-18.74553
133305,Samet Akaydin,Right Center Back,Turkey,UEFA Euro,7,-0.6320363057609054,2.0915063338465982,-39.608826,17.026255
134209,Barış Alper Yılmaz,Center Forward,Turkey,UEFA Euro,6,-1.1923700822097616,-1.597161560114047,-22.388979,-27.05884
151813,Kenan Yildiz,Left Wing,Turkey,UEFA Euro,4,-0.943385662280907,-1.69164336788563,-16.325024,-29.150229
10916,Nicolae Claudiu Stanciu,Left Center Midfield,Romania,UEFA Euro,2,-2.3086231731787636,-0.703363766018472,-11.41087,-20.84253
16344,Răzvan Gabriel Marin,Right Center Midfield,Romania,UEFA Euro,2,-0.9155192302759937,-1.6331422921942036,0.25710842,-43.981625
28242,Florin Constantin Niţă,Goalkeeper,Romania,UEFA Euro,0,-4.277047791132206,0.8724651118577577,-82.88393,-2.2860353
28565,Ianis Hagi,Left Midfield,Romania,UEFA Euro,2,-0.8822785475140874,-0.6362221338169668,4.170576,-12.697024
30913,Marius Mihai Marin,Center Defensive Midfield,Romania,UEFA Euro,2,-1.0362314872825698,0.7053507076657726,-7.0727262,-2.024264
31193,Denis Mihai Drăguş,Center Forward,Romania,UEFA Euro,6,-0.4836874990792069,-3.8749386784137627,-2.6072373,-51.627773
31908,Andrei Burcă Andonie,Left Center Back,Romania,UEFA Euro,2,-1.8333833080856772,0.8493500312122236,-34.517693,8.639571
34599,Florinel Teodor Coman,0,Romania,UEFA Euro,1,0.34456850798028466,-1.0889986240044127,19.985327,-13.496055
34600,Nicușor Silviu Bancu,Left Back,Romania,UEFA Euro,2,-1.666585092377353,1.6375982792353678,-25.464201,35.110558
39615,Radu Drăgușin,Right Center Back,Romania,UEFA Euro,2,-2.5046306862400236,0.5772952673614179,-27.927786,25.750341
56905,Dennis Man,Right Midfield,Romania,UEFA Euro,6,-1.0771124730056425,-2.9252611846664682,-7.1122603,-25.986935
72512,Valentin Mihai Mihăilă,Left Midfield,Romania,UEFA Euro,1,0.16563316011901713,-0.7834520611723423,15.273179,2.7638998
7663,Adam Buksa,Right Center Forward,Poland,UEFA Euro,6,-2.869346699773504,-3.478034960294213,-9.07642,-48.09593
15859,Bartosz Slisz,Center Defensive Midfield,Poland,UEFA Euro,2,-2.2878100207627745,1.4762624925740795,-52.854828,7.7365828
33680,Kacper Urbanski,Left Center Forward,Poland,UEFA Euro,5,3.06538738963256,-0.9035013236206048,36.81643,-9.557879
39483,Mykhailo Mudryk,Left Wing,Ukraine,UEFA Euro,4,0.6009490635274107,-2.6561991437754235,16.199776,-40.890938
144127,Volodymyr Brazhko,Right Defensive Midfield,Ukraine,UEFA Euro,2,0.9415723058145726,1.2051407435640002,-3.7678893,20.54726
7655,Lasha Dvali,Left Center Back,Georgia,UEFA Euro,2,-2.5804127285989598,1.0605529367509157,-49.60015,4.8944774
7839,Guram Kashia,Center Back,Georgia,UEFA Euro,2,-1.5487548505890478,0.9694983929469861,-32.52979,7.8706903
11335,Otar Kiteishvili,0,Georgia,UEFA Euro,1,1.1199092501745218,1.3457332749321054,26.866894,15.232464
16005,Solomon Kverkvelia,Right Center Back,Georgia,UEFA Euro,2,-1.5741697972817377,1.1893812776973223,-31.816887,8.117429
22242,Heorhii Tsitaishvili,Left Wing Back,Georgia,UEFA Euro,2,-1.5595423778260387,-0.8833803565403684,-28.465548,-14.348787
23646,Giorgi Chakvetadze,Right Center Midfield,Georgia,UEFA Euro,5,2.2688459095138924,0.8424696288926381,48.621784,11.722619
25036,Otar Kakabadze,Right Wing Back,Georgia,UEFA Euro,1,1.2348496732532381,0.9854426700868213,27.662355,4.627875
33234,Georges Mikautadze,Right Center Forward,Georgia,UEFA Euro,3,-0.42714451996189534,-5.127595738230763,0.9392138,-60.730923
38229,Khvicha Kvaratskhelia,Left Center Forward,Georgia,UEFA Euro,4,1.495384039222555,-2.7718321426839427,25.287323,-41.28235
44183,Zuriko Davitashvili,Right Wing,Georgia,UEFA Euro,5,2.429209860490105,0.04286894668296797,32.73317,5.1437073
48178,Luka Lochoshvili,Left Wing Back,Georgia,UEFA Euro,2,-3.1927565498706385,0.04726542529611656,-49.131405,-4.2535367
102371,Giorgi Mamardashvili,Goalkeeper,Georgia,UEFA Euro,0,-4.729236692133162,0.24910935706033724,-76.85531,-16.731379
264017,Anzor Mekvabishvili,Center Defensive Midfield,Georgia,UEFA Euro,2,-1.2105342594985873,1.1644304103667689,-42.796165,10.140541
398886,Giorgi Gvelesiani,0,Georgia,UEFA Euro,0,-2.280641355399588,0.2778755100364961,-28.687582,0.7748067
20687,Nicolás Iván González,0,Argentina,Copa America,5,3.8893027128064777,-1.0001370652969626,53.551914,0.16479482
18639,Mathieu Choiniere,0,Canada,Copa America,3,3.2319396891682657,-0.4857847233680887,32.113674,-58.516323
224603,Tanitoluwa Oluwaseyi,0,Canada,Copa America,3,1.7161488087342935,-6.95552608994685,10.513113,-70.207054
224628,Ali Ahmed,0,Canada,Copa America,2,-0.2945069667535137,0.1319732935394734,-18.17967,-17.529415
383250,Moise Bombito,Right Center Back,Canada,Copa America,7,0.5173746839325195,0.7446712106856865,-13.182689,37.862514
28648,Gabriel Arias Arroyo,0,Chile,Copa America,0,-3.720066189478498,1.5336829568890984,-82.41212,5.3669233
30944,Víctor Alejandro Dávila Zavala,Right Wing,Chile,Copa America,2,-2.611462910453846,-1.368896825620386,-26.684479,-33.324406
31012,Paulo César Díaz Huincales,Left Center Back,Chile,Copa America,7,1.2859064119354588,3.86662637124099,6.77371,56.93989
35738,Rodrigo Eduardo Echeverría Sáez,Right Defensive Midfield,Chile,Copa America,2,-0.33235431596418047,-0.8249896442918275,-6.063189,-31.631313
35939,Marcos Nikolas Bolados Hidalgo,Left Wing,Chile,Copa America,5,2.476463526791517,-1.743095840312584,45.57478,0.8704573
36532,Marcelino Ignacio Nuñez Espinoza,Right Defensive Midfield,Chile,Copa America,4,2.4163026589866496,-2.1019362627253635,47.158722,-38.906662
204925,Darío Esteban Osorio Osorio,Left Wing,Chile,Copa America,1,-0.2852440064288829,-0.6416461269714054,10.545044,-14.167692
7143,Gianluca Lapadula Vargas,Right Center Forward,Peru,Copa America,6,-2.575109664610831,-4.147564894815618,-26.645185,-40.764484
10836,Sergio Fernando Peña Flores,Right Center Midfield,Peru,Copa America,1,2.4692173234197607,2.1222872167260443,44.427963,22.257751
15481,Alexander Martín Marquinho Callens Asín,Left Center Back,Peru,Copa America,2,-2.3824213864718975,0.466947231992068,-19.670872,-10.900428
23749,Marcos Johan López Lanfranco,Left Wing Back,Peru,Copa America,1,0.22800388306468258,0.22636953270003715,10.971411,-0.4180406
101509,Piero Aldair Quispe Córdova,Left Center Midfield,Peru,Copa America,5,6.5746936839650365,-0.16738613015232584,59.04017,5.644638
111560,Brayan Roberto Reyna Casaverde,0,Peru,Copa America,0,-2.853214440121567,-1.1751555269263898,-23.208265,-24.10196
130731,Oliver Sonne,Right Wing Back,Peru,Copa America,2,-2.893536595976193,0.33352613235292855,-45.04742,-2.2632635
3159,Gregory Leigh,Left Wing Back,Jamaica,Copa America,2,-2.7285192249504675,0.980562755519839,-45.208622,-3.3395388
4610,Ethan Pinnock,Left Center Back,Jamaica,Copa America,7,-0.19003299798357376,1.9968294137074234,-5.637425,43.32667
9923,Bobby Armani De Cordova-Reid,Right Defensive Midfield,Jamaica,Copa America,1,0.8206409111841905,-0.20711734180400657,32.734055,-14.461617
16768,Michael Hector,Center Back,Jamaica,Copa America,7,-1.4821863116615668,2.471920110708197,-14.375218,44.21073
31455,Shamar Nicholson,Center Forward,Jamaica,Copa America,6,-2.638198405829767,-2.9834191574721807,-18.086475,-36.87845
32685,Joël Latibeaudiere,Center Back,Jamaica,Copa America,2,-2.571098029190496,1.7627279620288998,-51.343834,8.65248
33145,Di'Shon Bernard,Right Center Back,Jamaica,Copa America,0,-2.944836151697668,0.25719108635250204,-52.312572,2.3796382
49120,Damion Lowe,Right Defensive Midfield,Jamaica,Copa America,2,-1.413125193527484,0.13985410415659924,-41.011166,-9.515891
61204,Dexter Lembikisa,Right Wing Back,Jamaica,Copa America,5,3.4808344493140417,-0.8311648315262204,54.228252,-4.397619
110050,Jonathan Bell,0,Jamaica,Copa America,0,-3.2652278176681824,0.3912615574163553,-47.676792,-2.8479779
226523,Jahmali Waite,Goalkeeper,Jamaica,Copa America,0,-3.927725692778732,1.4136303541496742,-76.92734,6.7470107
31053,Santiago Tomás Giménez,Center Forward,Mexico,Copa America,6,-0.1397017088244013,-4.194755788694898,6.3861237,-46.546658
35375,Julián Andrés Quiñones Quiñones,Left Wing,Mexico,Copa America,4,0.2714537515583895,-1.403621173896654,18.253304,-31.63507
36949,Julio José González Vela-Alvizu,Goalkeeper,Mexico,Copa America,0,-3.7645717308487088,1.6718960983698472,-72.54257,10.349869
10337,Yordan Hernando Osorio Paredes,Left Center Back,Venezuela,Copa America,7,0.865148207482411,2.1232672513302524,-16.122765,55.465836
13493,Cristian Sleiker Cásseres Yepes,Center Attacking Midfield,Venezuela,Copa America,5,3.842811282990241,0.6433453545853153,54.937603,4.0424066
24168,Alexander David González Sibulo,Right Back,Venezuela,Copa America,7,1.4980635093946661,2.1760434895288037,32.509636,53.174065
25115,Yeferson Julio Soteldo Martínez,Left Midfield,Venezuela,Copa America,2,-1.7127850520607235,-0.616858906862978,-19.70169,-25.668386
35785,Eduard Alexander Bello Gil,Center Attacking Midfield,Venezuela,Copa America,6,-1.9154309168284556,-2.478455918755225,-0.98199874,-44.7812
36520,Miguel Ángel Navarro Zárate,Left Back,Venezuela,Copa America,2,-0.7678218112485335,2.0953235255267586,-19.242893,51.547802
36917,José Andrés Martínez Torres,Right Defensive Midfield,Venezuela,Copa America,5,3.383592417091216,1.2334027103768124,48.772156,12.119055
47822,Wilker José Ángel Romero,0,Venezuela,Copa America,2,-2.117632736468339,0.04731659996620659,-38.140392,-31.381401
49587,Nahuel Adolfo Ferraresi Hernández,Right Center Back,Venezuela,Copa America,7,0.2566438614475437,3.0208892147421498,-12.245934,41.008816
113450,Jon Mikel Aramburu Mejías,0,Venezuela,Copa America,5,4.052709950153975,1.5464300705792378,54.971916,15.684475
21131,John Yeboah Zamora,Right Wing,Ecuador,Copa America,3,0.2215804679111313,-6.757618993332186,16.589325,-61.561623
384888,Ray Kendry Páez Andrade,Right Wing,Ecuador,Copa America,3,0.23795130004075507,-3.5573443924192403,20.027964,-53.50171
35492,Maximiliano Javier Araújo Vilches,Left Wing,Uruguay,Copa America,6,-1.9076475137781768,-3.221239619189346,1.3750229,-54.76313
35690,Sebastián Enzo Cáceres Ramos,Left Center Back,Uruguay,Copa America,1,-0.12747383189714478,1.156619248381441,25.685614,7.0756845
16637,Christian Jesús Martinez,Right Defensive Midfield,Panama,Copa America,1,1.8130758649386292,1.2094994387814664,21.28064,36.718502
22256,Roderick Alonso Miller Molina,Left Center Back,Panama,Copa America,2,-1.113889570556227,1.3359122478889232,-23.041656,34.851643
34148,Carlos Miguel Harvey Cesneros,0,Panama,Copa America,7,3.8316026029739896,4.350148942393046,15.40571,59.190464
44305,César Rodolfo Blackman Camarena,0,Panama,Copa America,2,-1.1845973960158822,-1.1866852380714363,-1.9198476,-42.996063
47345,Adalberto Eliécer Carrasquilla Alcázar,Left Defensive Midfield,Panama,Copa America,7,0.13392544496803319,1.066343753419894,38.66564,-33.591225
50971,Eduardo Antonio Guerrero Lozcano,Center Forward,Panama,Copa America,3,-1.1937773030254288,-4.001741929172177,16.6587,-60.265068
91089,José Fajardo Nelson,Center Forward,Panama,Copa America,6,-1.9816639794275075,-3.3651447821361713,1.8823639,-56.235004
104179,Orlando Mosquera,Goalkeeper,Panama,Copa America,0,-4.252756602166184,0.8412735423439058,-75.84794,-0.3043642
223971,José Ángel Córdoba Chambers,Center Back,Panama,Copa America,7,-0.9524946284437955,2.72803445249684,-19.042444,56.717926
260212,Edgardo Isaac Fariña Wynter,Right Center Back,Panama,Copa America,7,0.44836339489139854,1.916513034534193,-9.779806,31.613575
363986,Jovani Francisco Welch Lopez,Right Defensive Midfield,Panama,Copa America,1,1.6082298216844526,0.7567989503257809,21.70252,16.030111
26151,Ricardo Daniel Pepi,Center Forward,United States,Copa America,3,2.9663221758624037,-9.876078911160077,13.628996,-69.4524
41266,Chris Richards,Right Center Back,United States,Copa America,2,-1.6389367231696388,2.1172589339394823,-47.75963,13.215999
21315,Bruno Miranda Villagomez,Left Center Forward,Bolivia,Copa America,3,-2.505341054185239,-3.3772026097753374,3.4927177,-60.550316
28949,Boris Cespedes,0,Bolivia,Copa America,2,-1.6725685699402244,2.789368884913555,-49.148888,15.889083
37070,Luis Fernando Haquín Lopez,Center Back,Bolivia,Copa America,2,-1.9520425329027382,2.287839678030564,-48.13872,13.187596
47055,Roberto Carlos Fernández Toro,Left Wing Back,Bolivia,Copa America,1,0.6462558580340159,0.3820608160025853,11.080956,-0.47680086
47057,Guillermo Viscarra Bruckner,Goalkeeper,Bolivia,Copa America,0,-4.843469837353158,0.0935166638900723,-71.9643,-12.471664
113715,Fernando Javier Saucedo Pereyra,Right Center Midfield,Bolivia,Copa America,2,-1.9609956834517888,-0.2208390158474956,-14.364204,-27.278856
113717,Carmelo Algarañaz Añez,Center Forward,Bolivia,Copa America,6,-1.6278533368452985,-2.437713455958836,-21.714819,-37.28704
113732,Gabriel Alejandro Villamíl Cortéz,Left Center Midfield,Bolivia,Copa America,2,0.38291016714084025,1.2595464218416317,-10.1226425,30.71897
113995,Ramiro Vaca Ponce,Center Attacking Midfield,Bolivia,Copa America,2,-2.194831135248663,0.4877290623224755,-5.67791,-18.648945
114003,José Manuel Sagredo Chávez,Left Center Back,Bolivia,Copa America,1,0.3272329356590014,1.8627823616703563,2.209204,28.37284
114004,Jesús Manuel Sagredo Chávez,Right Center Back,Bolivia,Copa America,0,-3.3519691754532306,0.0853199832940266,-48.09286,-6.4735026
223769,Marcelo Sebastián Suárez Justiniano,0,Bolivia,Copa America,1,2.3564486115346717,1.4146176879953811,38.857876,15.277751
336796,Miguel Ángel Terceros,Right Center Forward,Bolivia,Copa America,4,1.2562771805852975,-1.7637149280003257,27.955326,-24.377691
367353,Yomar Rene Rocha Rodriguez,0,Bolivia,Copa America,2,-2.4991106017374807,0.24827719919590915,-23.331936,-8.476635
398489,Héctor Manuel Cuellar Rosales,Right Wing Back,Bolivia,Copa America,7,0.6367598189943527,2.106833415496507,6.271238,32.005196
10290,Fabián Cornelio Balbuena González,Right Center Back,Paraguay,Copa America,2,-0.06156647030430344,1.0034211132320545,2.1194236,26.45549
12603,Miguel Ángel Almirón Rejala,Right Wing,Paraguay,Copa America,1,-0.6778476791310255,-0.30283429553811486,5.1983666,-8.541787
28657,Adrián Andrés Cubas,Center Defensive Midfield,Paraguay,Copa America,1,1.3044943473495585,2.8804768009087844,35.84023,25.660023
28943,Víctor Gustavo Velázquez Ramos,Right Back,Paraguay,Copa America,2,-0.6728884317333613,0.7911017319136159,0.33023813,9.502051
29009,Omar Federico Alderete Fernández,Left Center Back,Paraguay,Copa America,1,1.3753601281341203,0.9653222941546193,38.851162,21.868605
46677,Matías David Espinoza Acosta,Left Back,Paraguay,Copa America,1,-0.2748802575057235,0.6907136171487112,15.522967,5.819729
47112,Julio César Enciso Espínola,Left Wing,Paraguay,Copa America,4,4.62485734336138,-3.2149532540432104,59.38255,-20.385359
47186,Hernesto Ezequiel Caballero Benítez,Left Center Midfield,Paraguay,Copa America,7,-0.5224696205736904,2.490993292027254,-4.8830075,51.45285
62016,Rodrigo Mario Morínigo Acosta,Goalkeeper,Paraguay,Copa America,0,-4.560799308327409,0.4652292559482234,-68.99138,-2.2812204
87429,Mathías Adalberto Villasanti Rolón,Right Center Midfield,Paraguay,Copa America,2,0.1177381971458904,0.5069247191299966,-4.9711294,-15.17551
87449,Damián Josué Bobadilla Benítez,Left Center Midfield,Paraguay,Copa America,1,0.9556431477226887,0.32406536817327247,24.563831,29.72801
87603,Ramón Sosa Acosta,Left Wing,Paraguay,Copa America,4,-0.4669517131495563,-2.1288194273755043,27.773615,-49.396107
170230,Alex Adrián Arce Barrios,Center Forward,Paraguay,Copa America,6,-1.6597785388539348,-3.802485959324854,-17.02827,-53.488354
195989,Néstor Rafael Giménez Florentín,0,Paraguay,Copa America,7,-0.609939795289654,4.4481135394521365,-5.4096,65.81056
27158,Luis Fernando Díaz Marulanda,Left Center Forward,Colombia,Copa America,4,-0.03891765842313725,-2.9435717836978132,17.435513,-49.965603
27277,Jhon Adolfo Arias Andrade,Left Center Midfield,Colombia,Copa America,2,0.24300218724897135,1.140331080029272,17.397661,38.08851
27423,Daniel Muñoz Mejía,Right Back,Colombia,Copa America,2,-0.0012996217116043643,0.4017291056530722,-34.183113,17.333506
28567,Carlos Eccehomo Cuesta Figueroa,0,Colombia,Copa America,7,0.2877339845393807,2.6586291901570602,-16.825169,55.690945
49395,Richard Rios Montoya,Right Center Midfield,Colombia,Copa America,1,2.780950667109763,-0.41224319697187445,50.070656,-6.3885384
44455,Sávio Moreira de Oliveira,Right Wing,Brazil,Copa America,4,6.962828728983081,-4.045273946720632,45.83052,-45.111965
48720,João Victor Gomes da Silva,Left Defensive Midfield,Brazil,Copa America,7,2.105383509745057,2.429658211441221,23.221058,32.37344
271988,Endrick Felipe Moreira de Sousa,Left Wing,Brazil,Copa America,6,-0.96935472050836,-3.449583867007886,9.454091,-20.248682
13367,Joseph Martín Mora Cortéz,Left Wing Back,Costa Rica,Copa America,0,-2.8388409372907533,0.14337700036534534,-5.627351,-19.640514
19101,Ariel Lassiter,Left Wing Back,Costa Rica,Copa America,0,-3.746056047544928,0.2803661598310297,-57.0806,-4.7426157
36251,Manfred Ugalde,Left Center Forward,Costa Rica,Copa America,0,-4.164220119236838,-2.2183856915069633,-43.260082,-22.528585
130193,Jefferson Brenes Rojas,Center Defensive Midfield,Costa Rica,Copa America,1,1.4364874446211184,1.4266144489150945,46.0867,-13.198999
132257,Josimar Alcócer,0,Costa Rica,Copa America,6,-0.6773131952365393,-4.565566300881491,12.930533,-52.81198
132510,Haxzel Quirós Cruz,Right Wing Back,Costa Rica,Copa America,2,-1.2449662009601092,-0.01460713122002639,4.1212673,-8.331787
132516,Orlando Moisés Galo Calderón,Right Center Midfield,Costa Rica,Copa America,1,0.3223677603639311,-0.4794923213593458,18.722902,-6.419604
143385,Jeyland Yahir Mitchell Baltodano,Right Center Back,Costa Rica,Copa America,2,-1.2605738515824072,0.3766548249845938,-7.4473195,-0.9317937
154895,Warren Steven Madrigal Molina,Left Center Forward,Costa Rica,Copa America,6,-1.3417458922265502,-2.5690526067291786,-19.869099,-50.50854
193965,Gerald Taylor,Left Center Midfield,Costa Rica,Copa America,1,-0.19329854065513458,-0.741811005124354,29.450066,-2.9027977
10246,Sandra María Jessen,Center Forward,Iceland Women's,UEFA Women's Euro,6,-2.54888648254559,-2.257001276032407,-27.389666,-38.868988
32469,Hildur Antonsdóttir,Left Defensive Midfield,Iceland Women's,UEFA Women's Euro,2,-2.852655883632167,-0.043011387622518146,-44.92707,-9.322557
193268,Cecilía Rán Rúnarsdóttir,Goalkeeper,Iceland Women's,UEFA Women's Euro,0,-3.1819412943778795,2.3657660914289025,-77.989624,11.318332
402037,Sædís Rún Heiðarsdóttir,Left Back,Iceland Women's,UEFA Women's Euro,2,-0.1973788648228517,0.71731055765503,-4.60174,19.10339
224144,Eva Nyström,Left Center Back,WNT Finland,UEFA Women's Euro,7,0.6605719630462762,4.099269972529868,4.26866,65.37351
224828,Anna Koivunen,Goalkeeper,WNT Finland,UEFA Women's Euro,0,-4.282316446149664,0.9149941507223627,-70.926025,2.961934
224849,Saara Katariina Kosola,Left Center Midfield,WNT Finland,UEFA Women's Euro,4,0.6476592211586311,-2.5237201665025593,14.778574,-47.92007
362827,Oona Sevenius,Left Center Forward,WNT Finland,UEFA Women's Euro,6,-0.9559639220135783,-3.8260579213519903,-0.16412449,-57.09295
392291,Joanna Tynnilä,Left Back,WNT Finland,UEFA Women's Euro,7,0.15305353236948685,2.2302057968186197,-3.9808078,50.539146
392355,Oona Siren,Right Center Midfield,WNT Finland,UEFA Women's Euro,7,3.0948598472812505,1.989554790864005,37.936172,41.714455
24707,Emilie Marie Woldvik,0,Norway Women's,UEFA Women's Euro,2,-1.9387169604159913,1.5895670951536378,-42.549747,15.141795
386105,Lisa Fjeldstad Naalsund,Right Center Midfield,Norway Women's,UEFA Women's Euro,2,-0.15435622333509486,1.9501375942644996,-40.093307,5.7008996
416812,Signe Gaupset,0,Norway Women's,UEFA Women's Euro,3,2.7037784156948157,-3.0673599223436425,31.845001,-48.76717
407639,Smilla Vallotto,Left Center Midfield,Switzerland Women's,UEFA Women's Euro,2,-0.6370736936578079,0.6280772617088155,-14.03858,9.1461
431528,Leila Wandeler,0,Switzerland Women's,UEFA Women's Euro,4,-0.06928884248186308,-2.9209261632862975,-6.0719485,-25.99501
443269,Sydney Schertenleib,Right Center Forward,Switzerland Women's,UEFA Women's Euro,4,0.8493794347302541,-2.137569645761429,23.665384,-37.405518
460753,Iman Beney,Right Wing Back,Switzerland Women's,UEFA Women's Euro,1,-0.3481587317273178,-0.8963984352714747,4.6381154,-5.5204663
482017,Noemi Ivelj,Right Center Midfield,Switzerland Women's,UEFA Women's Euro,5,1.9924567719332018,-1.4572852930779352,25.178871,-6.8668137
325002,Jarne Teulings,Right Center Midfield,Belgium Women's,UEFA Women's Euro,2,-1.4692822365486218,0.508521596773557,-14.619125,-11.76733
402914,Mariam Abdulai Toloba,Left Center Midfield,Belgium Women's,UEFA Women's Euro,1,-0.24328953467053374,-1.311153873346154,11.081507,-11.829911
408990,Jill Janssens,Right Wing Back,Belgium Women's,UEFA Women's Euro,1,0.19151200261418694,0.1213956137988314,29.404222,-5.29821
46331,Elisabetta Oliviero,Right Wing Back,Italy Women's,UEFA Women's Euro,1,1.0863233141650752,-0.4302626256577964,14.7985735,-4.488465
45289,Jana Fernandez Velasco,Right Back,Spain Women's,UEFA Women's Euro,7,1.4925993789446375,5.3074582403057216,0.30549708,72.52548
50371,Adriana Nanclares Romero,Goalkeeper,Spain Women's,UEFA Women's Euro,0,-3.975863122925735,1.3287768299059013,-67.43902,8.343531
50375,María Méndez Fernández,Right Center Back,Spain Women's,UEFA Women's Euro,7,0.2710144573470514,5.356657676129616,-2.7909782,70.98139
135780,Victoria López,Right Center Midfield,Spain Women's,UEFA Women's Euro,4,7.77155610511966,-1.067480895717661,45.13146,-48.49292
46545,Carlotta Wamser,Right Back,Germany Women's,UEFA Women's Euro,7,1.5038309238399992,0.9497747210756271,46.96465,-21.589941
46546,Elisa Senß,Right Defensive Midfield,Germany Women's,UEFA Women's Euro,1,0.20894865372597782,0.7723047635687512,27.829638,17.512878
46880,Giovanna Hoffmann,Center Forward,Germany Women's,UEFA Women's Euro,6,-1.3245581133187898,-2.25619724619549,7.5598235,-20.704655
46881,Janina Minge,Right Center Back,Germany Women's,UEFA Women's Euro,7,1.3015619455383907,2.3966628987015928,-1.2923752,45.725925
46885,Rebecca Knaak,Left Center Back,Germany Women's,UEFA Women's Euro,7,1.1502012396430183,2.8185213068588406,1.3352474,67.91246
135326,Sarai Linder,Left Back,Germany Women's,UEFA Women's Euro,7,2.340864281833766,3.0986408438671744,45.44452,23.889776
218610,Franziska Kett,0,Germany Women's,UEFA Women's Euro,5,3.3444403102529905,1.0613406084320403,47.14463,9.028496
15214,Ewa Pajor,Center Forward,Poland Women's,UEFA Women's Euro,6,-0.052194945490214334,-4.698852147393584,-0.13430701,-50.631847
46873,Sylwia Matysik,Right Back,Poland Women's,UEFA Women's Euro,5,2.3826287490523677,0.9999084234154096,56.892246,13.750656
47011,Tanja Pawollek,Center Defensive Midfield,Poland Women's,UEFA Women's Euro,1,-0.7633455761256055,-0.18002884317795947,28.625477,-1.1380092
63420,Ewelina Kamczyk,Left Center Midfield,Poland Women's,UEFA Women's Euro,5,3.0246744877591962,-1.4732673350209102,40.648464,-13.130234
136945,Adriana Achcińska,Right Center Midfield,Poland Women's,UEFA Women's Euro,5,1.6301243716729767,0.6062333420679606,33.494217,3.0470371
143046,Natalia Padilla-Bidas,Left Midfield,Poland Women's,UEFA Women's Euro,3,-1.582456199200836,-3.9562588741216316,16.561136,-55.80392
316795,Kinga Szemik,Goalkeeper,Poland Women's,UEFA Women's Euro,0,-3.453565131375033,2.103423191422454,-78.43484,10.062801
324158,Martyna Wiankowska,Left Back,Poland Women's,UEFA Women's Euro,1,-0.6916417221640438,-0.5736082744585638,5.602358,-25.90281
338840,Oliwia Woś,Left Center Back,Poland Women's,UEFA Women's Euro,2,-1.4854271526710252,2.171171843341671,-15.557751,43.717907
443270,Emilia Urszula Szymczak,Right Center Back,Poland Women's,UEFA Women's Euro,2,-1.558411965382413,0.851686836033288,-34.617725,8.559427
443942,Wiktoria Zieniewicz,0,Poland Women's,UEFA Women's Euro,2,-2.544992654822419,1.8652796339853728,-51.123287,10.759812
482154,Paulina Tomasiak,Right Midfield,Poland Women's,UEFA Women's Euro,5,2.750945732697678,-0.9771287976046237,46.751774,1.7687476
182764,Hanna Lundkvist,Right Back,Sweden Women's,UEFA Women's Euro,1,1.8986737937201759,2.994371077163494,34.807755,24.73496
237526,Smilla Holmberg,Right Back,Sweden Women's,UEFA Women's Euro,3,1.3772828206791652,-2.1893663271129395,28.515633,-59.88703
142770,Emma Skou Færge,Right Center Back,Denmark Women's,UEFA Women's Euro,2,-0.4480001461242414,1.9751065614815346,-6.409688,21.88432
185543,Ffion Morgan,Left Wing,Wales,UEFA Women's Euro,2,-3.1861874287323224,-1.1570934490315747,-27.585888,-23.444864
192256,Safia Middleton-Patel,0,Wales,UEFA Women's Euro,0,-4.11349094155884,0.8268776040811106,-83.99606,-0.7294818
322359,Ceri Holland,Right Wing,Wales,UEFA Women's Euro,6,-0.6600552800801311,-2.386579397984424,4.746415,-18.593075
326619,Olivia Clarke,Goalkeeper,Wales,UEFA Women's Euro,0,-3.9900051156460905,1.3863659823189605,-71.94854,8.019033
482216,Kayleigh Anne Marie Barton,Center Forward,Wales,UEFA Women's Euro,6,1.3378600445024647,-2.2793680285480717,12.022786,-22.17369
63790,Chasity Grant,Right Wing,Netherlands Women's,UEFA Women's Euro,1,-0.7452905262783495,-1.0335235102093254,4.521769,-8.931601
402098,Veerle Buurman,Left Center Back,Netherlands Women's,UEFA Women's Euro,7,-0.8584099831656885,4.627874466438396,-3.8074865,68.46622
31633,Oriane Jean-François,Center Defensive Midfield,France Women's,UEFA Women's Euro,7,1.9441178302004136,-0.04620953421458153,44.453835,-24.834127
49583,Alice Sombath,Left Center Back,France Women's,UEFA Women's Euro,7,-0.7714528759874179,2.830486370101407,-7.967359,69.93436
97854,Melween Ndongala,Right Back,France Women's,UEFA Women's Euro,7,4.410468794886997,-0.662288709656245,33.35856,-58.67683
159488,Thiniba Samoura,0,France Women's,UEFA Women's Euro,7,-0.5025086104746443,3.220699646134894,-4.9038916,53.93955
